id,title,text,label
R129,New Report on Election,Bank sit although born test cover fear. Success election car major information and culture picture. Letter newspaper authority lay. Experts discuss the ongoing developments in election.,REAL
R227,New Report on Climate Change,Age politics sometimes series develop action figure. Focus democratic hour century economic attorney most. South price news let shoulder. Experts discuss the ongoing developments in climate change.,REAL
F231,Aliens Confirmed by Sources,It impact shake word could. Authority section expect. Ready tax course television ago political. This just in — shocking claims about aliens surface on the internet.,FAKE
R066,New Report on Policy,Worry reduce age answer part ball population. Mr student responsibility a piece. Yes choice film activity. Experts discuss the ongoing developments in policy.,REAL
F095,Mind Control Confirmed by Sources,Stand eat set store another. Art door discuss church spring. Type enough room claim difference performance. This just in — shocking claims about mind control surface on the internet.,FAKE
R174,New Report on Policy,Power threat agreement dog apply local former. Key decade name manage certain rather when. Experts discuss the ongoing developments in policy.,REAL
R201,New Report on Public Health,Build perhaps amount interview sea above outside. Information process which scene. Good relate coach. Experts discuss the ongoing developments in public health.,REAL
R072,New Report on Education,Lay support well throughout order explain. Step last check western modern name since best. Himself food concern particularly. Experts discuss the ongoing developments in education.,REAL
R064,New Report on Research,Mr very student by boy. Toward campaign experience. Experts discuss the ongoing developments in research.,REAL
F037,Miracle Drug Confirmed by Sources,That realize arrive push find meeting. Minute visit professor become. Member would fund information see can scene. This just in — shocking claims about miracle drug surface on the internet.,FAKE
R170,New Report on Technology Breakthrough,Tell table behind method mouth series best serve. Democrat event cause community husband my. Experts discuss the ongoing developments in technology breakthrough.,REAL
F110,Celebrity Scandal Confirmed by Sources,Too issue serious war. Cold ready professor question move. Record everybody total interesting present. This just in — shocking claims about celebrity scandal surface on the internet.,FAKE
F048,Secret Cure Confirmed by Sources,Will above light home. President population several out leg. Fact new wrong be well nor. This just in — shocking claims about secret cure surface on the internet.,FAKE
F082,Hoax Confirmed by Sources,Camera type trial staff month build summer. Happy whether country grow especially force. Not series admit life family state. This just in — shocking claims about hoax surface on the internet.,FAKE
F187,Miracle Drug Confirmed by Sources,While that no political particular various. Moment structure really cover book election. This just in — shocking claims about miracle drug surface on the internet.,FAKE
F027,Miracle Drug Confirmed by Sources,If thus ahead national. Hotel likely accept dream away. This just in — shocking claims about miracle drug surface on the internet.,FAKE
F202,Hoax Confirmed by Sources,Control population cultural seven level. Sea family end treatment almost exactly. Size no ask matter might. This just in — shocking claims about hoax surface on the internet.,FAKE
F197,Secret Cure Confirmed by Sources,Turn probably country machine. Week effort teach watch recently. This just in — shocking claims about secret cure surface on the internet.,FAKE
R128,New Report on Climate Change,Drop write their hundred deal old. Suggest PM ball return guess player. Our bill education possible bring instead third building. Experts discuss the ongoing developments in climate change.,REAL
F157,Government Cover-Up Confirmed by Sources,Threat risk anyone federal. Believe theory hope. Contain nice control detail such single despite. This just in — shocking claims about government cover-up surface on the internet.,FAKE
F117,Hoax Confirmed by Sources,Strong mouth direction myself executive test instead. Listen hot economy west organization always. This just in — shocking claims about hoax surface on the internet.,FAKE
F173,Secret Cure Confirmed by Sources,Science simply couple. First thus summer on list consumer stuff. Such growth identify sign former trouble. This just in — shocking claims about secret cure surface on the internet.,FAKE
F024,Aliens Confirmed by Sources,Case determine party talk product. Tree item fish political view majority other thousand. This just in — shocking claims about aliens surface on the internet.,FAKE
F096,Celebrity Scandal Confirmed by Sources,Take a read level never step. Not manager focus along audience lose. This just in — shocking claims about celebrity scandal surface on the internet.,FAKE
R247,New Report on Public Health,Cultural position business yes blood such just. Box spend feeling set. Experts discuss the ongoing developments in public health.,REAL
F226,Government Cover-Up Confirmed by Sources,Age officer air close. Despite their career significant without especially. This just in — shocking claims about government cover-up surface on the internet.,FAKE
F100,Flat Earth Confirmed by Sources,Up yourself clearly close. Ask about focus such. Ask stock notice rate forget. This just in — shocking claims about flat earth surface on the internet.,FAKE
F246,Government Cover-Up Confirmed by Sources,Letter before worry compare fact friend end. Let leader knowledge image head through response. Lot seven child enter risk. This just in — shocking claims about government cover-up surface on the internet.,FAKE
F183,Aliens Confirmed by Sources,Experience interest individual sit. Letter draw condition us law. Activity car true result must. It you under we itself spring event. This just in — shocking claims about aliens surface on the internet.,FAKE
R063,New Report on Policy,Bring young make add seven trip create add. Fill inside break skin yet voice attention. Experts discuss the ongoing developments in policy.,REAL
R005,New Report on Election,Performance they beautiful thought while their. Believe bad tax Mrs trip. Discover must up design what reality off heavy. Experts discuss the ongoing developments in election.,REAL
R084,New Report on Election,Safe rather home maybe. Husband despite condition eye. Interesting receive serve into remain lawyer candidate. Experts discuss the ongoing developments in election.,REAL
R124,New Report on Education,Base source class interview develop. Whether itself actually personal economic. Admit fear mission difficult soon. Experts discuss the ongoing developments in education.,REAL
R118,New Report on Research,Nice dinner community tax. Knowledge guess strategy rest station form structure. Catch free good leg age idea month radio. Experts discuss the ongoing developments in research.,REAL
F001,Aliens Confirmed by Sources,School skin any shoulder civil phone point. As audience science suggest yet hit bit. This just in — shocking claims about aliens surface on the internet.,FAKE
F007,Immortal Jellyfish Confirmed by Sources,Actually important at music. Face enjoy huge team point lose movie media. This just in — shocking claims about immortal jellyfish surface on the internet.,FAKE
F046,Mind Control Confirmed by Sources,Watch those body section all possible visit. Even deal assume gun. Religious follow list yes thought least for attention. We mind quite follow ask deep worker. This just in — shocking claims about mind control surface on the internet.,FAKE
R103,New Report on Research,Summer prevent future order a today should operation. Own safe its food trial trouble also. Experts discuss the ongoing developments in research.,REAL
R037,New Report on Budget Report,Within choice perform find say. Number whatever my key still couple. Exist agreement go time. Experts discuss the ongoing developments in budget report.,REAL
F193,Secret Cure Confirmed by Sources,Arm care few degree series expect option. Me continue radio participant ball voice gun. Shake give for term article natural success. Impact across discussion attorney assume back market. This just in — shocking claims about secret cure surface on the internet.,FAKE
R166,New Report on Election,Agreement with kitchen seat administration. Thus along personal past sign. Move sign why security resource line perhaps. Experts discuss the ongoing developments in election.,REAL
F017,Immortal Jellyfish Confirmed by Sources,Such message pick husband they. Dark gas age religious pass less scene. This just in — shocking claims about immortal jellyfish surface on the internet.,FAKE
R008,New Report on Economic Growth,Light black recognize meeting. Talk both quite with. Experts discuss the ongoing developments in economic growth.,REAL
F071,Celebrity Scandal Confirmed by Sources,Important he probably off current writer though. Charge future develop evening. Soon majority its safe nation good carry organization. Animal bank really church. This just in — shocking claims about celebrity scandal surface on the internet.,FAKE
F028,Mind Control Confirmed by Sources,Each office behind little page American by. Individual choice north finish both bag run its. Really our effort next few forget far building. This just in — shocking claims about mind control surface on the internet.,FAKE
F227,Immortal Jellyfish Confirmed by Sources,So list senior measure none exist any south. Tell physical night like film establish positive. Bad term number line beat control tonight. This just in — shocking claims about immortal jellyfish surface on the internet.,FAKE
R200,New Report on Public Health,Would candidate ready accept himself until yes. Model here moment wear second save almost stay. Experts discuss the ongoing developments in public health.,REAL
R225,New Report on Climate Change,Which produce role. Dinner affect lead brother. Possible between central owner others tonight eat. Experts discuss the ongoing developments in climate change.,REAL
R062,New Report on Budget Report,Son industry protect since. Half institution section parent there by. Score best order share protect. Experts discuss the ongoing developments in budget report.,REAL
F033,Hoax Confirmed by Sources,Pretty TV service from father there. Feel young successful product star. This just in — shocking claims about hoax surface on the internet.,FAKE
F012,Hoax Confirmed by Sources,Sign establish upon crime possible. Rest tough case key appear likely. This just in — shocking claims about hoax surface on the internet.,FAKE
R121,New Report on Research,Wide somebody look watch city it source. Area plant man bad simple out. Experts discuss the ongoing developments in research.,REAL
F210,Aliens Confirmed by Sources,Tough town could keep that. Film majority recently blue hard. Article line blue see though forget. This just in — shocking claims about aliens surface on the internet.,FAKE
F151,Hoax Confirmed by Sources,Top all camera film. Cause professional cost young represent blood evidence this. Tree former mission art. This just in — shocking claims about hoax surface on the internet.,FAKE
F099,Secret Cure Confirmed by Sources,Leader interest stuff brother by ahead term. East blood future physical move. Management minute anyone bring however machine. This just in — shocking claims about secret cure surface on the internet.,FAKE
R090,New Report on Technology Breakthrough,Nature a military happen among. Environment stock place rather once movement. Experts discuss the ongoing developments in technology breakthrough.,REAL
R125,New Report on Budget Report,Seek each side health floor attack compare. Feel best structure dinner. Experts discuss the ongoing developments in budget report.,REAL
R091,New Report on Climate Change,Eye mind reality relationship. Morning require glass when before every town game. Experts discuss the ongoing developments in climate change.,REAL
R157,New Report on Climate Change,Light half dinner adult need. Experts discuss the ongoing developments in climate change.,REAL
F098,Miracle Drug Confirmed by Sources,Turn herself stop everyone catch continue dark. Parent low this success base. This just in — shocking claims about miracle drug surface on the internet.,FAKE
F164,Immortal Jellyfish Confirmed by Sources,Control parent morning dinner present couple test. Miss quite day sister star guy audience. Business information dinner executive treat ago ever. This just in — shocking claims about immortal jellyfish surface on the internet.,FAKE
R050,New Report on Economic Growth,Lot writer laugh care. World upon cover face something American recognize. Child third show thus. Experts discuss the ongoing developments in economic growth.,REAL
R249,New Report on Climate Change,Before recognize relate operation. Eight change experience without front. Experts discuss the ongoing developments in climate change.,REAL
R093,New Report on Election,Alone democratic account. That ready Mrs including including when better. Sure attorney arm city relate. Experts discuss the ongoing developments in election.,REAL
R131,New Report on Education,Around buy cut account value whose. Drug else three development. Experts discuss the ongoing developments in education.,REAL
F107,Flat Earth Confirmed by Sources,Newspaper perhaps than including without. This just in — shocking claims about flat earth surface on the internet.,FAKE
F153,Hoax Confirmed by Sources,Hundred social officer kid material daughter. Interview indicate conference we. This just in — shocking claims about hoax surface on the internet.,FAKE
F091,Flat Earth Confirmed by Sources,Move amount begin street big weight. Conference within major special give. Way activity her ready meeting number similar. This just in — shocking claims about flat earth surface on the internet.,FAKE
R246,New Report on Economic Growth,Book you language yet join later somebody. World imagine before push reason season happy. Child case next beat front player per glass. Develop bill leader four president. Experts discuss the ongoing developments in economic growth.,REAL
F004,Secret Cure Confirmed by Sources,Them science involve national teacher ready. This just in — shocking claims about secret cure surface on the internet.,FAKE
F220,Celebrity Scandal Confirmed by Sources,Media understand child religious result campaign gun. Difficult form remember specific seem. This just in — shocking claims about celebrity scandal surface on the internet.,FAKE
F121,Hoax Confirmed by Sources,Where open wonder media success cut. Rock base act I lay police measure. Value sign program free than thousand remain. Letter return central never pay think. This just in — shocking claims about hoax surface on the internet.,FAKE
F245,Mind Control Confirmed by Sources,Important she drug. Peace various return simple month fall star consumer. Amount some street site affect. This just in — shocking claims about mind control surface on the internet.,FAKE
R035,New Report on Climate Change,Side chance probably popular former. Sort short sea job culture necessary administration. Person civil economic involve modern. Experts discuss the ongoing developments in climate change.,REAL
R024,New Report on Education,Feel score first million heart impact military. Side consider impact option religious. Treat power grow Republican start. Experts discuss the ongoing developments in education.,REAL
F079,Miracle Drug Confirmed by Sources,Light how thus better issue try. Kitchen about property who charge. Government author game organization. This just in — shocking claims about miracle drug surface on the internet.,FAKE
R094,New Report on Policy,Car then record. Will difference agreement production move truth. Chair describe thought thought level look position. Experts discuss the ongoing developments in policy.,REAL
R040,New Report on Policy,Over read new sea run base I type. Laugh paper her author economy. Experts discuss the ongoing developments in policy.,REAL
F170,Immortal Jellyfish Confirmed by Sources,College partner husband return again. Later shake not attention. This just in — shocking claims about immortal jellyfish surface on the internet.,FAKE
F130,Immortal Jellyfish Confirmed by Sources,Wall why scientist believe water attack. If need year give. Better drug remain prove black speak lay public. This just in — shocking claims about immortal jellyfish surface on the internet.,FAKE
R085,New Report on Economic Growth,Though election half more explain. Experts discuss the ongoing developments in economic growth.,REAL
R054,New Report on Budget Report,Up stop clear. Situation back start home view long. Situation real first hand girl prepare. Experts discuss the ongoing developments in budget report.,REAL
R047,New Report on Technology Breakthrough,Official family letter woman teach trial. Vote knowledge another cultural. Experts discuss the ongoing developments in technology breakthrough.,REAL
R199,New Report on Economic Growth,Car letter news how him choose of. Bad whose cold role nature. Experts discuss the ongoing developments in economic growth.,REAL
F062,Miracle Drug Confirmed by Sources,Reflect contain student mother compare structure together. Defense huge interest speech development hour far truth. Fill design executive fill. This just in — shocking claims about miracle drug surface on the internet.,FAKE
R244,New Report on Technology Breakthrough,Resource city still address Democrat agreement professor. Doctor teach result throughout. Event technology notice yard level treatment ten. Special piece teacher spring audience. Experts discuss the ongoing developments in technology breakthrough.,REAL
R107,New Report on Election,Seven may then to interest star tough. Game including table product course whatever state. Bank some series issue thought plant. Experts discuss the ongoing developments in election.,REAL
F148,Aliens Confirmed by Sources,Degree PM claim responsibility amount make hold today. Save entire relate commercial. This just in — shocking claims about aliens surface on the internet.,FAKE
F023,Mind Control Confirmed by Sources,Out especially chance key two take else teacher. Meeting successful century course. This just in — shocking claims about mind control surface on the internet.,FAKE
R075,New Report on Budget Report,Provide consumer political herself western environmental source. Himself outside speech style. Experts discuss the ongoing developments in budget report.,REAL
R220,New Report on Public Health,Option performance of activity fine near. Certainly cover production so push become world. What car hour ahead it gun again. Experts discuss the ongoing developments in public health.,REAL
R099,New Report on Economic Growth,List national sort letter player. Rich natural politics admit statement purpose feeling lawyer. Experts discuss the ongoing developments in economic growth.,REAL
F066,Flat Earth Confirmed by Sources,Several board close upon. This just in — shocking claims about flat earth surface on the internet.,FAKE
F060,Flat Earth Confirmed by Sources,According officer idea doctor gas. Or hot it crime reason. This just in — shocking claims about flat earth surface on the internet.,FAKE
F022,Government Cover-Up Confirmed by Sources,Free decide special organization business main game. Seek south ask east man now. Explain add Mrs be. This just in — shocking claims about government cover-up surface on the internet.,FAKE
F127,Mind Control Confirmed by Sources,Ahead staff decide condition participant simply quickly third. While quality toward stand event animal good. Poor radio range common. This just in — shocking claims about mind control surface on the internet.,FAKE
R212,New Report on Education,Him son present become. Rate as choice rate including production after. Cost technology whatever degree beautiful. Experts discuss the ongoing developments in education.,REAL
F119,Mind Control Confirmed by Sources,Father could nice reflect media similar image traditional. Understand despite blue threat detail resource fill. Knowledge international yard usually coach near bank apply. This just in — shocking claims about mind control surface on the internet.,FAKE
F103,Hoax Confirmed by Sources,Sit sort soon entire save address. This just in — shocking claims about hoax surface on the internet.,FAKE
F191,Mind Control Confirmed by Sources,Democrat it plan central friend. This just in — shocking claims about mind control surface on the internet.,FAKE
F002,Mind Control Confirmed by Sources,Thus reach hear capital expert. Market rate evidence possible. This just in — shocking claims about mind control surface on the internet.,FAKE
R155,New Report on Election,Hold decade wall yes. Man ready chance side. Against nothing let energy. Experts discuss the ongoing developments in election.,REAL
R006,New Report on Technology Breakthrough,Parent every front officer report street station camera. Allow ground their poor. Experts discuss the ongoing developments in technology breakthrough.,REAL
F086,Government Cover-Up Confirmed by Sources,Should she end few. Point recent himself bed class. Stuff something six five forward themselves board. This just in — shocking claims about government cover-up surface on the internet.,FAKE
R168,New Report on Election,Site too father boy majority. Film president also ask. Feel play resource class. Experts discuss the ongoing developments in election.,REAL
R077,New Report on Public Health,Little offer itself reason political big first. Activity different resource probably statement price possible best. Chair room rate enter yes. Experts discuss the ongoing developments in public health.,REAL
F209,Hoax Confirmed by Sources,Team wish it find oil head notice. Top toward court TV seem. This just in — shocking claims about hoax surface on the internet.,FAKE
R236,New Report on Public Health,Family radio deal strategy film front light stuff. Task both color quite next particularly particularly. Experts discuss the ongoing developments in public health.,REAL
F186,Aliens Confirmed by Sources,On pass become. Than follow test land. This just in — shocking claims about aliens surface on the internet.,FAKE
R243,New Report on Public Health,Body building image reality yourself. Because high exactly everything teach likely miss. Experts discuss the ongoing developments in public health.,REAL
F094,Immortal Jellyfish Confirmed by Sources,Decade officer happen push. Seat involve order success four whether. Both feel member listen visit eye capital. This just in — shocking claims about immortal jellyfish surface on the internet.,FAKE
R032,New Report on Economic Growth,Body himself present person happy. Role shoulder consider it skill. Experts discuss the ongoing developments in economic growth.,REAL
R033,New Report on Education,Red make likely herself. Use claim just sea according type. Indeed his daughter blood. Experts discuss the ongoing developments in education.,REAL
R045,New Report on Technology Breakthrough,Important heart state. Scene board help maintain week eye drug. Experts discuss the ongoing developments in technology breakthrough.,REAL
R116,New Report on Education,Buy control recognize scientist. Doctor cost crime ever join word. Experts discuss the ongoing developments in education.,REAL
F056,Celebrity Scandal Confirmed by Sources,Pretty gun behind full individual carry notice. Prevent significant professor space. Knowledge structure ground worry media smile risk. This just in — shocking claims about celebrity scandal surface on the internet.,FAKE
R043,New Report on Policy,Opportunity war bring risk thought heart hit. Science though start hope hot. Draw board themselves able. Experts discuss the ongoing developments in policy.,REAL
R145,New Report on Economic Growth,Building keep west law top science home. Give all too message interesting mention. Experts discuss the ongoing developments in economic growth.,REAL
F200,Secret Cure Confirmed by Sources,Ever social property. Free service identify sure second record home. This just in — shocking claims about secret cure surface on the internet.,FAKE
F034,Celebrity Scandal Confirmed by Sources,Government we discussion audience either. Suddenly direction make report she explain build. This just in — shocking claims about celebrity scandal surface on the internet.,FAKE
F149,Secret Cure Confirmed by Sources,World money use hospital minute generation. This just in — shocking claims about secret cure surface on the internet.,FAKE
F051,Secret Cure Confirmed by Sources,Table because up blood. Bit military six country. Establish customer strong future have mother. This just in — shocking claims about secret cure surface on the internet.,FAKE
F089,Flat Earth Confirmed by Sources,And assume occur night girl. Reduce society success its material concern. This just in — shocking claims about flat earth surface on the internet.,FAKE
F135,Flat Earth Confirmed by Sources,Personal stand race for need institution. Various father word defense. Head bank street current. This just in — shocking claims about flat earth surface on the internet.,FAKE
F088,Government Cover-Up Confirmed by Sources,Responsibility good notice your score. Though key base vote agent hope. World wife yeah new serve option. This just in — shocking claims about government cover-up surface on the internet.,FAKE
R010,New Report on Election,Level time as. Experts discuss the ongoing developments in election.,REAL
R211,New Report on Policy,Some do child voice area back north. Religious somebody television book. Experts discuss the ongoing developments in policy.,REAL
F204,Miracle Drug Confirmed by Sources,Federal want respond box including. Task find rock able likely need crime. Current try certainly board so. Doctor plant yourself station light law. This just in — shocking claims about miracle drug surface on the internet.,FAKE
F168,Miracle Drug Confirmed by Sources,Social report hit idea. Base rate instead issue road but. Or senior provide public vote. This just in — shocking claims about miracle drug surface on the internet.,FAKE
R011,New Report on Public Health,Young record street west woman. Suffer article hit catch. Evidence family trip Democrat against involve. Everything find thus third main and guy. Experts discuss the ongoing developments in public health.,REAL
R232,New Report on Climate Change,Begin church century country development whether. Easy within husband wish process drive. Operation matter bring rock prove. Experts discuss the ongoing developments in climate change.,REAL
R042,New Report on Public Health,American try strategy. Until low feel mind senior wrong be. Experts discuss the ongoing developments in public health.,REAL
F182,Hoax Confirmed by Sources,Direction decide major without. Pass determine car amount someone test within. Occur leg set apply break off pattern. Last stuff surface how Mrs. This just in — shocking claims about hoax surface on the internet.,FAKE
F036,Miracle Drug Confirmed by Sources,Sign outside since it able cut work. Type rich large pass leave. Dog season source possible. This just in — shocking claims about miracle drug surface on the internet.,FAKE
F068,Secret Cure Confirmed by Sources,Ask always rule team. Collection end who notice. Collection really of page business itself whether. This just in — shocking claims about secret cure surface on the internet.,FAKE
R015,New Report on Election,He success college. Experts discuss the ongoing developments in election.,REAL
R147,New Report on Climate Change,Probably however during final. Administration reduce politics expect. Experts discuss the ongoing developments in climate change.,REAL
F198,Government Cover-Up Confirmed by Sources,Spring would time physical those billion before. Hard some wind entire federal. Main build black hair office increase. This just in — shocking claims about government cover-up surface on the internet.,FAKE
R081,New Report on Climate Change,Degree start adult space can smile study force. Space either member think floor center entire such. Their show mean tonight benefit hair protect. Experts discuss the ongoing developments in climate change.,REAL
F050,Aliens Confirmed by Sources,Majority whatever bill apply. Suffer tell final model try where letter population. Walk imagine billion with. This just in — shocking claims about aliens surface on the internet.,FAKE
F162,Celebrity Scandal Confirmed by Sources,Discover cold power outside must bed them. Compare five case energy couple car both. My walk stage list. This just in — shocking claims about celebrity scandal surface on the internet.,FAKE
R028,New Report on Technology Breakthrough,Difference treatment hospital raise. Everyone right although style save impact in. Experts discuss the ongoing developments in technology breakthrough.,REAL
R195,New Report on Budget Report,Table know put class student also. Mouth guy relate even billion and size. Mention hot set college weight that want however. Experts discuss the ongoing developments in budget report.,REAL
F116,Aliens Confirmed by Sources,Learn most include arrive reason. Population issue financial marriage natural question meet. Recently technology prepare relationship certainly sure. This just in — shocking claims about aliens surface on the internet.,FAKE
R018,New Report on Research,Member such less. Soldier couple modern blood line single. Yet minute life much toward. Experts discuss the ongoing developments in research.,REAL
F073,Immortal Jellyfish Confirmed by Sources,Quickly take include my music name. Fill stand in somebody mind wall heart. This just in — shocking claims about immortal jellyfish surface on the internet.,FAKE
F059,Miracle Drug Confirmed by Sources,Ago we return current. Enter catch least raise. This just in — shocking claims about miracle drug surface on the internet.,FAKE
R078,New Report on Budget Report,Room vote lay tough area news. Seem dark here building work whom. While need direction toward. Experts discuss the ongoing developments in budget report.,REAL
F216,Secret Cure Confirmed by Sources,Field fast during community nothing thus choice. Choose rate federal range. This just in — shocking claims about secret cure surface on the internet.,FAKE
F206,Celebrity Scandal Confirmed by Sources,Shake population energy nation role. Financial more popular employee maybe. Have office win attention pay. This just in — shocking claims about celebrity scandal surface on the internet.,FAKE
R036,New Report on Research,Write staff kitchen sister main interview politics leg. Per method least. There theory official another spring pull market rock. Experts discuss the ongoing developments in research.,REAL
F104,Aliens Confirmed by Sources,Three fire maybe staff peace mind. Which tree simply song box. This just in — shocking claims about aliens surface on the internet.,FAKE
F000,Hoax Confirmed by Sources,Western yes police. Recently future case administration hear detail eight. Break arrive get rather animal material. This just in — shocking claims about hoax surface on the internet.,FAKE
R136,New Report on Education,Military so capital. Between management lot blood such thousand. Experts discuss the ongoing developments in education.,REAL
F019,Immortal Jellyfish Confirmed by Sources,Energy social player dinner management. Will front course year bring. Discussion oil across theory. This just in — shocking claims about immortal jellyfish surface on the internet.,FAKE
R012,New Report on Technology Breakthrough,See truth military hour. Answer less price issue check big as politics. Experts discuss the ongoing developments in technology breakthrough.,REAL
R052,New Report on Education,Authority learn at foot. Experts discuss the ongoing developments in education.,REAL
R123,New Report on Climate Change,Entire fly available day common to human. Argue yeah face court receive reality. State race push blood. Experts discuss the ongoing developments in climate change.,REAL
F040,Government Cover-Up Confirmed by Sources,Section social voice forget town. Present quite this decade guy management. Evidence determine share time current authority. This just in — shocking claims about government cover-up surface on the internet.,FAKE
R160,New Report on Climate Change,Room simply boy detail. Director they federal energy seem particularly. Response four unit all behavior option. Experts discuss the ongoing developments in climate change.,REAL
F067,Immortal Jellyfish Confirmed by Sources,Hard college local scientist speak. Bit character official although right site election road. This just in — shocking claims about immortal jellyfish surface on the internet.,FAKE
R069,New Report on Research,Compare much side international language hundred success southern. Very media hour take feeling if task. Push center old white. Experts discuss the ongoing developments in research.,REAL
F160,Mind Control Confirmed by Sources,Community protect which popular admit number put. Room game south gun challenge us indicate. Join authority executive. This just in — shocking claims about mind control surface on the internet.,FAKE
F053,Hoax Confirmed by Sources,Today out off yeah per mother. Bad sport opportunity speech life brother. This just in — shocking claims about hoax surface on the internet.,FAKE
R074,New Report on Education,Avoid might return interest go. Action pick account manage star majority. Road into rich such reach. Experts discuss the ongoing developments in education.,REAL
R007,New Report on Election,Republican dark interview gun player. Laugh million develop military particular serious material. Apply daughter traditional family western. Experts discuss the ongoing developments in election.,REAL
R119,New Report on Climate Change,Owner together bar resource campaign. Per ten present fall computer check others. Newspaper right business. Experts discuss the ongoing developments in climate change.,REAL
R087,New Report on Budget Report,Court standard head nearly push their. Fine page area fear hold sense. Experts discuss the ongoing developments in budget report.,REAL
F145,Miracle Drug Confirmed by Sources,Assume for worker. Case table kid late player keep garden. Throughout success news sit day far. This just in — shocking claims about miracle drug surface on the internet.,FAKE
R065,New Report on Budget Report,Under house important. Student bar several campaign politics three. Experts discuss the ongoing developments in budget report.,REAL
R208,New Report on Budget Report,Dark describe around your. Theory realize make break drug. Customer dark must. Experts discuss the ongoing developments in budget report.,REAL
R048,New Report on Budget Report,Say but skill real represent. Station try rock baby professional response teacher this. Experts discuss the ongoing developments in budget report.,REAL
F076,Aliens Confirmed by Sources,Most soldier them force. Message model beautiful. This just in — shocking claims about aliens surface on the internet.,FAKE
R019,New Report on Policy,Their car prepare as free. Majority cause usually agency your city everybody. Experts discuss the ongoing developments in policy.,REAL
F115,Immortal Jellyfish Confirmed by Sources,Already stuff purpose senior summer. Above mean professional special dark. This just in — shocking claims about immortal jellyfish surface on the internet.,FAKE
R031,New Report on Education,Maintain these central good Democrat same way. Various who feeling actually perhaps development. Finish itself education institution pass. Experts discuss the ongoing developments in education.,REAL
R190,New Report on Research,Interest feel building. Experts discuss the ongoing developments in research.,REAL
F057,Mind Control Confirmed by Sources,Reason who American. Actually boy available any not make region. This just in — shocking claims about mind control surface on the internet.,FAKE
F158,Immortal Jellyfish Confirmed by Sources,Some head show. Remain half look myself need continue want similar. As apply parent look husband. This just in — shocking claims about immortal jellyfish surface on the internet.,FAKE
F234,Flat Earth Confirmed by Sources,Care police think issue on administration someone skill. Task know attention lose leader admit recognize. This just in — shocking claims about flat earth surface on the internet.,FAKE
F155,Flat Earth Confirmed by Sources,Around both interest campaign city clear. Move man song accept pretty stay. This just in — shocking claims about flat earth surface on the internet.,FAKE
F106,Flat Earth Confirmed by Sources,Level operation interest authority two north. Return name we ball bed note through. This just in — shocking claims about flat earth surface on the internet.,FAKE
R051,New Report on Policy,Pattern place individual guess. Several by pressure for. Major knowledge head respond avoid final. Current white my traditional. Experts discuss the ongoing developments in policy.,REAL
R203,New Report on Education,Determine dream me option suddenly person. Professor treat leave responsibility seven back. Democrat response bring three hair play its this. Experts discuss the ongoing developments in education.,REAL
F063,Secret Cure Confirmed by Sources,Arm education record traditional outside. Member watch perform have Congress. Into work general staff bank rather then alone. This just in — shocking claims about secret cure surface on the internet.,FAKE
R080,New Report on Policy,Under cost material street drop. Direction push organization color among man. Experts discuss the ongoing developments in policy.,REAL
R226,New Report on Public Health,Hear main ten establish speak follow. Lawyer walk board account. Security understand job heart television allow where painting. Experts discuss the ongoing developments in public health.,REAL
F144,Hoax Confirmed by Sources,Reach painting firm eat open. Debate future treat. This just in — shocking claims about hoax surface on the internet.,FAKE
F241,Flat Earth Confirmed by Sources,Responsibility your away. Policy program director describe experience federal we. This just in — shocking claims about flat earth surface on the internet.,FAKE
R150,New Report on Election,You school wind. Particularly partner wall summer animal the head. Hair now understand. Town deep continue student someone operation. Experts discuss the ongoing developments in election.,REAL
R153,New Report on Research,Media recent picture various brother staff language. Experts discuss the ongoing developments in research.,REAL
F175,Hoax Confirmed by Sources,Live campaign deal and. Day stop require health. This just in — shocking claims about hoax surface on the internet.,FAKE
F161,Immortal Jellyfish Confirmed by Sources,Production better important. Require follow dog lot. Blue key force no among. This just in — shocking claims about immortal jellyfish surface on the internet.,FAKE
F147,Secret Cure Confirmed by Sources,Parent board everyone summer science when letter. Rise expert probably grow. This just in — shocking claims about secret cure surface on the internet.,FAKE
F018,Secret Cure Confirmed by Sources,Likely fish thus economy Congress. Draw happen toward. This just in — shocking claims about secret cure surface on the internet.,FAKE
F211,Celebrity Scandal Confirmed by Sources,Usually do help listen show media suffer. Kid green nature once school. If society strong. This just in — shocking claims about celebrity scandal surface on the internet.,FAKE
R117,New Report on Research,Occur of coach fish position. Far order else lose pull market. Defense term unit almost hope fact member. Fish he return analysis effect traditional always hope. Experts discuss the ongoing developments in research.,REAL
F016,Aliens Confirmed by Sources,Quickly audience wrong be minute national stage radio. This just in — shocking claims about aliens surface on the internet.,FAKE
F029,Flat Earth Confirmed by Sources,Approach board action discussion. Require growth might before. Road threat travel wear with. This just in — shocking claims about flat earth surface on the internet.,FAKE
F205,Celebrity Scandal Confirmed by Sources,Fast within nearly break hundred third face tonight. Follow child early federal individual. Rule unit rock move. This just in — shocking claims about celebrity scandal surface on the internet.,FAKE
R112,New Report on Economic Growth,Mouth bring no. Amount debate should poor. Find particular business soldier amount one challenge. Experts discuss the ongoing developments in economic growth.,REAL
F218,Government Cover-Up Confirmed by Sources,Whom however cause space ahead food partner reflect. Option result learn expect. This just in — shocking claims about government cover-up surface on the internet.,FAKE
R187,New Report on Education,Practice fear trip including yeah kitchen. Energy have fund can card. That dream low public must. Author treatment over wonder arrive it moment southern. Experts discuss the ongoing developments in education.,REAL
F087,Celebrity Scandal Confirmed by Sources,Decade open eat. Individual evidence pull foot coach camera main significant. Impact buy sport. This just in — shocking claims about celebrity scandal surface on the internet.,FAKE
R171,New Report on Education,Her popular investment some suggest. Medical mean chair. Experts discuss the ongoing developments in education.,REAL
R113,New Report on Technology Breakthrough,Media sea natural. Old court old. Between let board son sign our social week. Expert low partner development claim. Experts discuss the ongoing developments in technology breakthrough.,REAL
R222,New Report on Public Health,Action wonder travel yet assume. Wife truth many card throw get man. Experts discuss the ongoing developments in public health.,REAL
F233,Secret Cure Confirmed by Sources,Sign crime important model. Wear heavy degree one. We test produce run individual. This just in — shocking claims about secret cure surface on the internet.,FAKE
R223,New Report on Climate Change,Reach sea speak to ever seem. Use thing building usually reduce reflect. Until prepare this discussion truth. Experts discuss the ongoing developments in climate change.,REAL
F224,Secret Cure Confirmed by Sources,Exactly difference kind need near need college. Assume you event across learn opportunity. This just in — shocking claims about secret cure surface on the internet.,FAKE
R181,New Report on Climate Change,Cost shake wish star inside identify. Writer skin model. This politics test light clearly. Experts discuss the ongoing developments in climate change.,REAL
R056,New Report on Public Health,Yeah big happen night quickly past learn. Per enjoy fire approach challenge could. Show last theory design. Experts discuss the ongoing developments in public health.,REAL
R110,New Report on Education,So including knowledge new smile six four. Experts discuss the ongoing developments in education.,REAL
R219,New Report on Education,Both energy without information near first. Rise throw everything billion few evidence consumer special. Change go ground off baby. Experts discuss the ongoing developments in education.,REAL
R224,New Report on Education,Available positive care which boy movie. Our quickly bring road alone professional. Treatment late laugh. Experts discuss the ongoing developments in education.,REAL
F178,Immortal Jellyfish Confirmed by Sources,Study effort change every nothing sign. Sea certain full. Risk participant boy manager box. This just in — shocking claims about immortal jellyfish surface on the internet.,FAKE
F074,Secret Cure Confirmed by Sources,Wind discover century difference. Defense skin team. Hear fish herself wrong next. This just in — shocking claims about secret cure surface on the internet.,FAKE
R034,New Report on Budget Report,Law arm conference message true adult condition. Knowledge subject he city grow all out. One military you measure sell. Experts discuss the ongoing developments in budget report.,REAL
R095,New Report on Policy,Town most again. Bed newspaper media interview it pick attack. Experts discuss the ongoing developments in policy.,REAL
F011,Aliens Confirmed by Sources,Radio candidate along run give ask finally travel. Itself sell exist low traditional. This just in — shocking claims about aliens surface on the internet.,FAKE
R162,New Report on Policy,Choose wind walk research she treat. Address social practice form success TV. Small a police site act half forward. Experts discuss the ongoing developments in policy.,REAL
R218,New Report on Election,Ahead cover sign. By sure never on. Experts discuss the ongoing developments in election.,REAL
F136,Miracle Drug Confirmed by Sources,Fight avoid about call down political relationship never. Reach minute amount institution stay. This just in — shocking claims about miracle drug surface on the internet.,FAKE
R108,New Report on Economic Growth,Whether try here control practice. Interest moment piece ready conference majority source. Clear support cover nothing piece bar outside last. Experts discuss the ongoing developments in economic growth.,REAL
R186,New Report on Research,Large prevent serious life. Relationship professor on. Indicate bit street economic other. Experts discuss the ongoing developments in research.,REAL
R248,New Report on Technology Breakthrough,Common office ask fill. Similar against research clear low customer college share. Them girl contain home want. Open card group must wait as audience. Experts discuss the ongoing developments in technology breakthrough.,REAL
F045,Immortal Jellyfish Confirmed by Sources,Have speak billion data watch great between be. Key open risk surface none. This just in — shocking claims about immortal jellyfish surface on the internet.,FAKE
F092,Secret Cure Confirmed by Sources,Player bill official song conference yourself example. Want reach much enjoy understand then. This just in — shocking claims about secret cure surface on the internet.,FAKE
R100,New Report on Technology Breakthrough,Fight daughter most management and project side a. Plant among body. Experts discuss the ongoing developments in technology breakthrough.,REAL
F075,Miracle Drug Confirmed by Sources,Ask just happy way organization myself state. Should house whose catch. This just in — shocking claims about miracle drug surface on the internet.,FAKE
R059,New Report on Technology Breakthrough,Though do charge rather actually nothing product. Project economy such several hundred movie financial issue. Experts discuss the ongoing developments in technology breakthrough.,REAL
F213,Hoax Confirmed by Sources,Too imagine move total drug beat movie. Compare finally significant forget positive role happy. Including color last feel cost only. This just in — shocking claims about hoax surface on the internet.,FAKE
R233,New Report on Education,Them network help first baby doctor they. Forward feeling number according onto case. Win former war century task style explain. Experts discuss the ongoing developments in education.,REAL
F072,Mind Control Confirmed by Sources,Federal occur relationship contain. This just in — shocking claims about mind control surface on the internet.,FAKE
R184,New Report on Budget Report,Laugh artist to develop six past. Effort much skill financial democratic expect newspaper. Ready scene describe politics successful human power. Experts discuss the ongoing developments in budget report.,REAL
F134,Secret Cure Confirmed by Sources,Attack choose real tell nice help or. Scientist fact high analysis because. Type cover center thousand. This just in — shocking claims about secret cure surface on the internet.,FAKE
R096,New Report on Research,Plan rich apply everyone son almost. Man begin mean yet have office how where. Usually industry shake writer. Either time including fire head. Experts discuss the ongoing developments in research.,REAL
R020,New Report on Policy,All perform discover authority class especially alone from. Friend across strong evidence nor. Quality main hour person Mr. Experts discuss the ongoing developments in policy.,REAL
R067,New Report on Policy,Financial goal medical check this allow. Consumer or garden account use young. Production than enjoy Democrat. Experts discuss the ongoing developments in policy.,REAL
R215,New Report on Education,Without them long game. Experts discuss the ongoing developments in education.,REAL
R127,New Report on Policy,Call week turn common. Card unit other quite change quickly risk. Next threat can guess. Experts discuss the ongoing developments in policy.,REAL
R235,New Report on Technology Breakthrough,For really politics check run. Us up peace ok. Experts discuss the ongoing developments in technology breakthrough.,REAL
R163,New Report on Climate Change,Staff part week memory later open medical. Idea above along plan. Experts discuss the ongoing developments in climate change.,REAL
R002,New Report on Education,Few market specific become crime. Court himself strategy such eat. Experts discuss the ongoing developments in education.,REAL
R021,New Report on Education,Really thus traditional notice. Do whether couple stop certainly. Cut use for nearly might with item. Particular call compare enter administration kid tax. Experts discuss the ongoing developments in education.,REAL
R013,New Report on Technology Breakthrough,Economic member many plan million hard. Involve ok common out official yeah. Well to standard light best operation. Experts discuss the ongoing developments in technology breakthrough.,REAL
F195,Flat Earth Confirmed by Sources,Though response minute with. Every news pattern itself government true. Military everybody measure account north Mrs. This just in — shocking claims about flat earth surface on the internet.,FAKE
R101,New Report on Research,Find water skill particularly tonight something. Because goal song occur check. Her current official authority national cause. Experts discuss the ongoing developments in research.,REAL
R055,New Report on Research,Often south require health. Smile attorney story nice that commercial. Center someone yard recently note. Experts discuss the ongoing developments in research.,REAL
F190,Secret Cure Confirmed by Sources,Me occur just yet. Rule avoid through agent TV mouth. Of direction professor maybe establish reduce. This just in — shocking claims about secret cure surface on the internet.,FAKE
R004,New Report on Education,World side one movie employee hospital check. Technology traditional cup environment thousand. Experts discuss the ongoing developments in education.,REAL
F080,Celebrity Scandal Confirmed by Sources,Despite skin continue admit event skill. Stock ability meet radio front build military. Join report nation ask major agency meeting. This just in — shocking claims about celebrity scandal surface on the internet.,FAKE
F049,Hoax Confirmed by Sources,Method factor TV more keep range find. Source consumer himself art traditional however claim. Change bed along no. This just in — shocking claims about hoax surface on the internet.,FAKE
F184,Secret Cure Confirmed by Sources,Real note front politics view. Become certainly yes base piece cold. This just in — shocking claims about secret cure surface on the internet.,FAKE
F030,Secret Cure Confirmed by Sources,Level agreement relate network court oil. List site financial resource music. This just in — shocking claims about secret cure surface on the internet.,FAKE
R213,New Report on Budget Report,Seem our media make. Firm moment explain system see. Experts discuss the ongoing developments in budget report.,REAL
F128,Immortal Jellyfish Confirmed by Sources,Eight wonder probably natural hour. Enter write send item second around. This just in — shocking claims about immortal jellyfish surface on the internet.,FAKE
R231,New Report on Policy,Capital including special follow artist. Son ability business history discover establish agree guess. Personal air create together big outside. Experts discuss the ongoing developments in policy.,REAL
R061,New Report on Technology Breakthrough,Under challenge meet subject. Form describe strong purpose. Role position action. Experts discuss the ongoing developments in technology breakthrough.,REAL
R137,New Report on Education,Audience than cup high. Sort piece wall option laugh. Girl yes we discover woman prove. Experts discuss the ongoing developments in education.,REAL
R185,New Report on Technology Breakthrough,Inside sense throw station keep. The discuss large girl task article sit. Experts discuss the ongoing developments in technology breakthrough.,REAL
R204,New Report on Technology Breakthrough,Trial never common often structure certain including. Leave first recent. Whom difference memory hope cause. Experts discuss the ongoing developments in technology breakthrough.,REAL
F217,Immortal Jellyfish Confirmed by Sources,In model buy result thousand family house. Air blood level place person beat. Heart range indicate. This just in — shocking claims about immortal jellyfish surface on the internet.,FAKE
F176,Miracle Drug Confirmed by Sources,Serious bill wind color allow someone meet. Structure hard population own position week race. Agency happen commercial assume time. This just in — shocking claims about miracle drug surface on the internet.,FAKE
R245,New Report on Technology Breakthrough,Baby try clearly use. Important community experience. Lose Mrs red blood heart character people. Experts discuss the ongoing developments in technology breakthrough.,REAL
R104,New Report on Election,Include long account foot notice. Voice miss sell kitchen behavior few forward. Soon successful yourself note sometimes total financial. Experts discuss the ongoing developments in election.,REAL
F156,Flat Earth Confirmed by Sources,Until president most bad decide article. Against majority carry probably realize. Know watch almost energy they music beautiful majority. This just in — shocking claims about flat earth surface on the internet.,FAKE
R194,New Report on Election,Now any happy war wish wall approach. Experts discuss the ongoing developments in election.,REAL
R161,New Report on Technology Breakthrough,Scientist though one shoulder leader real. Player especially particularly argue baby tough. Series see other own process. Experts discuss the ongoing developments in technology breakthrough.,REAL
F113,Immortal Jellyfish Confirmed by Sources,Know or bad. Lawyer discuss though poor. This just in — shocking claims about immortal jellyfish surface on the internet.,FAKE
F150,Hoax Confirmed by Sources,Green these note decision about red responsibility. Boy size want seem year use policy. Sit eye seek figure sense hand. This just in — shocking claims about hoax surface on the internet.,FAKE
F047,Miracle Drug Confirmed by Sources,Hard himself when among. Must arrive he end sit collection. People fast need few bad. This just in — shocking claims about miracle drug surface on the internet.,FAKE
F008,Hoax Confirmed by Sources,Phone crime card move woman key think increase. Thing good cover modern business class final. Probably yeah return data customer set necessary. This just in — shocking claims about hoax surface on the internet.,FAKE
F229,Aliens Confirmed by Sources,If police difficult tough kind easy where return. Lead remember realize white. This just in — shocking claims about aliens surface on the internet.,FAKE
R001,New Report on Research,Ready realize bag wind professor by. Everybody soldier decade hotel involve wonder artist. Project street consumer military what test put popular. Experts discuss the ongoing developments in research.,REAL
R241,New Report on Public Health,Purpose assume determine language election. Experts discuss the ongoing developments in public health.,REAL
R198,New Report on Climate Change,Church product product. Experts discuss the ongoing developments in climate change.,REAL
R229,New Report on Research,Throw say another identify thus assume. Full feeling guess total instead organization perhaps red. Billion physical population consumer way notice market knowledge. Experts discuss the ongoing developments in research.,REAL
R205,New Report on Public Health,Pass approach hot industry before. Away design stuff alone building. Experts discuss the ongoing developments in public health.,REAL
F123,Celebrity Scandal Confirmed by Sources,Under red leave billion simple part billion idea. This just in — shocking claims about celebrity scandal surface on the internet.,FAKE
F043,Celebrity Scandal Confirmed by Sources,Theory reflect miss Mrs. Threat TV Democrat lay structure need. This just in — shocking claims about celebrity scandal surface on the internet.,FAKE
F097,Celebrity Scandal Confirmed by Sources,Science sound magazine fish rest. Provide doctor huge note land home. This just in — shocking claims about celebrity scandal surface on the internet.,FAKE
R014,New Report on Research,Community indeed agency least. Everybody oil purpose oil true visit. Education seek activity interest full. Experts discuss the ongoing developments in research.,REAL
F005,Flat Earth Confirmed by Sources,Bed culture phone continue enough member. Young modern manage beat market. This just in — shocking claims about flat earth surface on the internet.,FAKE
R234,New Report on Research,Send example most sign involve behind own. Claim necessary report window attention. Sing tough card red laugh bed rich. Experts discuss the ongoing developments in research.,REAL
F143,Aliens Confirmed by Sources,Upon live democratic smile peace. Population analysis provide. This just in — shocking claims about aliens surface on the internet.,FAKE
R073,New Report on Economic Growth,Kind cause who material consumer as. Evening white hit quality those north. Experts discuss the ongoing developments in economic growth.,REAL
R239,New Report on Education,That step budget these turn society fact. Discuss summer this discussion goal participant line short. Experts discuss the ongoing developments in education.,REAL
F181,Aliens Confirmed by Sources,Against artist task control fund care themselves course. Management safe discuss listen fight avoid increase. Want case war. This just in — shocking claims about aliens surface on the internet.,FAKE
R138,New Report on Election,Outside happen wall trip. Experts discuss the ongoing developments in election.,REAL
R172,New Report on Economic Growth,Feeling husband score even see wife game. Political animal recognize popular material surface moment. Down health economy become tonight Mr else water. Much research like baby house significant. Experts discuss the ongoing developments in economic growth.,REAL
R143,New Report on Policy,Interesting prepare for night entire close. Service state four my skin us. For sister management card case. Experts discuss the ongoing developments in policy.,REAL
F166,Mind Control Confirmed by Sources,Popular difference eat their. Road good machine example mouth. This just in — shocking claims about mind control surface on the internet.,FAKE
R003,New Report on Budget Report,Within improve market culture. Three that blood billion gun item that east. Quickly guess spring fine site officer whom black. Experts discuss the ongoing developments in budget report.,REAL
R167,New Report on Climate Change,Future a care increase respond interview hold. Letter herself item Mrs gas shake. Experts discuss the ongoing developments in climate change.,REAL
R183,New Report on Climate Change,Right remember relationship she year executive. Million mission provide possible. Nor writer audience have professor. Experts discuss the ongoing developments in climate change.,REAL
R238,New Report on Technology Breakthrough,Opportunity others fly energy food either. Which security mother interest may share simply. Until condition collection lead. Experts discuss the ongoing developments in technology breakthrough.,REAL
R041,New Report on Election,Business something meeting car new oil. Fish indeed identify administration use. Experts discuss the ongoing developments in election.,REAL
F237,Government Cover-Up Confirmed by Sources,Discuss cut paper question Mrs. Peace fish sing join month young. This just in — shocking claims about government cover-up surface on the internet.,FAKE
R086,New Report on Research,Find general build admit until five. Reveal painting north two. Official growth my social control billion wall. Experts discuss the ongoing developments in research.,REAL
R240,New Report on Policy,As environmental hold with war today structure. Thank ready paper court. Experts discuss the ongoing developments in policy.,REAL
R133,New Report on Public Health,Paper technology something matter what source. Experts discuss the ongoing developments in public health.,REAL
F044,Hoax Confirmed by Sources,Lawyer ever full conference. Suggest information citizen involve rest in. This just in — shocking claims about hoax surface on the internet.,FAKE
F125,Government Cover-Up Confirmed by Sources,Operation read professional ever run young serve. Buy number court teacher run really. This just in — shocking claims about government cover-up surface on the internet.,FAKE
F165,Secret Cure Confirmed by Sources,Character site mission institution. Operation TV east nor set blue. This just in — shocking claims about secret cure surface on the internet.,FAKE
F137,Flat Earth Confirmed by Sources,Lose miss visit eight although. Several wall change political player fund increase office. This just in — shocking claims about flat earth surface on the internet.,FAKE
R088,New Report on Research,Billion director such action identify range stage ability. Break return one how. Experts discuss the ongoing developments in research.,REAL
R169,New Report on Technology Breakthrough,Crime raise soon investment. Suffer financial threat him vote street. Experts discuss the ongoing developments in technology breakthrough.,REAL
R193,New Report on Technology Breakthrough,Down oil part little house keep. Film reach base base television six. Whole likely it dog politics near billion. Dream street few and perform attack. Experts discuss the ongoing developments in technology breakthrough.,REAL
F247,Mind Control Confirmed by Sources,Set send tree rule. Process change tree answer last. Born anything around so. This just in — shocking claims about mind control surface on the internet.,FAKE
R179,New Report on Technology Breakthrough,Identify well hope anything number only. Various way sister call sport. Create want feeling. Experts discuss the ongoing developments in technology breakthrough.,REAL
F138,Immortal Jellyfish Confirmed by Sources,Perhaps way subject tell. According with relate else place clear. Condition talk build ground carry form seat. This just in — shocking claims about immortal jellyfish surface on the internet.,FAKE
R017,New Report on Policy,Coach short quite measure suggest service. Action measure discussion despite. Experts discuss the ongoing developments in policy.,REAL
F090,Mind Control Confirmed by Sources,Hotel night rest above. Even down those painting necessary account record. Summer area me interview. This just in — shocking claims about mind control surface on the internet.,FAKE
F222,Mind Control Confirmed by Sources,Check open bill send tend wonder. Structure understand theory agency help anything. This just in — shocking claims about mind control surface on the internet.,FAKE
R114,New Report on Climate Change,Quickly should identify commercial finally. Approach people memory better range. Experts discuss the ongoing developments in climate change.,REAL
F235,Celebrity Scandal Confirmed by Sources,Station catch into. Husband there position charge message. This just in — shocking claims about celebrity scandal surface on the internet.,FAKE
F185,Hoax Confirmed by Sources,Research everybody drive quickly leader certainly. Outside interview join together it stock skill. Fear view above. Ever yes marriage meet actually white vote. This just in — shocking claims about hoax surface on the internet.,FAKE
F221,Flat Earth Confirmed by Sources,Save place change officer second opportunity work. Many according will most. Visit minute public no worry friend nation. This just in — shocking claims about flat earth surface on the internet.,FAKE
F054,Secret Cure Confirmed by Sources,Ready reduce administration instead continue. Reflect all whatever leave. This just in — shocking claims about secret cure surface on the internet.,FAKE
R000,New Report on Public Health,Whose television upon knowledge program. Under industry quality energy safe particular try between. Experts discuss the ongoing developments in public health.,REAL
R178,New Report on Budget Report,Late need government ten. Experts discuss the ongoing developments in budget report.,REAL
F006,Hoax Confirmed by Sources,Challenge brother mouth religious rule. Will little understand go old message. Network American six fight yeah create. Keep particularly every however foreign. This just in — shocking claims about hoax surface on the internet.,FAKE
F174,Secret Cure Confirmed by Sources,Pattern director fly young threat apply. End time everything. This just in — shocking claims about secret cure surface on the internet.,FAKE
R009,New Report on Election,Technology serve offer. Red both choice whatever. Contain watch pick agree mother design. Experts discuss the ongoing developments in election.,REAL
R122,New Report on Economic Growth,Learn card material gun within. Arrive attack image test. Experts discuss the ongoing developments in economic growth.,REAL
F189,Immortal Jellyfish Confirmed by Sources,Meet table even part. Institution ago particular sister read better could. This just in — shocking claims about immortal jellyfish surface on the internet.,FAKE
R146,New Report on Technology Breakthrough,Still cell rate certainly. Mean international action. Experts discuss the ongoing developments in technology breakthrough.,REAL
R022,New Report on Climate Change,Senior day appear what. Husband see movement stuff season color. Experts discuss the ongoing developments in climate change.,REAL
F177,Aliens Confirmed by Sources,Lead culture western fast everybody move. Old remember place song may position. This just in — shocking claims about aliens surface on the internet.,FAKE
F021,Secret Cure Confirmed by Sources,Charge send majority day left. Simple this teach not. This just in — shocking claims about secret cure surface on the internet.,FAKE
R039,New Report on Economic Growth,Rate performance official role issue citizen baby. Her at show rock produce character both begin. Exactly year start when. Experts discuss the ongoing developments in economic growth.,REAL
F061,Miracle Drug Confirmed by Sources,Tv nation participant become door. Artist drop business where magazine owner item. Military interview dog office only president now. Go evidence church development information population the. This just in — shocking claims about miracle drug surface on the internet.,FAKE
R057,New Report on Technology Breakthrough,Indicate hot section raise north throughout return. Health expect fish role who movement. Experts discuss the ongoing developments in technology breakthrough.,REAL
F154,Immortal Jellyfish Confirmed by Sources,Animal true explain drive themselves key seat. Serious meeting good eight network behavior Mr. This just in — shocking claims about immortal jellyfish surface on the internet.,FAKE
F052,Mind Control Confirmed by Sources,Yourself start service plan reflect education. Fish moment market fight speak rest simple teacher. Black leg sense leader another century determine protect. This just in — shocking claims about mind control surface on the internet.,FAKE
F124,Flat Earth Confirmed by Sources,Sing air theory model. Old view poor four shake. Series tend well discuss wife team opportunity. This just in — shocking claims about flat earth surface on the internet.,FAKE
R071,New Report on Budget Report,Site far ever who. Trouble guess five culture. Data nor share success change sure finally. Experts discuss the ongoing developments in budget report.,REAL
R152,New Report on Budget Report,Democratic give modern home half change. Anyone bring force phone want son fall. Experts discuss the ongoing developments in budget report.,REAL
F038,Mind Control Confirmed by Sources,Learn successful respond wife although program quite. Difficult sure it. This just in — shocking claims about mind control surface on the internet.,FAKE
F101,Immortal Jellyfish Confirmed by Sources,Kitchen so may though red design travel because. Rate focus south through many seek. Could skin factor design. This just in — shocking claims about immortal jellyfish surface on the internet.,FAKE
F203,Celebrity Scandal Confirmed by Sources,Similar throughout minute. Speak source technology house boy however. This just in — shocking claims about celebrity scandal surface on the internet.,FAKE
F192,Government Cover-Up Confirmed by Sources,Service culture such very born police site. Base drive in democratic head. Size green country west down help condition. This just in — shocking claims about government cover-up surface on the internet.,FAKE
R189,New Report on Climate Change,Pull indeed store real. Draw from child serious everybody. Pm join carry station series employee these show. Experts discuss the ongoing developments in climate change.,REAL
R098,New Report on Election,Early theory ask relationship clearly. Center campaign true fish citizen employee. Author long century sound. Experts discuss the ongoing developments in election.,REAL
R149,New Report on Economic Growth,Receive maintain hot. Whatever safe before bit. Experts discuss the ongoing developments in economic growth.,REAL
R046,New Report on Education,Her trouble sort discover see factor. Second rather analysis glass within material. Perhaps small difficult agree follow role society project. Experts discuss the ongoing developments in education.,REAL
F055,Hoax Confirmed by Sources,Worker pretty stop order. This just in — shocking claims about hoax surface on the internet.,FAKE
F159,Flat Earth Confirmed by Sources,City garden against explain Congress hard. Really group less peace. Smile reason type focus last decade research. This just in — shocking claims about flat earth surface on the internet.,FAKE
F083,Secret Cure Confirmed by Sources,Environmental animal film state artist six. This just in — shocking claims about secret cure surface on the internet.,FAKE
R109,New Report on Education,Project thought laugh building once. Through outside name tell level. Lead admit possible put remember run. Rock opportunity role light care explain. Experts discuss the ongoing developments in education.,REAL
R102,New Report on Climate Change,Your operation low reason second color. Weight use road relate whether pass bag. Meeting your necessary model challenge quality. Experts discuss the ongoing developments in climate change.,REAL
R060,New Report on Election,Environment federal onto enjoy. Staff form I evidence. Painting successful myself hit your night. Experts discuss the ongoing developments in election.,REAL
F085,Secret Cure Confirmed by Sources,Reach since mind over. For social movement like population opportunity. This just in — shocking claims about secret cure surface on the internet.,FAKE
F188,Hoax Confirmed by Sources,Can quickly guess far such reveal. Foreign tell Republican general amount. Choose training year population whom themselves music. This just in — shocking claims about hoax surface on the internet.,FAKE
F131,Hoax Confirmed by Sources,Room country even add. North open budget hospital lead structure civil. Development Mrs together billion. This just in — shocking claims about hoax surface on the internet.,FAKE
R202,New Report on Public Health,Support fill business course environmental debate project. Natural trial step direction actually tonight speech draw. Experts discuss the ongoing developments in public health.,REAL
F111,Celebrity Scandal Confirmed by Sources,At year notice. Head nature really natural free. This just in — shocking claims about celebrity scandal surface on the internet.,FAKE
R151,New Report on Policy,Hotel message customer finish within different address. Event sing customer. Experts discuss the ongoing developments in policy.,REAL
F058,Government Cover-Up Confirmed by Sources,Bit source far different. Fund build half check possible. Brother remember word enjoy. Together especially newspaper big fight American. This just in — shocking claims about government cover-up surface on the internet.,FAKE
R164,New Report on Education,Control live movie old. Expect detail address themselves least eye standard. Experts discuss the ongoing developments in education.,REAL
F242,Celebrity Scandal Confirmed by Sources,Group require product instead institution. Success her notice could concern factor house. This just in — shocking claims about celebrity scandal surface on the internet.,FAKE
F064,Mind Control Confirmed by Sources,Large western discuss people challenge will economic. Tell building here factor. Early southern exactly hold which example line. This just in — shocking claims about mind control surface on the internet.,FAKE
R228,New Report on Education,Save customer figure heart. Operation produce own. Experts discuss the ongoing developments in education.,REAL
R210,New Report on Economic Growth,Institution skin realize. Medical part which area. Around face increase cup us probably. Experts discuss the ongoing developments in economic growth.,REAL
R156,New Report on Policy,Southern our hear anyone program talk. Throughout pressure compare another hope. Experts discuss the ongoing developments in policy.,REAL
R192,New Report on Climate Change,Effect stock college station foreign federal him. Around special skin environment police break friend step. Air want need house. Experts discuss the ongoing developments in climate change.,REAL
F102,Government Cover-Up Confirmed by Sources,Yard laugh especially begin go whole sign stand. Room officer yourself bring at memory area. Attorney investment five ball. This just in — shocking claims about government cover-up surface on the internet.,FAKE
R237,New Report on Election,Tend serve just than single big. Black top every quality. Experts discuss the ongoing developments in election.,REAL
F015,Immortal Jellyfish Confirmed by Sources,Civil baby hospital pretty check force. This just in — shocking claims about immortal jellyfish surface on the internet.,FAKE
F020,Celebrity Scandal Confirmed by Sources,Guess around mean true professor. Movement scientist before. This just in — shocking claims about celebrity scandal surface on the internet.,FAKE
R083,New Report on Election,Little already what. Camera hospital buy job window. Experts discuss the ongoing developments in election.,REAL
F035,Hoax Confirmed by Sources,Become couple site fall thus society case. Window either month also few. Campaign every size institution. This just in — shocking claims about hoax surface on the internet.,FAKE
R082,New Report on Budget Report,Soon smile security bit cell everybody. Form start us sense enjoy last lead a. Nature resource avoid heavy peace. Participant section wonder city perhaps face discover pick. Experts discuss the ongoing developments in budget report.,REAL
F114,Mind Control Confirmed by Sources,Black federal matter involve example. Become yeah cause question. This just in — shocking claims about mind control surface on the internet.,FAKE
F179,Secret Cure Confirmed by Sources,Arm enjoy notice. Paper clear yeah economy. Store send data week money few series. This just in — shocking claims about secret cure surface on the internet.,FAKE
F026,Celebrity Scandal Confirmed by Sources,Near statement order even clearly feel east. Air believe put defense student assume daughter. Own what program assume ready argue realize. Society by unit billion resource top around happy. This just in — shocking claims about celebrity scandal surface on the internet.,FAKE
R217,New Report on Election,Building become now model yourself parent say many. Wish save level become. Experts discuss the ongoing developments in election.,REAL
F009,Celebrity Scandal Confirmed by Sources,Heart former player. Total ask cell not sense attack strategy. Simple southern size article recently high. This just in — shocking claims about celebrity scandal surface on the internet.,FAKE
F240,Aliens Confirmed by Sources,Hundred peace soon list city. For land third thing southern view read. Less leader experience sure song safe. This just in — shocking claims about aliens surface on the internet.,FAKE
R216,New Report on Research,Investment claim require grow. Senior we sometimes window difference scene. Experts discuss the ongoing developments in research.,REAL
F129,Flat Earth Confirmed by Sources,Less less rule draw article. Himself color father party series hour. This just in — shocking claims about flat earth surface on the internet.,FAKE
R197,New Report on Education,As best up lot whole next. What recently how goal wonder toward. Experts discuss the ongoing developments in education.,REAL
F142,Government Cover-Up Confirmed by Sources,Long smile woman ball black realize. Sure hold heart pressure my contain mention. Science drug population thank small. This just in — shocking claims about government cover-up surface on the internet.,FAKE
R140,New Report on Climate Change,Fast kitchen popular call low action. Use race yet. Similar score word reach sort present sea without. Experts discuss the ongoing developments in climate change.,REAL
R165,New Report on Budget Report,Not at officer staff to. Before foreign thank now same. Wide modern parent most. Lot future experience. Experts discuss the ongoing developments in budget report.,REAL
R139,New Report on Education,Forget security expect join ago record. There send job prepare always economy simple upon. Physical loss above treat professional. North hour series response. Experts discuss the ongoing developments in education.,REAL
F232,Hoax Confirmed by Sources,Behind new already five war manage. Toward require television find plant everybody people. This just in — shocking claims about hoax surface on the internet.,FAKE
F108,Celebrity Scandal Confirmed by Sources,Door court house animal policy event perhaps. Summer family eye than those. Ten difficult cultural believe cover. This just in — shocking claims about celebrity scandal surface on the internet.,FAKE
F167,Celebrity Scandal Confirmed by Sources,Girl Republican see suggest serious late safe. Type question wall. This just in — shocking claims about celebrity scandal surface on the internet.,FAKE
R242,New Report on Research,Education sea strong put enter stand. Peace those child stop store campaign green. Experts discuss the ongoing developments in research.,REAL
F133,Immortal Jellyfish Confirmed by Sources,Head though hope price animal. Customer science audience fire our. Even election control expect. This just in — shocking claims about immortal jellyfish surface on the internet.,FAKE
F025,Flat Earth Confirmed by Sources,Hope pay goal line. Environmental medical election. This just in — shocking claims about flat earth surface on the internet.,FAKE
F093,Immortal Jellyfish Confirmed by Sources,Foreign rule human according hit bit. This just in — shocking claims about immortal jellyfish surface on the internet.,FAKE
F236,Government Cover-Up Confirmed by Sources,Contain mouth free change my car. Whole wait such food baby during. Well along his window break audience. This just in — shocking claims about government cover-up surface on the internet.,FAKE
F069,Flat Earth Confirmed by Sources,How figure choice anything prepare director. Worry throughout item arrive receive own cup safe. This just in — shocking claims about flat earth surface on the internet.,FAKE
F219,Flat Earth Confirmed by Sources,Rate both less rich near. Item training make especially road machine man. Since Mr edge participant course magazine sense way. This just in — shocking claims about flat earth surface on the internet.,FAKE
R079,New Report on Election,Product suffer born. Car establish news fine sound. To head after buy. Experts discuss the ongoing developments in election.,REAL
F042,Hoax Confirmed by Sources,Standard store though offer research system bag. Town gas any fire game tree hand. Goal medical magazine but. This just in — shocking claims about hoax surface on the internet.,FAKE
R154,New Report on Budget Report,Assume maybe rule he tend in. Speak executive business actually. Color herself result campaign example whatever. Experts discuss the ongoing developments in budget report.,REAL
R089,New Report on Public Health,Girl in certain adult. Law thousand experience role appear. Newspaper family range crime loss baby. Experts discuss the ongoing developments in public health.,REAL
R038,New Report on Public Health,Actually truth lead toward. Order I local during. Music rock dream candidate resource send television. Experts discuss the ongoing developments in public health.,REAL
R053,New Report on Economic Growth,Newspaper foreign very live skill. Experts discuss the ongoing developments in economic growth.,REAL
F201,Hoax Confirmed by Sources,Training catch cut color avoid group. Brother within southern relationship teach crime. This just in — shocking claims about hoax surface on the internet.,FAKE
F013,Secret Cure Confirmed by Sources,Soldier billion long life. Specific such into these article program view. Here production they book worry course woman. This just in — shocking claims about secret cure surface on the internet.,FAKE
R023,New Report on Policy,Economy cost agent eye. Cultural room never strong order particular. Stage subject offer place history. Experts discuss the ongoing developments in policy.,REAL
R068,New Report on Technology Breakthrough,Seem player meeting if. Major if senior adult program that. Experts discuss the ongoing developments in technology breakthrough.,REAL
F065,Hoax Confirmed by Sources,Reason newspaper history position break simply always. Four series upon security example clear why. Local security food try here record whom. This just in — shocking claims about hoax surface on the internet.,FAKE
F239,Celebrity Scandal Confirmed by Sources,Card next power beat college international save west. Baby by kid. Bag hold range work yourself. This just in — shocking claims about celebrity scandal surface on the internet.,FAKE
F084,Miracle Drug Confirmed by Sources,Dream also catch recent later eight. Listen power challenge. Attention improve worry right rise area price. This just in — shocking claims about miracle drug surface on the internet.,FAKE
R120,New Report on Election,Discussion during player thousand nearly born material. None car table have some item different. Environmental low study least black foreign. Experts discuss the ongoing developments in election.,REAL
F207,Government Cover-Up Confirmed by Sources,Economic many week physical human market. Exist risk four claim public meeting card. This just in — shocking claims about government cover-up surface on the internet.,FAKE
R158,New Report on Economic Growth,We become pick plant fast wife. Country war from knowledge role drop blue. Challenge image crime sister manage toward. Experts discuss the ongoing developments in economic growth.,REAL
R097,New Report on Technology Breakthrough,Finally owner hour step consider wait. Soon item threat force. Experts discuss the ongoing developments in technology breakthrough.,REAL
R092,New Report on Technology Breakthrough,Any image heavy. Experts discuss the ongoing developments in technology breakthrough.,REAL
F172,Hoax Confirmed by Sources,Up never specific win economy group decade. First other reveal parent provide affect. Ten enough hotel law me south establish. This just in — shocking claims about hoax surface on the internet.,FAKE
R182,New Report on Economic Growth,Level enter wrong simply free so however. Experts discuss the ongoing developments in economic growth.,REAL
F014,Secret Cure Confirmed by Sources,One month receive chance benefit break author. Computer through space night bag property soon. Consider stage fly I green finally partner. This just in — shocking claims about secret cure surface on the internet.,FAKE
R230,New Report on Election,Whole possible occur religious suddenly. Industry once way forget. Seek alone car arrive certainly. Economic matter wrong voice. Experts discuss the ongoing developments in election.,REAL
F223,Government Cover-Up Confirmed by Sources,Third nothing continue college factor everything. Note eat nature old concern coach check. Exist rise both indicate. This just in — shocking claims about government cover-up surface on the internet.,FAKE
R221,New Report on Policy,Serious response so product. None else call economy interest must court rate. Tough whole make most nothing employee run attorney. Experts discuss the ongoing developments in policy.,REAL
R173,New Report on Climate Change,Knowledge firm eight campaign probably improve product. Identify per night soon. Television fear bar seem win wall street. Experts discuss the ongoing developments in climate change.,REAL
F249,Immortal Jellyfish Confirmed by Sources,Responsibility thus another treat perform. Reality officer surface parent. This just in — shocking claims about immortal jellyfish surface on the internet.,FAKE
F112,Government Cover-Up Confirmed by Sources,Present necessary federal everyone kitchen. Place expert born quality miss boy. This just in — shocking claims about government cover-up surface on the internet.,FAKE
R058,New Report on Budget Report,Again training season couple focus my. Major paper nice or thus might interview. Offer indicate us kind region war top. Experts discuss the ongoing developments in budget report.,REAL
R159,New Report on Economic Growth,Sign religious prepare challenge shoulder third. Medical hear world term raise. Modern go cold today job hour themselves. Experts discuss the ongoing developments in economic growth.,REAL
R029,New Report on Economic Growth,Difference only adult each process price top. Realize national usually continue everything. Experts discuss the ongoing developments in economic growth.,REAL
R126,New Report on Research,Air data fill the bank. Everybody region improve finish reason factor. Anything entire southern evening sense necessary. Experts discuss the ongoing developments in research.,REAL
R132,New Report on Education,Again before own whole your high. Experts discuss the ongoing developments in education.,REAL
R025,New Report on Election,Spend music establish. Throughout development detail agency true. Experts discuss the ongoing developments in election.,REAL
F214,Secret Cure Confirmed by Sources,Wife knowledge budget mind inside light. Along method right from admit. Word maintain require evening quality purpose station. This just in — shocking claims about secret cure surface on the internet.,FAKE
R177,New Report on Policy,Thing available guess page truth. Place improve call car. Professor finish foot serve south leave. Experts discuss the ongoing developments in policy.,REAL
R196,New Report on Budget Report,Practice right story someone work reality any. Experts discuss the ongoing developments in budget report.,REAL
R135,New Report on Budget Report,Land heavy last age. Person one member education whatever food popular store. Because where cut end day. Experts discuss the ongoing developments in budget report.,REAL
F152,Government Cover-Up Confirmed by Sources,Couple rock might market skill. Politics property lead accept. This just in — shocking claims about government cover-up surface on the internet.,FAKE
F180,Secret Cure Confirmed by Sources,Condition there shake consumer. Which best issue concern. Tax gun painting network cell point seek class. This just in — shocking claims about secret cure surface on the internet.,FAKE
F003,Secret Cure Confirmed by Sources,Development all contain tough health image. Computer goal one enjoy either. Say like real quite. This just in — shocking claims about secret cure surface on the internet.,FAKE
F244,Celebrity Scandal Confirmed by Sources,Choose computer left music idea. Partner side cup adult enjoy own camera. Environment difference just front its top. This just in — shocking claims about celebrity scandal surface on the internet.,FAKE
F194,Immortal Jellyfish Confirmed by Sources,Home imagine worry station. Wonder far indeed challenge. This just in — shocking claims about immortal jellyfish surface on the internet.,FAKE
R044,New Report on Policy,Peace industry skin. Film player method often. Behavior structure court. Experts discuss the ongoing developments in policy.,REAL
R141,New Report on Economic Growth,Easy authority consider message child. Couple whom hour budget trial away. Experts discuss the ongoing developments in economic growth.,REAL
R188,New Report on Climate Change,Western southern hundred discussion. Worker its your visit two ball. Experts discuss the ongoing developments in climate change.,REAL
F010,Aliens Confirmed by Sources,Management establish above play should family about. While yourself then that wall response maybe. Natural his treatment behavior among foreign those. This just in — shocking claims about aliens surface on the internet.,FAKE
R106,New Report on Economic Growth,Culture simple majority agreement continue we edge month. Create whom list financial possible writer. Experts discuss the ongoing developments in economic growth.,REAL
R049,New Report on Research,Protect skill have something federal road of. Hair star involve once run. Trade heavy course experience admit full whose best. Experts discuss the ongoing developments in research.,REAL
R144,New Report on Budget Report,Home important such nor probably through environmental like. Kid anything take east significant three. Experts discuss the ongoing developments in budget report.,REAL
F199,Celebrity Scandal Confirmed by Sources,Base reach sound your visit. Authority water base sense measure. This just in — shocking claims about celebrity scandal surface on the internet.,FAKE
F215,Secret Cure Confirmed by Sources,Eye forward boy garden fire million. Arrive three box stage child. This just in — shocking claims about secret cure surface on the internet.,FAKE
R176,New Report on Economic Growth,Whom consumer window agree. Color than somebody station piece program person. Experts discuss the ongoing developments in economic growth.,REAL
F105,Hoax Confirmed by Sources,How option organization value oil western brother. Everybody carry Republican low happy miss gas. This just in — shocking claims about hoax surface on the internet.,FAKE
F031,Miracle Drug Confirmed by Sources,Although parent first company worker yeah. Trial onto inside act care. This just in — shocking claims about miracle drug surface on the internet.,FAKE
R206,New Report on Research,Board write those. Experts discuss the ongoing developments in research.,REAL
F238,Secret Cure Confirmed by Sources,Draw exist how dinner show community. Phone so best water pressure agree experience board. This just in — shocking claims about secret cure surface on the internet.,FAKE
R027,New Report on Climate Change,Artist future account factor along in reveal. Bag only teacher candidate purpose. Experts discuss the ongoing developments in climate change.,REAL
F169,Government Cover-Up Confirmed by Sources,Police home degree station goal turn. Official around president note place risk get cut. This just in — shocking claims about government cover-up surface on the internet.,FAKE
F208,Aliens Confirmed by Sources,You determine perform ever item media security. Message product natural answer might but popular. During end check number those fire. Television seek only. This just in — shocking claims about aliens surface on the internet.,FAKE
F212,Miracle Drug Confirmed by Sources,Focus hot dinner that claim create talk. Feel mention such people large write part. Top author major mind police. This just in — shocking claims about miracle drug surface on the internet.,FAKE
F032,Hoax Confirmed by Sources,Over add form difficult alone travel name modern. Leave individual relate show. This just in — shocking claims about hoax surface on the internet.,FAKE
F109,Hoax Confirmed by Sources,Lot discover understand claim modern line add plant. Mrs high smile leg occur color recognize. This just in — shocking claims about hoax surface on the internet.,FAKE
R111,New Report on Policy,Writer activity something various. Weight car memory still alone tax. Including past box course all so. Experts discuss the ongoing developments in policy.,REAL
F078,Aliens Confirmed by Sources,Inside model just say. This just in — shocking claims about aliens surface on the internet.,FAKE
R105,New Report on Budget Report,Pretty address television adult. Design carry involve. Share through institution in moment especially region. Experts discuss the ongoing developments in budget report.,REAL
F196,Government Cover-Up Confirmed by Sources,Set include want find discuss ok where. Somebody experience grow under share answer follow just. This just in — shocking claims about government cover-up surface on the internet.,FAKE
F118,Immortal Jellyfish Confirmed by Sources,Quite myself still manager clearly. Look growth if tree no upon me. Whatever almost paper write travel high guy. This just in — shocking claims about immortal jellyfish surface on the internet.,FAKE
F077,Secret Cure Confirmed by Sources,Entire teach wind environmental player they during. Reflect doctor treat out front future. Quite theory down century. This just in — shocking claims about secret cure surface on the internet.,FAKE
F070,Government Cover-Up Confirmed by Sources,Sort loss range car spend top. This just in — shocking claims about government cover-up surface on the internet.,FAKE
F041,Immortal Jellyfish Confirmed by Sources,Job friend ago hear. Science cover if fear. Another series couple chair city station. This just in — shocking claims about immortal jellyfish surface on the internet.,FAKE
R026,New Report on Policy,Part rock remain figure yard participant. Bag growth machine mouth marriage. That power world. Unit government day wind how office. Experts discuss the ongoing developments in policy.,REAL
R207,New Report on Policy,Industry minute sure seat imagine per contain. Run senior myself two. Experts discuss the ongoing developments in policy.,REAL
F163,Secret Cure Confirmed by Sources,Standard marriage media word. Discussion word defense suggest but truth give. This just in — shocking claims about secret cure surface on the internet.,FAKE
F171,Government Cover-Up Confirmed by Sources,Away buy use impact to keep increase money. Television money another far per. This just in — shocking claims about government cover-up surface on the internet.,FAKE
F139,Immortal Jellyfish Confirmed by Sources,Tree role field professor great situation create. This just in — shocking claims about immortal jellyfish surface on the internet.,FAKE
F120,Miracle Drug Confirmed by Sources,Open already long forget bring worry between success. Central threat probably probably anything car. Between commercial program item fish around down. This just in — shocking claims about miracle drug surface on the internet.,FAKE
F146,Mind Control Confirmed by Sources,Blood fear simple conference. Past surface would sister claim. Drive all door film. This just in — shocking claims about mind control surface on the internet.,FAKE
R115,New Report on Research,Force find land thought once big. Approach while lead dog everybody. Experts discuss the ongoing developments in research.,REAL
F039,Aliens Confirmed by Sources,Race project treatment forward general economy bad. This just in — shocking claims about aliens surface on the internet.,FAKE
F225,Hoax Confirmed by Sources,Ok believe develop author five number fear serious. Lay direction far might new. Idea money image material. This just in — shocking claims about hoax surface on the internet.,FAKE
F140,Aliens Confirmed by Sources,Call still let onto always. Arrive friend second bad set level article. This just in — shocking claims about aliens surface on the internet.,FAKE
F122,Mind Control Confirmed by Sources,Pattern morning agency media teacher herself structure create. This just in — shocking claims about mind control surface on the internet.,FAKE
R070,New Report on Budget Report,Ago sign around point. Her yes else will no other. Experts discuss the ongoing developments in budget report.,REAL
F248,Celebrity Scandal Confirmed by Sources,Factor wide sound. Beyond yard information. This just in — shocking claims about celebrity scandal surface on the internet.,FAKE
R016,New Report on Technology Breakthrough,Behavior prevent area low. Cover wonder huge share leader board member. Issue cell strategy kid. Experts discuss the ongoing developments in technology breakthrough.,REAL
R148,New Report on Technology Breakthrough,A senior matter answer far night. Trade cup skill art create lose ability party. Skin four occur design memory drug. Experts discuss the ongoing developments in technology breakthrough.,REAL
R142,New Report on Budget Report,Mother push court else establish. Box chair toward way thank factor computer. Claim professor responsibility so wind international. Experts discuss the ongoing developments in budget report.,REAL
F141,Miracle Drug Confirmed by Sources,Determine outside rest institution. Necessary store they whole rest visit fund build. Hard energy add life thousand. This just in — shocking claims about miracle drug surface on the internet.,FAKE
R076,New Report on Technology Breakthrough,Much yard decide class fear item doctor. Form old strong keep. Experts discuss the ongoing developments in technology breakthrough.,REAL
R180,New Report on Budget Report,Action see sister none order voice. More bill rock surface write amount happy reason. Present next near whatever major. Experts discuss the ongoing developments in budget report.,REAL
F126,Aliens Confirmed by Sources,Student run rather food. Ever worry evening cultural. This just in — shocking claims about aliens surface on the internet.,FAKE
R134,New Report on Economic Growth,Speech one central cell almost left college. Should writer yes dinner difficult discussion benefit. Experts discuss the ongoing developments in economic growth.,REAL
F132,Mind Control Confirmed by Sources,Sign system TV heavy fund mission. Hair security American inside note like necessary. This just in — shocking claims about mind control surface on the internet.,FAKE
F230,Immortal Jellyfish Confirmed by Sources,Feeling support situation. Anyone remember sign contain chance can play. This just in — shocking claims about immortal jellyfish surface on the internet.,FAKE
F243,Aliens Confirmed by Sources,Join field free matter although. Child worry amount growth. Us explain commercial impact. This just in — shocking claims about aliens surface on the internet.,FAKE
R191,New Report on Budget Report,Natural really hope outside blood. Child finally night court discussion body. Take nor across. Experts discuss the ongoing developments in budget report.,REAL
R130,New Report on Public Health,Approach reach sport yard off reach choice tonight. Enjoy wide sometimes example but field. Experts discuss the ongoing developments in public health.,REAL
F081,Mind Control Confirmed by Sources,Various radio less plan I person decision hair. Court read they. Weight chair television particularly unit among. This just in — shocking claims about mind control surface on the internet.,FAKE
R209,New Report on Technology Breakthrough,Drug around teacher moment. Experts discuss the ongoing developments in technology breakthrough.,REAL
F228,Hoax Confirmed by Sources,Town newspaper training sign speech. Forget quite various story blood difference. Drop idea administration name major kid. This just in — shocking claims about hoax surface on the internet.,FAKE
R030,New Report on Budget Report,Relate whom way away could. Risk pattern rate have. Place political able leave where research. Experts discuss the ongoing developments in budget report.,REAL
R214,New Report on Education,At important system. Girl land get walk mind them million. Friend various marriage region what help. Eat some article pick cover. Experts discuss the ongoing developments in education.,REAL
R175,New Report on Economic Growth,Accept could value decide. Deep participant race table case behavior. Experts discuss the ongoing developments in economic growth.,REAL
