id,filtered_words,features,label_index
R129,"['bank', 'sit', 'although', 'born', 'test', 'cover', 'fear.', 'success', 'election', 'car', 'major', 'information', 'culture', 'picture.', 'letter', 'newspaper', 'authority', 'lay.', 'experts', 'discuss', 'ongoing', 'developments', 'election.']","(10000,[132,564,899,1058,1176,2887,3238,3556,3614,3674,4506,4687,6104,6586,6946,7615,7779,8190,8645,8982,9462,9545,9828],[4.607168188650764,3.914021008090819,5.523458920524919,3.914021008090819,3.914021008090819,5.523458920524919,3.914021008090819,2.7826188965997183,0.6636465161632473,3.5085558999826545,0.691153161953081,0.691153161953081,3.8187108282864943,4.137164559405029,4.42484663185681,5.117993812416755,3.914021008090819,4.137164559405029,4.270695952029551,4.270695952029551,0.691153161953081,4.42484663185681,3.7316994512968646])",1.0
R227,"['age', 'politics', 'sometimes', 'series', 'develop', 'action', 'figure.', 'focus', 'democratic', 'hour', 'century', 'economic', 'attorney', 'most.', 'south', 'price', 'news', 'let', 'shoulder.', 'experts', 'discuss', 'ongoing', 'developments', 'climate', 'change.']","(10000,[527,821,1241,1599,1738,2059,2433,3614,3740,3931,4247,4463,4506,4687,4816,4853,5606,5869,5887,6633,7841,8267,8791,9144,9462],[3.914021008090819,2.849310271098391,3.6516567436233283,4.830311739964974,4.42484663185681,2.6902455764687034,4.42484663185681,0.6636465161632473,5.523458920524919,3.4440173788450834,5.523458920524919,3.6516567436233283,0.691153161953081,0.691153161953081,3.7316994512968646,4.42484663185681,4.270695952029551,4.607168188650764,3.4440173788450834,4.137164559405029,4.137164559405029,4.42484663185681,4.42484663185681,2.7200985396183848,0.691153161953081])",1.0
F231,"['impact', 'shake', 'word', 'could.', 'authority', 'section', 'expect.', 'ready', 'tax', 'course', 'television', 'ago', 'political.', '—', 'shocking', 'claims', 'aliens', 'surface', 'internet.']","(10000,[503,650,1176,1896,1972,2180,2603,3519,3652,5850,6557,6587,6968,7281,7876,7936,8219,8338,8713],[0.691153161953081,2.958509563063383,3.914021008090819,4.137164559405029,4.270695952029551,4.137164559405029,5.523458920524919,4.270695952029551,3.914021008090819,0.691153161953081,3.6516567436233283,4.830311739964974,4.270695952029551,0.6832166123573445,4.607168188650764,0.691153161953081,4.607168188650764,0.691153161953081,3.7316994512968646])",0.0
R066,"['worry', 'reduce', 'age', 'answer', 'part', 'ball', 'population.', 'mr', 'student', 'responsibility', 'piece.', 'yes', 'choice', 'film', 'activity.', 'experts', 'discuss', 'ongoing', 'developments', 'policy.']","(10000,[2647,3502,3536,3614,3619,4506,4687,5003,5044,6053,6599,6944,7417,7492,8159,8343,8740,8791,9462,9784],[4.607168188650764,4.137164559405029,4.019381523748645,0.6636465161632473,4.270695952029551,0.691153161953081,0.691153161953081,4.019381523748645,3.914021008090819,3.7316994512968646,5.117993812416755,2.8154087194227095,5.523458920524919,4.42484663185681,4.019381523748645,3.7316994512968646,4.270695952029551,4.42484663185681,0.691153161953081,5.523458920524919])",1.0
F095,"['stand', 'eat', 'set', 'store', 'another.', 'art', 'door', 'discuss', 'church', 'spring.', 'type', 'enough', 'room', 'claim', 'difference', 'performance.', '—', 'shocking', 'claims', 'mind', 'control', 'surface', 'internet.']","(10000,[494,503,1208,1273,1596,3184,3526,3614,4748,4847,5342,5850,6886,7184,7276,7281,7854,7866,7936,7963,8338,8937,9183],[4.019381523748645,0.691153161953081,2.661258039595451,4.270695952029551,5.523458920524919,2.7508701982851385,4.270695952029551,0.6636465161632473,4.830311739964974,4.830311739964974,4.019381523748645,0.691153161953081,4.607168188650764,4.270695952029551,4.42484663185681,0.6832166123573445,4.830311739964974,3.914021008090819,0.691153161953081,4.42484663185681,0.691153161953081,3.914021008090819,5.523458920524919])",0.0
R174,"['power', 'threat', 'agreement', 'dog', 'apply', 'local', 'former.', 'key', 'decade', 'name', 'manage', 'certain', 'rather', 'when.', 'experts', 'discuss', 'ongoing', 'developments', 'policy.']","(10000,[15,228,2837,3056,3131,3614,4506,4687,6030,6422,6944,7312,7883,8070,8413,9288,9401,9462,9564],[4.270695952029551,4.607168188650764,4.019381523748645,4.270695952029551,3.914021008090819,0.6636465161632473,0.691153161953081,0.691153161953081,4.137164559405029,5.117993812416755,2.8154087194227095,4.42484663185681,4.607168188650764,3.8187108282864943,3.6516567436233283,4.607168188650764,5.117993812416755,0.691153161953081,4.270695952029551])",1.0
R201,"['build', 'perhaps', 'amount', 'interview', 'sea', 'outside.', 'information', 'process', 'scene.', 'good', 'relate', 'coach.', 'experts', 'discuss', 'ongoing', 'developments', 'public', 'health.']","(10000,[988,1259,1479,1770,3014,3614,4506,4687,6035,6168,6219,7222,7954,8040,8190,9372,9462,9617],[3.914021008090819,3.914021008090819,5.523458920524919,2.958509563063383,4.137164559405029,0.6636465161632473,0.691153161953081,0.691153161953081,3.383392757028649,4.019381523748645,3.0811118851557153,3.914021008090819,4.830311739964974,4.137164559405029,4.137164559405029,4.270695952029551,0.691153161953081,3.8187108282864943])",1.0
R072,"['lay', 'support', 'well', 'throughout', 'order', 'explain.', 'step', 'last', 'check', 'western', 'modern', 'name', 'since', 'best.', 'food', 'concern', 'particularly.', 'experts', 'discuss', 'ongoing', 'developments', 'education.']","(10000,[15,157,524,1226,1558,1968,2336,3605,3614,3901,3989,4475,4506,4687,5047,5948,6043,6287,8217,8653,9168,9462],[4.270695952029551,3.5085558999826545,3.577548771469606,3.914021008090819,4.607168188650764,4.830311739964974,3.914021008090819,4.607168188650764,0.6636465161632473,3.914021008090819,4.137164559405029,4.270695952029551,0.691153161953081,0.691153161953081,2.6902455764687034,4.137164559405029,4.830311739964974,4.270695952029551,4.607168188650764,4.137164559405029,4.830311739964974,0.691153161953081])",1.0
R064,"['mr', 'student', 'boy.', 'toward', 'campaign', 'experience.', 'experts', 'discuss', 'ongoing', 'developments', 'research.']","(10000,[2072,2647,3194,3536,3614,4506,4687,6675,7066,8046,9462],[4.830311739964974,4.607168188650764,4.42484663185681,4.019381523748645,0.6636465161632473,0.691153161953081,0.691153161953081,3.8187108282864943,2.849310271098391,5.117993812416755,0.691153161953081])",1.0
F037,"['realize', 'arrive', 'push', 'find', 'meeting.', 'minute', 'visit', 'professor', 'become.', 'member', 'fund', 'information', 'see', 'scene.', '—', 'shocking', 'claims', 'miracle', 'drug', 'surface', 'internet.']","(10000,[503,698,1256,1582,2543,3357,4638,5354,5850,5978,6790,7032,7281,7391,7510,7860,7936,8190,8338,9372,9714],[0.691153161953081,4.270695952029551,3.125563647726549,4.42484663185681,3.4440173788450834,3.914021008090819,4.137164559405029,3.914021008090819,0.691153161953081,4.019381523748645,4.137164559405029,4.830311739964974,0.6832166123573445,3.8187108282864943,3.7316994512968646,2.920769235080536,0.691153161953081,4.137164559405029,0.691153161953081,4.270695952029551,4.607168188650764])",0.0
R170,"['tell', 'table', 'behind', 'method', 'mouth', 'series', 'best', 'serve.', 'democrat', 'event', 'cause', 'community', 'husband', 'my.', 'experts', 'discuss', 'ongoing', 'developments', 'technology', 'breakthrough.']","(10000,[316,763,1020,1850,2227,3614,3931,4346,4463,4506,4596,4687,5234,6015,7160,7208,7497,7728,8174,9462],[4.270695952029551,4.137164559405029,2.5530444549552183,4.137164559405029,2.7200985396183848,0.6636465161632473,3.4440173788450834,4.42484663185681,3.6516567436233283,0.691153161953081,5.117993812416755,0.691153161953081,4.137164559405029,4.42484663185681,5.117993812416755,4.019381523748645,4.137164559405029,4.137164559405029,4.270695952029551,0.691153161953081])",1.0
F110,"['issue', 'serious', 'war.', 'cold', 'ready', 'professor', 'question', 'move.', 'record', 'everybody', 'total', 'interesting', 'present.', '—', 'shocking', 'claims', 'celebrity', 'scandal', 'surface', 'internet.']","(10000,[503,1117,2543,2561,2947,3486,3634,3816,3920,4347,4921,5760,5850,6279,6557,6616,6749,7281,7936,8338],[0.691153161953081,4.019381523748645,3.4440173788450834,3.914021008090819,4.607168188650764,2.849310271098391,4.607168188650764,5.523458920524919,4.607168188650764,4.42484663185681,2.849310271098391,4.42484663185681,0.691153161953081,4.42484663185681,3.6516567436233283,3.8187108282864943,5.117993812416755,0.6832166123573445,0.691153161953081,0.691153161953081])",0.0
F048,"['light', 'home.', 'president', 'population', 'several', 'leg.', 'fact', 'new', 'wrong', 'well', 'nor.', '—', 'shocking', 'claims', 'secret', 'cure', 'surface', 'internet.']","(10000,[157,503,585,1238,1306,1720,3892,5850,5861,6512,6747,7215,7281,7936,8338,8439,9227,9258],[3.5085558999826545,0.691153161953081,4.270695952029551,5.117993812416755,4.42484663185681,3.914021008090819,2.5530444549552183,0.691153161953081,4.607168188650764,4.270695952029551,2.5530444549552183,4.607168188650764,0.6832166123573445,0.691153161953081,0.691153161953081,5.117993812416755,4.270695952029551,3.7316994512968646])",0.0
F082,"['camera', 'type', 'trial', 'staff', 'month', 'build', 'summer.', 'happy', 'whether', 'country', 'grow', 'especially', 'force.', 'series', 'admit', 'life', 'family', 'state.', '—', 'shocking', 'claims', 'hoax', 'surface', 'internet.']","(10000,[503,1650,2191,2404,3014,3406,3410,3477,3526,4377,4463,5347,5741,5850,6224,6291,7281,7870,7936,8173,8297,8338,8714,8929],[0.691153161953081,4.607168188650764,5.117993812416755,4.607168188650764,4.137164559405029,4.42484663185681,4.270695952029551,4.607168188650764,4.270695952029551,2.60568818844064,3.6516567436233283,4.42484663185681,4.270695952029551,0.691153161953081,3.914021008090819,4.42484663185681,0.6832166123573445,4.137164559405029,0.691153161953081,3.3262343431887,3.8187108282864943,0.691153161953081,3.914021008090819,4.607168188650764])",0.0
F187,"['political', 'particular', 'various.', 'moment', 'structure', 'really', 'cover', 'book', 'election.', '—', 'shocking', 'claims', 'miracle', 'drug', 'surface', 'internet.']","(10000,[393,503,1256,2996,3401,3556,3935,4112,5850,6104,6584,7281,7860,7936,8338,8984],[4.830311739964974,0.691153161953081,3.125563647726549,3.3262343431887,4.137164559405029,2.7826188965997183,3.7316994512968646,3.914021008090819,0.691153161953081,3.8187108282864943,5.117993812416755,0.6832166123573445,2.920769235080536,0.691153161953081,0.691153161953081,4.270695952029551])",0.0
F027,"['thus', 'ahead', 'national.', 'hotel', 'likely', 'accept', 'dream', 'away.', '—', 'shocking', 'claims', 'miracle', 'drug', 'surface', 'internet.']","(10000,[309,503,1256,2366,2657,2663,5684,5850,6830,7281,7682,7860,7936,8268,8338],[4.270695952029551,0.691153161953081,3.125563647726549,4.270695952029551,3.7316994512968646,4.42484663185681,3.577548771469606,0.691153161953081,4.830311739964974,0.6832166123573445,5.523458920524919,2.920769235080536,0.691153161953081,3.6516567436233283,0.691153161953081])",0.0
F202,"['control', 'population', 'cultural', 'seven', 'level.', 'sea', 'family', 'end', 'treatment', 'almost', 'exactly.', 'size', 'ask', 'matter', 'might.', '—', 'shocking', 'claims', 'hoax', 'surface', 'internet.']","(10000,[160,453,503,1208,2402,3192,3507,4377,5850,6729,7281,7850,7936,8015,8297,8338,8566,9121,9233,9258,9617],[5.523458920524919,3.8187108282864943,0.691153161953081,2.661258039595451,4.137164559405029,4.137164559405029,3.7316994512968646,2.60568818844064,0.691153161953081,5.523458920524919,0.6832166123573445,4.42484663185681,0.691153161953081,4.137164559405029,3.8187108282864943,0.691153161953081,4.270695952029551,4.830311739964974,4.607168188650764,3.7316994512968646,3.8187108282864943])",0.0
F197,"['turn', 'probably', 'country', 'machine.', 'week', 'effort', 'teach', 'watch', 'recently.', '—', 'shocking', 'claims', 'secret', 'cure', 'surface', 'internet.']","(10000,[503,1031,1902,2297,2708,3886,3892,5122,5726,5850,6747,7281,7870,7936,8338,8522],[0.691153161953081,5.523458920524919,5.117993812416755,3.6516567436233283,3.577548771469606,4.607168188650764,2.5530444549552183,4.137164559405029,4.270695952029551,0.691153161953081,2.5530444549552183,0.6832166123573445,4.137164559405029,0.691153161953081,0.691153161953081,4.137164559405029])",0.0
R128,"['drop', 'write', 'hundred', 'deal', 'old.', 'suggest', 'pm', 'ball', 'return', 'guess', 'player.', 'bill', 'education', 'possible', 'bring', 'instead', 'third', 'building.', 'experts', 'discuss', 'ongoing', 'developments', 'climate', 'change.']","(10000,[635,821,1433,2059,2263,2278,2812,3057,3614,4506,4527,4687,5175,5445,5530,6100,7026,7492,7816,8135,8577,8660,8771,9462],[3.8187108282864943,2.849310271098391,4.607168188650764,2.6902455764687034,4.607168188650764,4.607168188650764,4.830311739964974,3.7316994512968646,0.6636465161632473,0.691153161953081,4.42484663185681,0.691153161953081,4.137164559405029,4.137164559405029,4.270695952029551,4.137164559405029,4.830311739964974,4.42484663185681,4.270695952029551,4.137164559405029,4.607168188650764,4.019381523748645,4.270695952029551,0.691153161953081])",1.0
F157,"['threat', 'risk', 'anyone', 'federal.', 'believe', 'theory', 'hope.', 'contain', 'nice', 'control', 'detail', 'single', 'despite.', '—', 'shocking', 'claims', 'government', 'cover-up', 'surface', 'internet.']","(10000,[503,533,666,1143,1208,1468,2259,2782,3370,4330,5850,7281,7493,7889,7936,8070,8338,8794,9813,9918],[0.691153161953081,4.137164559405029,4.42484663185681,4.42484663185681,2.661258039595451,3.914021008090819,2.8154087194227095,5.117993812416755,4.270695952029551,5.117993812416755,0.691153161953081,0.6832166123573445,4.019381523748645,5.117993812416755,0.691153161953081,3.8187108282864943,0.691153161953081,4.137164559405029,2.997730276216664,4.607168188650764])",0.0
F117,"['strong', 'mouth', 'direction', 'executive', 'test', 'instead.', 'listen', 'hot', 'economy', 'west', 'organization', 'always.', '—', 'shocking', 'claims', 'hoax', 'surface', 'internet.']","(10000,[217,429,503,1364,1955,4377,5085,5850,6355,6586,6816,7281,7497,7936,8338,8554,9693,9966],[3.7316994512968646,4.42484663185681,0.691153161953081,4.270695952029551,5.523458920524919,2.60568818844064,4.019381523748645,0.691153161953081,4.137164559405029,4.137164559405029,4.830311739964974,0.6832166123573445,4.137164559405029,0.691153161953081,0.691153161953081,4.019381523748645,4.270695952029551,4.607168188650764])",0.0
F173,"['science', 'simply', 'couple.', 'first', 'thus', 'summer', 'list', 'consumer', 'stuff.', 'growth', 'identify', 'sign', 'former', 'trouble.', '—', 'shocking', 'claims', 'secret', 'cure', 'surface', 'internet.']","(10000,[317,320,503,708,1642,2825,3363,3892,3967,4160,5684,5850,6403,6747,6756,7281,7936,8338,8728,9475,9481],[5.523458920524919,4.270695952029551,0.691153161953081,5.117993812416755,4.270695952029551,5.117993812416755,3.8187108282864943,2.5530444549552183,4.019381523748645,4.607168188650764,3.577548771469606,0.691153161953081,4.137164559405029,2.5530444549552183,3.3262343431887,0.6832166123573445,0.691153161953081,0.691153161953081,4.019381523748645,3.914021008090819,4.137164559405029])",0.0
F024,"['case', 'determine', 'party', 'talk', 'product.', 'tree', 'item', 'fish', 'political', 'view', 'majority', 'thousand.', '—', 'shocking', 'claims', 'aliens', 'surface', 'internet.']","(10000,[503,650,1376,1379,1916,3935,4270,5850,5871,6342,6444,7281,7293,7734,7936,8338,8925,9244],[0.691153161953081,2.958509563063383,3.7316994512968646,5.117993812416755,3.7316994512968646,3.7316994512968646,4.42484663185681,0.691153161953081,4.137164559405029,4.019381523748645,4.42484663185681,0.6832166123573445,4.42484663185681,4.019381523748645,0.691153161953081,0.691153161953081,4.830311739964974,3.914021008090819])",0.0
F096,"['take', 'read', 'level', 'never', 'step.', 'manager', 'focus', 'along', 'audience', 'lose.', '—', 'shocking', 'claims', 'celebrity', 'scandal', 'surface', 'internet.']","(10000,[281,503,855,1312,1499,1652,2835,2840,3486,3931,4921,5017,5850,7281,7650,7936,8338],[4.270695952029551,0.691153161953081,4.270695952029551,4.137164559405029,3.8187108282864943,4.830311739964974,5.117993812416755,4.019381523748645,2.849310271098391,3.4440173788450834,2.849310271098391,5.523458920524919,0.691153161953081,0.6832166123573445,4.42484663185681,0.691153161953081,0.691153161953081])",0.0
R247,"['cultural', 'position', 'business', 'yes', 'blood', 'just.', 'box', 'spend', 'feeling', 'set.', 'experts', 'discuss', 'ongoing', 'developments', 'public', 'health.']","(10000,[353,613,1339,1457,1770,2359,3614,4506,4687,5044,5374,5767,6219,7922,9233,9462],[4.607168188650764,3.8187108282864943,4.42484663185681,5.117993812416755,2.958509563063383,3.8187108282864943,0.6636465161632473,0.691153161953081,0.691153161953081,3.914021008090819,3.6516567436233283,5.523458920524919,3.0811118851557153,4.42484663185681,4.607168188650764,0.691153161953081])",1.0
F226,"['age', 'officer', 'air', 'close.', 'despite', 'career', 'significant', 'without', 'especially.', '—', 'shocking', 'claims', 'government', 'cover-up', 'surface', 'internet.']","(10000,[88,503,696,1301,1770,2259,4043,4930,5850,7281,7936,7937,8338,8552,8791,9813],[4.137164559405029,0.691153161953081,3.8187108282864943,4.607168188650764,2.958509563063383,2.8154087194227095,4.42484663185681,4.137164559405029,0.691153161953081,0.6832166123573445,0.691153161953081,4.830311739964974,0.691153161953081,4.607168188650764,4.42484663185681,2.997730276216664])",0.0
F100,"['clearly', 'close.', 'ask', 'focus', 'such.', 'ask', 'stock', 'notice', 'rate', 'forget.', '—', 'shocking', 'claims', 'flat', 'earth', 'surface', 'internet.']","(10000,[253,497,503,793,1525,2918,3507,3629,3931,5850,7281,7936,7937,8238,8338,9676],[3.7316994512968646,4.830311739964974,0.691153161953081,4.42484663185681,4.42484663185681,3.0385522707369192,7.463398902593729,5.117993812416755,3.4440173788450834,0.691153161953081,0.6832166123573445,0.691153161953081,4.830311739964974,4.830311739964974,0.691153161953081,3.0385522707369192])",0.0
F246,"['letter', 'worry', 'compare', 'fact', 'friend', 'end.', 'let', 'leader', 'knowledge', 'image', 'head', 'response.', 'lot', 'seven', 'child', 'enter', 'risk.', '—', 'shocking', 'claims', 'government', 'cover-up', 'surface', 'internet.']","(10000,[488,503,564,1064,1526,1868,2259,4943,4959,5303,5850,6711,7215,7244,7281,7435,7850,7864,7936,8267,8338,8343,9246,9813],[4.137164559405029,0.691153161953081,3.914021008090819,3.914021008090819,3.914021008090819,5.117993812416755,2.8154087194227095,4.270695952029551,5.117993812416755,4.137164559405029,0.691153161953081,4.830311739964974,4.607168188650764,3.4440173788450834,0.6832166123573445,4.137164559405029,4.42484663185681,3.6516567436233283,0.691153161953081,4.42484663185681,0.691153161953081,3.7316994512968646,4.137164559405029,2.997730276216664])",0.0
F183,"['experience', 'interest', 'individual', 'sit.', 'letter', 'draw', 'condition', 'us', 'law.', 'activity', 'car', 'true', 'result', 'must.', 'spring', 'event.', '—', 'shocking', 'claims', 'aliens', 'surface', 'internet.']","(10000,[70,399,503,564,650,1644,2778,3635,3674,3739,5279,5328,5850,6660,7188,7281,7936,8110,8167,8338,8538,8614],[3.6516567436233283,4.270695952029551,0.691153161953081,3.914021008090819,2.958509563063383,4.42484663185681,5.117993812416755,4.019381523748645,3.5085558999826545,4.830311739964974,5.523458920524919,3.6516567436233283,0.691153161953081,4.137164559405029,4.270695952029551,0.6832166123573445,0.691153161953081,4.270695952029551,4.270695952029551,0.691153161953081,5.117993812416755,4.270695952029551])",0.0
R063,"['bring', 'young', 'make', 'add', 'seven', 'trip', 'create', 'add.', 'fill', 'inside', 'break', 'skin', 'yet', 'voice', 'attention.', 'experts', 'discuss', 'ongoing', 'developments', 'policy.']","(10000,[668,1404,3057,3525,3530,3614,4037,4506,4687,5782,5833,6944,7809,7850,8203,8344,9066,9462,9727,9887],[3.8187108282864943,4.270695952029551,3.7316994512968646,4.019381523748645,4.42484663185681,0.6636465161632473,4.270695952029551,0.691153161953081,0.691153161953081,4.830311739964974,3.8187108282864943,2.8154087194227095,4.137164559405029,4.42484663185681,4.607168188650764,4.019381523748645,3.914021008090819,0.691153161953081,4.42484663185681,4.42484663185681])",1.0
R005,"['performance', 'beautiful', 'thought', 'their.', 'believe', 'bad', 'tax', 'mrs', 'trip.', 'discover', 'must', 'design', 'reality', 'heavy.', 'experts', 'discuss', 'ongoing', 'developments', 'election.']","(10000,[55,533,680,1023,1273,1411,3556,3614,3922,4108,4170,4506,4687,6587,6865,7956,9351,9462,9751],[4.137164559405029,4.137164559405029,4.42484663185681,4.42484663185681,4.270695952029551,5.117993812416755,2.7826188965997183,0.6636465161632473,4.270695952029551,4.830311739964974,3.914021008090819,0.691153161953081,0.691153161953081,4.830311739964974,5.117993812416755,4.137164559405029,4.830311739964974,0.691153161953081,4.137164559405029])",1.0
R084,"['safe', 'rather', 'home', 'maybe.', 'husband', 'despite', 'condition', 'eye.', 'interesting', 'receive', 'serve', 'remain', 'lawyer', 'candidate.', 'experts', 'discuss', 'ongoing', 'developments', 'election.']","(10000,[547,1301,1725,2600,2837,2875,3365,3556,3614,3634,4506,4617,4687,5205,5328,7208,7642,9021,9462],[5.523458920524919,4.607168188650764,4.42484663185681,5.117993812416755,4.019381523748645,4.830311739964974,4.137164559405029,2.7826188965997183,0.6636465161632473,4.607168188650764,0.691153161953081,4.42484663185681,0.691153161953081,4.607168188650764,3.6516567436233283,4.019381523748645,4.270695952029551,4.270695952029551,0.691153161953081])",1.0
R124,"['base', 'source', 'class', 'interview', 'develop.', 'whether', 'actually', 'personal', 'economic.', 'admit', 'fear', 'mission', 'difficult', 'soon.', 'experts', 'discuss', 'ongoing', 'developments', 'education.']","(10000,[1712,2007,3406,3614,4007,4506,4687,5047,5063,5635,6035,6069,6447,7721,7939,8173,8714,9462,9513],[4.019381523748645,5.117993812416755,4.42484663185681,0.6636465161632473,4.42484663185681,0.691153161953081,0.691153161953081,2.6902455764687034,5.523458920524919,4.830311739964974,3.383392757028649,4.607168188650764,4.019381523748645,4.270695952029551,4.607168188650764,3.3262343431887,3.914021008090819,0.691153161953081,3.914021008090819])",1.0
R118,"['nice', 'dinner', 'community', 'tax.', 'knowledge', 'guess', 'strategy', 'rest', 'station', 'form', 'structure.', 'catch', 'free', 'good', 'leg', 'age', 'idea', 'month', 'radio.', 'experts', 'discuss', 'ongoing', 'developments', 'research.']","(10000,[1073,2240,2291,2708,3370,3614,4506,4529,4687,5392,5621,5741,5958,6168,6290,7066,7864,7949,8174,8415,8660,8791,9032,9462],[3.914021008090819,4.019381523748645,4.607168188650764,3.577548771469606,4.270695952029551,0.6636465161632473,0.691153161953081,4.830311739964974,0.691153161953081,5.117993812416755,3.914021008090819,4.270695952029551,4.42484663185681,4.019381523748645,4.607168188650764,2.849310271098391,3.6516567436233283,4.270695952029551,4.270695952029551,3.8187108282864943,4.019381523748645,4.42484663185681,5.117993812416755,0.691153161953081])",1.0
F001,"['school', 'skin', 'shoulder', 'civil', 'phone', 'point.', 'audience', 'science', 'suggest', 'yet', 'hit', 'bit.', '—', 'shocking', 'claims', 'aliens', 'surface', 'internet.']","(10000,[454,503,593,650,1312,1595,1626,2679,3363,4037,5833,5850,6756,7281,7816,7936,8252,8338],[3.5085558999826545,0.691153161953081,4.830311739964974,2.958509563063383,4.137164559405029,4.830311739964974,4.42484663185681,5.117993812416755,3.8187108282864943,4.270695952029551,3.8187108282864943,0.691153161953081,3.3262343431887,0.6832166123573445,4.270695952029551,0.691153161953081,4.270695952029551,0.691153161953081])",0.0
F007,"['actually', 'important', 'music.', 'face', 'enjoy', 'huge', 'team', 'point', 'lose', 'movie', 'media.', '—', 'shocking', 'claims', 'immortal', 'jellyfish', 'surface', 'internet.']","(10000,[468,503,1439,1675,1805,1967,2066,2198,3248,4034,4416,4422,5850,6447,7281,7936,8338,9876],[4.830311739964974,0.691153161953081,4.42484663185681,4.830311739964974,3.914021008090819,4.019381523748645,2.7508701982851385,4.607168188650764,5.523458920524919,4.270695952029551,4.830311739964974,4.270695952029551,0.691153161953081,4.019381523748645,0.6832166123573445,0.691153161953081,0.691153161953081,2.7508701982851385])",0.0
F046,"['watch', 'body', 'section', 'possible', 'visit.', 'even', 'deal', 'assume', 'gun.', 'religious', 'follow', 'list', 'yes', 'thought', 'least', 'attention.', 'mind', 'quite', 'follow', 'ask', 'deep', 'worker.', '—', 'shocking', 'claims', 'mind', 'control', 'surface', 'internet.']","(10000,[55,371,503,841,1208,1433,1634,1762,2664,2708,3184,3507,4293,5044,5371,5850,6056,6100,6406,6968,7281,7586,7936,8203,8338,8728,9367],[4.137164559405029,4.830311739964974,0.691153161953081,4.830311739964974,2.661258039595451,4.607168188650764,4.607168188650764,4.607168188650764,3.914021008090819,3.577548771469606,5.501740396570277,3.7316994512968646,4.137164559405029,3.914021008090819,5.117993812416755,0.691153161953081,3.8187108282864943,4.137164559405029,4.019381523748645,4.270695952029551,0.6832166123573445,4.830311739964974,0.691153161953081,4.607168188650764,0.691153161953081,4.019381523748645,7.637421656572989])",0.0
R103,"['summer', 'prevent', 'future', 'order', 'today', 'operation.', 'safe', 'food', 'trial', 'trouble', 'also.', 'experts', 'discuss', 'ongoing', 'developments', 'research.']","(10000,[1226,2909,3252,3410,3614,4506,4687,5887,6488,7066,7642,8121,8653,9462,9481,9806],[3.914021008090819,4.830311739964974,4.607168188650764,4.270695952029551,0.6636465161632473,0.691153161953081,0.691153161953081,3.4440173788450834,3.914021008090819,2.849310271098391,4.270695952029551,5.117993812416755,4.137164559405029,0.691153161953081,4.137164559405029,4.607168188650764])",1.0
R037,"['within', 'choice', 'perform', 'find', 'say.', 'number', 'whatever', 'key', 'still', 'couple.', 'exist', 'agreement', 'go', 'time.', 'experts', 'discuss', 'ongoing', 'developments', 'budget', 'report.']","(10000,[708,1098,3131,3614,3712,4506,4687,4991,5276,5432,5739,6053,6451,6602,7510,7695,8413,8519,9462,9817],[5.117993812416755,4.270695952029551,3.914021008090819,0.6636465161632473,4.270695952029551,0.691153161953081,0.691153161953081,2.6330871626287546,5.117993812416755,2.7508701982851385,4.42484663185681,3.7316994512968646,3.8187108282864943,4.270695952029551,3.7316994512968646,3.914021008090819,3.6516567436233283,3.914021008090819,0.691153161953081,3.7316994512968646])",1.0
F193,"['arm', 'care', 'degree', 'series', 'expect', 'option.', 'continue', 'radio', 'participant', 'ball', 'voice', 'gun.', 'shake', 'give', 'term', 'article', 'natural', 'success.', 'impact', 'across', 'discussion', 'attorney', 'assume', 'back', 'market.', '—', 'shocking', 'claims', 'secret', 'cure', 'surface', 'internet.']","(10000,[503,743,1702,1972,2180,2188,2664,3530,3691,3783,3892,3984,4463,4853,4988,5310,5315,5396,5850,6747,7074,7281,7492,7586,7936,8280,8338,8353,8430,8569,9086,9943],[0.691153161953081,3.914021008090819,4.137164559405029,4.270695952029551,4.137164559405029,4.607168188650764,3.914021008090819,4.42484663185681,4.42484663185681,4.607168188650764,2.5530444549552183,4.42484663185681,3.6516567436233283,4.42484663185681,3.914021008090819,4.270695952029551,3.8187108282864943,4.019381523748645,0.691153161953081,2.5530444549552183,4.019381523748645,0.6832166123573445,4.42484663185681,4.830311739964974,0.691153161953081,5.117993812416755,0.691153161953081,3.8187108282864943,4.830311739964974,4.830311739964974,4.270695952029551,4.270695952029551])",0.0
R166,"['agreement', 'kitchen', 'seat', 'administration.', 'thus', 'along', 'personal', 'past', 'sign.', 'move', 'sign', 'security', 'resource', 'line', 'perhaps.', 'experts', 'discuss', 'ongoing', 'developments', 'election.']","(10000,[47,756,1182,1670,2634,2840,3556,3614,3684,4506,4687,5441,5684,6282,6756,7939,8413,9275,9414,9462],[4.830311739964974,4.270695952029551,4.270695952029551,3.8187108282864943,4.137164559405029,4.019381523748645,2.7826188965997183,0.6636465161632473,3.7316994512968646,0.691153161953081,0.691153161953081,5.117993812416755,3.577548771469606,4.270695952029551,3.3262343431887,4.607168188650764,3.6516567436233283,4.607168188650764,4.830311739964974,0.691153161953081])",1.0
F017,"['message', 'pick', 'husband', 'they.', 'dark', 'gas', 'age', 'religious', 'pass', 'less', 'scene.', '—', 'shocking', 'claims', 'immortal', 'jellyfish', 'surface', 'internet.']","(10000,[503,697,1195,1777,2066,2715,4293,5607,5850,7208,7281,7372,7936,8338,8392,8791,9372,9876],[0.691153161953081,4.607168188650764,4.019381523748645,4.830311739964974,2.7508701982851385,4.137164559405029,4.137164559405029,4.830311739964974,0.691153161953081,4.019381523748645,0.6832166123573445,4.270695952029551,0.691153161953081,0.691153161953081,4.270695952029551,4.42484663185681,4.270695952029551,2.7508701982851385])",0.0
R008,"['light', 'black', 'recognize', 'meeting.', 'talk', 'quite', 'with.', 'experts', 'discuss', 'ongoing', 'developments', 'economic', 'growth.']","(10000,[1720,1948,3614,4506,4687,6056,7032,7640,8171,8925,9034,9144,9462],[3.914021008090819,3.914021008090819,0.6636465161632473,0.691153161953081,0.691153161953081,3.8187108282864943,4.830311739964974,4.607168188650764,4.42484663185681,4.830311739964974,2.8844015909096608,2.7200985396183848,0.691153161953081])",1.0
F071,"['important', 'probably', 'current', 'writer', 'though.', 'charge', 'future', 'develop', 'evening.', 'soon', 'majority', 'safe', 'nation', 'good', 'carry', 'organization.', 'animal', 'bank', 'really', 'church.', '—', 'shocking', 'claims', 'celebrity', 'scandal', 'surface', 'internet.']","(10000,[454,503,1041,1241,1967,2297,3486,4011,4014,4112,4921,5850,6168,6488,6812,6906,7281,7360,7642,7936,8094,8270,8338,8982,9012,9189,9244],[3.5085558999826545,0.691153161953081,4.137164559405029,3.6516567436233283,4.019381523748645,3.6516567436233283,2.849310271098391,5.523458920524919,4.607168188650764,3.914021008090819,2.849310271098391,0.691153161953081,4.019381523748645,3.914021008090819,4.607168188650764,4.270695952029551,0.6832166123573445,4.019381523748645,4.270695952029551,0.691153161953081,4.270695952029551,5.117993812416755,0.691153161953081,4.270695952029551,5.523458920524919,4.270695952029551,3.914021008090819])",0.0
F028,"['office', 'behind', 'little', 'page', 'american', 'by.', 'individual', 'choice', 'north', 'finish', 'bag', 'run', 'its.', 'really', 'effort', 'next', 'forget', 'far', 'building.', '—', 'shocking', 'claims', 'mind', 'control', 'surface', 'internet.']","(10000,[266,415,503,1208,1590,1778,1804,2278,2827,3184,4112,4158,4346,5726,5850,6053,6578,7015,7146,7281,7652,7936,8273,8338,8344,8614],[4.019381523748645,4.270695952029551,0.691153161953081,2.661258039595451,4.42484663185681,4.270695952029551,4.830311739964974,4.607168188650764,4.607168188650764,2.7508701982851385,3.914021008090819,3.8187108282864943,4.42484663185681,4.270695952029551,0.691153161953081,3.7316994512968646,4.42484663185681,5.523458920524919,4.270695952029551,0.6832166123573445,4.42484663185681,0.691153161953081,4.270695952029551,0.691153161953081,4.019381523748645,4.270695952029551])",0.0
F227,"['list', 'senior', 'measure', 'none', 'exist', 'south.', 'tell', 'physical', 'night', 'like', 'film', 'establish', 'positive.', 'bad', 'term', 'number', 'line', 'beat', 'control', 'tonight.', '—', 'shocking', 'claims', 'immortal', 'jellyfish', 'surface', 'internet.']","(10000,[503,528,1182,1208,1850,2066,2188,2569,2923,3330,4144,4640,5003,5850,6602,6869,7281,7801,7936,7956,8338,8519,8649,8728,9184,9831,9876],[0.691153161953081,4.607168188650764,4.270695952029551,2.661258039595451,4.137164559405029,2.7508701982851385,4.607168188650764,3.8187108282864943,4.019381523748645,4.42484663185681,3.914021008090819,5.523458920524919,4.019381523748645,0.691153161953081,4.270695952029551,4.019381523748645,0.6832166123573445,5.523458920524919,0.691153161953081,4.137164559405029,0.691153161953081,3.914021008090819,4.270695952029551,4.019381523748645,4.830311739964974,4.607168188650764,2.7508701982851385])",0.0
R200,"['candidate', 'ready', 'accept', 'yes.', 'model', 'moment', 'wear', 'second', 'save', 'almost', 'stay.', 'experts', 'discuss', 'ongoing', 'developments', 'public', 'health.']","(10000,[1770,2601,2657,3401,3614,4358,4506,4520,4687,6219,6557,6581,7102,8566,9256,9462,9766],[2.958509563063383,4.830311739964974,3.7316994512968646,4.137164559405029,0.6636465161632473,4.607168188650764,0.691153161953081,4.019381523748645,0.691153161953081,3.0811118851557153,3.6516567436233283,4.830311739964974,4.137164559405029,4.270695952029551,4.137164559405029,0.691153161953081,4.830311739964974])",1.0
R225,"['produce', 'role.', 'dinner', 'affect', 'lead', 'brother.', 'possible', 'central', 'owner', 'others', 'tonight', 'eat.', 'experts', 'discuss', 'ongoing', 'developments', 'climate', 'change.']","(10000,[821,1648,2059,2240,2406,3389,3614,4506,4687,5098,5356,6053,6055,6100,6940,8928,9462,9974],[2.849310271098391,4.607168188650764,2.6902455764687034,4.019381523748645,4.42484663185681,4.42484663185681,0.6636465161632473,0.691153161953081,0.691153161953081,4.830311739964974,3.914021008090819,3.7316994512968646,5.523458920524919,4.137164559405029,5.117993812416755,4.270695952029551,0.691153161953081,5.117993812416755])",1.0
R062,"['son', 'industry', 'protect', 'since.', 'half', 'institution', 'section', 'parent', 'by.', 'score', 'best', 'order', 'share', 'protect.', 'experts', 'discuss', 'ongoing', 'developments', 'budget', 'report.']","(10000,[209,763,1226,1780,1804,1927,3010,3243,3614,3947,4506,4687,4991,5432,6968,7235,7699,8693,9462,9932],[4.270695952029551,4.137164559405029,3.914021008090819,4.137164559405029,4.830311739964974,4.607168188650764,4.137164559405029,4.270695952029551,0.6636465161632473,4.137164559405029,0.691153161953081,0.691153161953081,2.6330871626287546,2.7508701982851385,4.270695952029551,4.830311739964974,5.523458920524919,4.830311739964974,0.691153161953081,3.8187108282864943])",1.0
F033,"['pretty', 'tv', 'service', 'father', 'there.', 'feel', 'young', 'successful', 'product', 'star.', '—', 'shocking', 'claims', 'hoax', 'surface', 'internet.']","(10000,[447,503,1800,2252,3115,3919,4377,4547,5659,5804,5850,6097,7281,7809,7936,8338],[4.270695952029551,0.691153161953081,4.42484663185681,4.42484663185681,3.8187108282864943,4.270695952029551,2.60568818844064,4.019381523748645,4.270695952029551,5.523458920524919,0.691153161953081,5.523458920524919,0.6832166123573445,4.137164559405029,0.691153161953081,0.691153161953081])",0.0
F012,"['sign', 'establish', 'upon', 'crime', 'possible.', 'rest', 'tough', 'case', 'key', 'appear', 'likely.', '—', 'shocking', 'claims', 'hoax', 'surface', 'internet.']","(10000,[503,731,2272,2708,2923,3131,4377,5447,5850,6342,6735,6756,7281,7936,8113,8182,8338],[0.691153161953081,4.019381523748645,4.42484663185681,3.577548771469606,4.019381523748645,3.914021008090819,2.60568818844064,3.4440173788450834,0.691153161953081,4.019381523748645,4.270695952029551,3.3262343431887,0.6832166123573445,0.691153161953081,5.523458920524919,5.117993812416755,0.691153161953081])",0.0
R121,"['wide', 'somebody', 'look', 'watch', 'city', 'source.', 'area', 'plant', 'man', 'bad', 'simple', 'out.', 'experts', 'discuss', 'ongoing', 'developments', 'research.']","(10000,[2569,2708,2836,2913,3089,3614,3707,4506,4687,5495,5649,5778,7066,7244,7956,9462,9939],[3.8187108282864943,3.577548771469606,4.607168188650764,3.577548771469606,4.42484663185681,0.6636465161632473,4.607168188650764,0.691153161953081,0.691153161953081,3.914021008090819,4.137164559405029,5.117993812416755,2.849310271098391,3.4440173788450834,4.137164559405029,0.691153161953081,4.607168188650764])",1.0
F210,"['tough', 'town', 'keep', 'that.', 'film', 'majority', 'recently', 'blue', 'hard.', 'article', 'line', 'blue', 'see', 'though', 'forget.', '—', 'shocking', 'claims', 'aliens', 'surface', 'internet.']","(10000,[497,503,650,1182,1702,2034,2117,3385,4715,5003,5354,5447,5768,5850,6508,7281,7936,8338,9244,9594],[4.830311739964974,0.691153161953081,2.958509563063383,4.270695952029551,4.137164559405029,4.270695952029551,4.830311739964974,3.7316994512968646,4.019381523748645,4.019381523748645,3.914021008090819,3.4440173788450834,9.660623479929948,0.691153161953081,5.117993812416755,0.6832166123573445,0.691153161953081,0.691153161953081,3.914021008090819,4.270695952029551])",0.0
F151,"['top', 'camera', 'film.', 'cause', 'professional', 'cost', 'young', 'represent', 'blood', 'evidence', 'this.', 'tree', 'former', 'mission', 'art.', '—', 'shocking', 'claims', 'hoax', 'surface', 'internet.']","(10000,[316,503,1650,2054,2155,2359,4043,4160,4377,4490,4963,5183,5328,5850,5871,6069,7281,7809,7936,8338,8717],[4.270695952029551,0.691153161953081,4.607168188650764,4.019381523748645,4.607168188650764,3.8187108282864943,4.42484663185681,4.607168188650764,2.60568818844064,4.137164559405029,4.830311739964974,5.117993812416755,3.6516567436233283,0.691153161953081,4.137164559405029,4.607168188650764,0.6832166123573445,4.137164559405029,0.691153161953081,0.691153161953081,5.523458920524919])",0.0
F099,"['leader', 'interest', 'stuff', 'brother', 'ahead', 'term.', 'east', 'blood', 'future', 'physical', 'move.', 'management', 'minute', 'anyone', 'bring', 'however', 'machine.', '—', 'shocking', 'claims', 'secret', 'cure', 'surface', 'internet.']","(10000,[70,291,503,666,911,1241,1526,1902,2359,3057,3357,3892,5760,5850,6488,6533,6576,6747,7281,7722,7936,8268,8338,8649],[3.6516567436233283,4.42484663185681,0.691153161953081,4.42484663185681,4.42484663185681,3.6516567436233283,3.914021008090819,5.117993812416755,3.8187108282864943,3.7316994512968646,3.914021008090819,2.5530444549552183,4.42484663185681,0.691153161953081,3.914021008090819,5.523458920524919,4.607168188650764,2.5530444549552183,0.6832166123573445,4.270695952029551,0.691153161953081,3.6516567436233283,0.691153161953081,4.270695952029551])",0.0
R090,"['nature', 'military', 'happen', 'among.', 'environment', 'stock', 'place', 'rather', 'movement.', 'experts', 'discuss', 'ongoing', 'developments', 'technology', 'breakthrough.']","(10000,[793,1020,2071,2227,2407,2837,3611,3614,4395,4506,4687,4704,5877,6390,9462],[4.42484663185681,2.5530444549552183,4.607168188650764,2.7200985396183848,4.42484663185681,4.019381523748645,4.42484663185681,0.6636465161632473,5.117993812416755,0.691153161953081,0.691153161953081,4.270695952029551,3.914021008090819,3.7316994512968646,0.691153161953081])",1.0
R125,"['seek', 'side', 'health', 'floor', 'attack', 'compare.', 'feel', 'best', 'structure', 'dinner.', 'experts', 'discuss', 'ongoing', 'developments', 'budget', 'report.']","(10000,[171,763,2996,3115,3214,3614,4319,4506,4570,4687,4991,5432,5693,8805,9462,9781],[4.137164559405029,4.137164559405029,3.3262343431887,3.8187108282864943,5.523458920524919,0.6636465161632473,4.270695952029551,0.691153161953081,5.523458920524919,0.691153161953081,2.6330871626287546,2.7508701982851385,4.607168188650764,4.607168188650764,0.691153161953081,4.137164559405029])",1.0
R091,"['eye', 'mind', 'reality', 'relationship.', 'morning', 'require', 'glass', 'every', 'town', 'game.', 'experts', 'discuss', 'ongoing', 'developments', 'climate', 'change.']","(10000,[680,821,1320,1341,2059,3160,3184,3614,4506,4687,4715,5498,6932,8449,9462,9681],[4.42484663185681,2.849310271098391,5.523458920524919,4.137164559405029,2.6902455764687034,4.830311739964974,2.7508701982851385,0.6636465161632473,0.691153161953081,0.691153161953081,4.019381523748645,4.607168188650764,5.117993812416755,3.914021008090819,0.691153161953081,4.137164559405029])",1.0
R157,"['light', 'half', 'dinner', 'adult', 'need.', 'experts', 'discuss', 'ongoing', 'developments', 'climate', 'change.']","(10000,[72,821,1720,1780,2059,2240,3614,4506,4687,6544,9462],[4.270695952029551,2.849310271098391,3.914021008090819,4.137164559405029,2.6902455764687034,4.019381523748645,0.6636465161632473,0.691153161953081,0.691153161953081,5.117993812416755,0.691153161953081])",1.0
F098,"['turn', 'stop', 'everyone', 'catch', 'continue', 'dark.', 'parent', 'low', 'success', 'base.', '—', 'shocking', 'claims', 'miracle', 'drug', 'surface', 'internet.']","(10000,[503,743,796,1256,3886,5850,6717,6838,7281,7860,7936,7949,8338,8411,8893,9828,9932],[0.691153161953081,3.914021008090819,4.270695952029551,3.125563647726549,4.607168188650764,0.691153161953081,5.117993812416755,5.523458920524919,0.6832166123573445,2.920769235080536,0.691153161953081,4.270695952029551,0.691153161953081,3.5085558999826545,4.42484663185681,3.7316994512968646,3.8187108282864943])",0.0
F164,"['control', 'parent', 'morning', 'dinner', 'present', 'couple', 'test.', 'miss', 'quite', 'day', 'sister', 'star', 'guy', 'audience.', 'business', 'information', 'dinner', 'executive', 'treat', 'ago', 'ever.', '—', 'shocking', 'claims', 'immortal', 'jellyfish', 'surface', 'internet.']","(10000,[94,503,1071,1208,1896,2066,2240,3160,3177,3521,5170,5374,5850,6056,7281,7702,7936,8130,8190,8338,8404,8750,8960,9133,9876,9932,9966],[4.830311739964974,0.691153161953081,4.270695952029551,2.661258039595451,4.137164559405029,2.7508701982851385,8.03876304749729,4.830311739964974,4.607168188650764,4.019381523748645,4.270695952029551,3.6516567436233283,0.691153161953081,3.8187108282864943,0.6832166123573445,3.914021008090819,0.691153161953081,4.019381523748645,4.137164559405029,0.691153161953081,5.523458920524919,4.270695952029551,5.117993812416755,4.137164559405029,2.7508701982851385,3.8187108282864943,4.607168188650764])",0.0
R050,"['lot', 'writer', 'laugh', 'care.', 'world', 'upon', 'cover', 'face', 'something', 'american', 'recognize.', 'child', 'third', 'show', 'thus.', 'experts', 'discuss', 'ongoing', 'developments', 'economic', 'growth.']","(10000,[2849,3614,4019,4034,4506,4687,4943,5390,6104,6735,6906,7098,7244,7381,7652,8771,9034,9144,9360,9462,9826],[5.523458920524919,0.6636465161632473,4.270695952029551,4.270695952029551,0.691153161953081,0.691153161953081,4.270695952029551,5.117993812416755,3.8187108282864943,4.270695952029551,4.270695952029551,3.8187108282864943,3.4440173788450834,4.607168188650764,4.42484663185681,4.270695952029551,2.8844015909096608,2.7200985396183848,4.270695952029551,0.691153161953081,4.270695952029551])",1.0
R249,"['recognize', 'relate', 'operation.', 'eight', 'change', 'experience', 'without', 'front.', 'experts', 'discuss', 'ongoing', 'developments', 'climate', 'change.']","(10000,[387,821,988,2059,3614,3635,4043,4253,4506,4687,5887,8171,8482,9462],[3.8187108282864943,2.849310271098391,3.914021008090819,2.6902455764687034,0.6636465161632473,4.019381523748645,4.42484663185681,5.523458920524919,0.691153161953081,0.691153161953081,3.4440173788450834,4.42484663185681,4.42484663185681,0.691153161953081])",1.0
R093,"['alone', 'democratic', 'account.', 'ready', 'mrs', 'including', 'including', 'better.', 'sure', 'attorney', 'arm', 'city', 'relate.', 'experts', 'discuss', 'ongoing', 'developments', 'election.']","(10000,[1821,2492,3556,3614,3984,4506,4687,4853,5495,5606,6557,7078,7334,7848,9211,9462,9751],[4.019381523748645,4.137164559405029,2.7826188965997183,0.6636465161632473,4.42484663185681,0.691153161953081,0.691153161953081,4.42484663185681,3.914021008090819,4.270695952029551,3.6516567436233283,5.523458920524919,7.637421656572989,5.523458920524919,5.117993812416755,0.691153161953081,4.137164559405029])",1.0
R131,"['around', 'buy', 'cut', 'account', 'value', 'whose.', 'drug', 'else', 'three', 'development.', 'experts', 'discuss', 'ongoing', 'developments', 'education.']","(10000,[80,913,1206,3614,4506,4687,5034,5047,5925,6197,6383,7403,7860,9187,9462],[4.137164559405029,5.117993812416755,4.270695952029551,0.6636465161632473,0.691153161953081,0.691153161953081,4.019381523748645,2.6902455764687034,4.42484663185681,3.6516567436233283,5.523458920524919,4.607168188650764,2.920769235080536,4.137164559405029,0.691153161953081])",1.0
F107,"['newspaper', 'perhaps', 'including', 'without.', '—', 'shocking', 'claims', 'flat', 'earth', 'surface', 'internet.']","(10000,[503,1259,2918,3238,3804,5850,7281,7334,7936,8338,9676],[0.691153161953081,3.914021008090819,3.0385522707369192,3.914021008090819,4.830311739964974,0.691153161953081,0.6832166123573445,3.8187108282864943,0.691153161953081,0.691153161953081,3.0385522707369192])",0.0
F153,"['hundred', 'social', 'officer', 'kid', 'material', 'daughter.', 'interview', 'indicate', 'conference', 'we.', '—', 'shocking', 'claims', 'hoax', 'surface', 'internet.']","(10000,[503,696,823,2412,3231,3723,4377,5175,5657,5850,6035,6485,6836,7281,7936,8338],[0.691153161953081,3.8187108282864943,3.914021008090819,5.117993812416755,4.270695952029551,4.42484663185681,2.60568818844064,4.137164559405029,4.42484663185681,0.691153161953081,3.383392757028649,4.607168188650764,5.117993812416755,0.6832166123573445,0.691153161953081,0.691153161953081])",0.0
F091,"['move', 'amount', 'begin', 'street', 'big', 'weight.', 'conference', 'within', 'major', 'special', 'give.', 'way', 'activity', 'ready', 'meeting', 'number', 'similar.', '—', 'shocking', 'claims', 'flat', 'earth', 'surface', 'internet.']","(10000,[20,288,503,1055,1058,1513,1776,2918,3048,3684,5657,5850,6282,6557,7222,7281,7936,8110,8338,8519,8759,9391,9676,9817],[4.137164559405029,5.523458920524919,0.691153161953081,4.270695952029551,3.914021008090819,4.607168188650764,4.830311739964974,3.0385522707369192,4.270695952029551,3.7316994512968646,4.42484663185681,0.691153161953081,4.270695952029551,3.6516567436233283,3.914021008090819,0.6832166123573445,0.691153161953081,4.270695952029551,0.691153161953081,3.914021008090819,4.830311739964974,3.914021008090819,3.0385522707369192,3.7316994512968646])",0.0
R246,"['book', 'language', 'yet', 'join', 'later', 'somebody.', 'world', 'imagine', 'push', 'reason', 'season', 'happy.', 'child', 'case', 'next', 'beat', 'front', 'player', 'per', 'glass.', 'develop', 'bill', 'leader', 'four', 'president.', 'experts', 'discuss', 'ongoing', 'developments', 'economic', 'growth.']","(10000,[298,393,504,560,1241,1243,1526,1716,2358,2569,2944,2956,3614,4037,4506,4687,5301,5374,5978,6342,6604,7244,8135,8273,8741,8952,9034,9144,9360,9432,9462],[4.137164559405029,4.830311739964974,4.019381523748645,4.607168188650764,3.6516567436233283,3.7316994512968646,3.914021008090819,4.830311739964974,4.607168188650764,3.8187108282864943,4.137164559405029,4.607168188650764,0.6636465161632473,4.270695952029551,0.691153161953081,0.691153161953081,4.42484663185681,3.6516567436233283,4.019381523748645,4.019381523748645,3.8187108282864943,3.4440173788450834,4.137164559405029,4.270695952029551,5.523458920524919,3.914021008090819,2.8844015909096608,2.7200985396183848,4.270695952029551,4.270695952029551,0.691153161953081])",1.0
F004,"['science', 'involve', 'national', 'teacher', 'ready.', '—', 'shocking', 'claims', 'secret', 'cure', 'surface', 'internet.']","(10000,[503,3363,3892,3978,5850,6271,6747,7281,7910,7936,8338,8708],[0.691153161953081,3.8187108282864943,2.5530444549552183,5.523458920524919,0.691153161953081,3.914021008090819,2.5530444549552183,0.6832166123573445,4.42484663185681,0.691153161953081,0.691153161953081,4.137164559405029])",0.0
F220,"['media', 'understand', 'child', 'religious', 'result', 'campaign', 'gun.', 'difficult', 'form', 'remember', 'specific', 'seem.', '—', 'shocking', 'claims', 'celebrity', 'scandal', 'surface', 'internet.']","(10000,[399,503,1209,1712,2059,3486,4293,4502,4921,5621,5685,5850,6487,6675,7244,7281,7586,7936,8338],[4.270695952029551,0.691153161953081,3.4440173788450834,4.019381523748645,2.6902455764687034,2.849310271098391,4.137164559405029,4.830311739964974,2.849310271098391,3.914021008090819,4.137164559405029,0.691153161953081,3.7316994512968646,3.8187108282864943,3.4440173788450834,0.6832166123573445,4.830311739964974,0.691153161953081,0.691153161953081])",0.0
F121,"['open', 'wonder', 'media', 'success', 'cut.', 'rock', 'base', 'act', 'lay', 'police', 'measure.', 'value', 'sign', 'program', 'free', 'thousand', 'remain.', 'letter', 'return', 'central', 'never', 'pay', 'think.', '—', 'shocking', 'claims', 'hoax', 'surface', 'internet.']","(10000,[281,503,564,573,574,635,1073,1209,1948,2604,3876,4377,4475,4723,4897,4898,5587,5783,5850,6756,6798,6928,7281,7403,7936,8173,8338,8928,9828],[4.270695952029551,0.691153161953081,3.914021008090819,3.914021008090819,3.7316994512968646,3.8187108282864943,3.914021008090819,3.4440173788450834,3.914021008090819,5.523458920524919,4.137164559405029,2.60568818844064,4.270695952029551,3.914021008090819,5.117993812416755,5.117993812416755,5.117993812416755,4.019381523748645,0.691153161953081,3.3262343431887,4.607168188650764,4.830311739964974,0.6832166123573445,4.607168188650764,0.691153161953081,3.3262343431887,0.691153161953081,4.270695952029551,3.7316994512968646])",0.0
F245,"['important', 'drug.', 'peace', 'various', 'return', 'simple', 'month', 'fall', 'star', 'consumer.', 'amount', 'street', 'site', 'affect.', '—', 'shocking', 'claims', 'mind', 'control', 'surface', 'internet.']","(10000,[503,635,1208,1967,2913,3184,3684,3729,3980,5094,5170,5692,5741,5850,5891,6647,6697,7222,7281,7936,8338],[0.691153161953081,3.8187108282864943,2.661258039595451,4.019381523748645,3.577548771469606,2.7508701982851385,3.7316994512968646,4.830311739964974,4.607168188650764,5.117993812416755,4.270695952029551,5.117993812416755,4.270695952029551,0.691153161953081,3.7316994512968646,4.019381523748645,4.137164559405029,3.914021008090819,0.6832166123573445,0.691153161953081,0.691153161953081])",0.0
R035,"['side', 'chance', 'probably', 'popular', 'former.', 'sort', 'short', 'sea', 'job', 'culture', 'necessary', 'administration.', 'person', 'civil', 'economic', 'involve', 'modern.', 'experts', 'discuss', 'ongoing', 'developments', 'climate', 'change.']","(10000,[78,346,557,593,821,1262,2059,2297,3249,3614,3684,4506,4687,5720,6148,6271,7979,8645,9144,9401,9462,9617,9781],[5.117993812416755,4.42484663185681,4.270695952029551,4.830311739964974,2.849310271098391,5.117993812416755,2.6902455764687034,3.6516567436233283,3.4440173788450834,0.6636465161632473,3.7316994512968646,0.691153161953081,0.691153161953081,4.137164559405029,4.019381523748645,3.914021008090819,4.270695952029551,4.270695952029551,2.7200985396183848,5.117993812416755,0.691153161953081,3.8187108282864943,4.137164559405029])",1.0
R024,"['feel', 'score', 'first', 'million', 'heart', 'impact', 'military.', 'side', 'consider', 'impact', 'option', 'religious.', 'treat', 'power', 'grow', 'republican', 'start.', 'experts', 'discuss', 'ongoing', 'developments', 'education.']","(10000,[312,1927,1972,2404,3056,3115,3614,4439,4506,4616,4687,5047,6403,8049,8444,8651,8750,9462,9613,9781,9808],[4.42484663185681,4.607168188650764,8.541391904059102,4.607168188650764,4.270695952029551,3.8187108282864943,0.6636465161632473,5.117993812416755,0.691153161953081,4.42484663185681,0.691153161953081,2.6902455764687034,4.137164559405029,5.523458920524919,5.523458920524919,4.607168188650764,4.270695952029551,0.691153161953081,4.270695952029551,4.137164559405029,3.914021008090819])",1.0
F079,"['light', 'thus', 'better', 'issue', 'try.', 'kitchen', 'property', 'charge.', 'government', 'author', 'game', 'organization.', '—', 'shocking', 'claims', 'miracle', 'drug', 'surface', 'internet.']","(10000,[503,756,1256,1720,2259,2543,2733,3960,4722,5684,5850,6616,7281,7860,7936,8270,8338,8975,9350],[0.691153161953081,4.270695952029551,3.125563647726549,3.914021008090819,2.8154087194227095,3.4440173788450834,4.830311739964974,5.523458920524919,5.523458920524919,3.577548771469606,0.691153161953081,3.8187108282864943,0.6832166123573445,2.920769235080536,0.691153161953081,5.117993812416755,0.691153161953081,4.607168188650764,4.270695952029551])",0.0
R094,"['car', 'record.', 'difference', 'agreement', 'production', 'move', 'truth.', 'chair', 'describe', 'thought', 'thought', 'level', 'look', 'position.', 'experts', 'discuss', 'ongoing', 'developments', 'policy.']","(10000,[55,681,924,1499,1819,3614,3674,4506,4687,6282,6373,6944,7085,7866,8353,8413,9462,9939],[8.274329118810059,4.42484663185681,4.830311739964974,3.8187108282864943,4.830311739964974,0.6636465161632473,3.5085558999826545,0.691153161953081,0.691153161953081,4.270695952029551,4.607168188650764,2.8154087194227095,4.42484663185681,3.914021008090819,3.8187108282864943,3.6516567436233283,0.691153161953081,4.607168188650764])",1.0
R040,"['read', 'new', 'sea', 'run', 'base', 'type.', 'laugh', 'paper', 'author', 'economy.', 'experts', 'discuss', 'ongoing', 'developments', 'policy.']","(10000,[266,585,3614,4506,4683,4687,6944,7098,7650,8173,8690,9350,9462,9617,9700],[4.019381523748645,4.270695952029551,0.6636465161632473,0.691153161953081,5.117993812416755,0.691153161953081,2.8154087194227095,3.8187108282864943,4.42484663185681,3.3262343431887,4.137164559405029,4.270695952029551,0.691153161953081,3.8187108282864943,5.117993812416755])",1.0
F170,"['college', 'partner', 'husband', 'return', 'again.', 'later', 'shake', 'attention.', '—', 'shocking', 'claims', 'immortal', 'jellyfish', 'surface', 'internet.']","(10000,[116,503,560,635,1898,2066,2180,5850,7208,7281,7936,8057,8203,8338,9876],[4.42484663185681,0.691153161953081,4.607168188650764,3.8187108282864943,4.42484663185681,2.7508701982851385,4.137164559405029,0.691153161953081,4.019381523748645,0.6832166123573445,0.691153161953081,4.137164559405029,4.607168188650764,0.691153161953081,2.7508701982851385])",0.0
F130,"['wall', 'scientist', 'believe', 'water', 'attack.', 'need', 'year', 'give.', 'better', 'drug', 'remain', 'prove', 'black', 'speak', 'lay', 'public.', '—', 'shocking', 'claims', 'immortal', 'jellyfish', 'surface', 'internet.']","(10000,[503,533,1948,2066,2543,2589,3643,4475,4732,5205,5214,5850,6226,6404,6537,7281,7860,7936,8338,8366,8759,8899,9876],[0.691153161953081,4.137164559405029,3.914021008090819,2.7508701982851385,3.4440173788450834,4.270695952029551,4.830311739964974,4.270695952029551,4.137164559405029,4.607168188650764,5.523458920524919,0.691153161953081,4.42484663185681,3.8187108282864943,3.914021008090819,0.6832166123573445,2.920769235080536,0.691153161953081,0.691153161953081,5.523458920524919,4.830311739964974,4.137164559405029,2.7508701982851385])",0.0
R085,"['though', 'election', 'half', 'explain.', 'experts', 'discuss', 'ongoing', 'developments', 'economic', 'growth.']","(10000,[132,1780,3385,3605,3614,4506,4687,9034,9144,9462],[4.607168188650764,4.137164559405029,3.7316994512968646,4.607168188650764,0.6636465161632473,0.691153161953081,0.691153161953081,2.8844015909096608,2.7200985396183848,0.691153161953081])",1.0
R054,"['stop', 'clear.', 'situation', 'back', 'start', 'home', 'view', 'long.', 'situation', 'real', 'first', 'hand', 'girl', 'prepare.', 'experts', 'discuss', 'ongoing', 'developments', 'budget', 'report.']","(10000,[273,796,1029,1401,2996,3136,3365,3386,3423,3614,4506,4687,4991,5432,6403,7293,8430,9462,9691],[5.523458920524919,4.270695952029551,4.019381523748645,4.830311739964974,3.3262343431887,10.23598762483351,4.137164559405029,5.523458920524919,5.523458920524919,0.6636465161632473,0.691153161953081,0.691153161953081,2.6330871626287546,2.7508701982851385,4.137164559405029,4.42484663185681,4.830311739964974,0.691153161953081,4.42484663185681])",1.0
R047,"['official', 'family', 'letter', 'woman', 'teach', 'trial.', 'vote', 'knowledge', 'another', 'cultural.', 'experts', 'discuss', 'ongoing', 'developments', 'technology', 'breakthrough.']","(10000,[564,1020,2227,3032,3614,4506,4563,4687,7864,8166,8297,8471,8485,8522,9214,9462],[3.914021008090819,2.5530444549552183,2.7200985396183848,5.117993812416755,0.6636465161632473,0.691153161953081,4.607168188650764,0.691153161953081,3.6516567436233283,4.019381523748645,3.8187108282864943,5.117993812416755,3.914021008090819,4.137164559405029,4.607168188650764,0.691153161953081])",1.0
R199,"['car', 'letter', 'news', 'choose', 'of.', 'bad', 'whose', 'cold', 'role', 'nature.', 'experts', 'discuss', 'ongoing', 'developments', 'economic', 'growth.']","(10000,[564,2433,2759,3350,3614,3674,3920,4506,4687,7956,8346,9034,9144,9462,9539,9706],[3.914021008090819,4.42484663185681,5.117993812416755,3.7316994512968646,0.6636465161632473,3.5085558999826545,4.607168188650764,0.691153161953081,0.691153161953081,4.137164559405029,5.523458920524919,2.8844015909096608,2.7200985396183848,0.691153161953081,4.607168188650764,4.270695952029551])",1.0
F062,"['reflect', 'contain', 'student', 'mother', 'compare', 'structure', 'together.', 'defense', 'huge', 'interest', 'speech', 'development', 'hour', 'far', 'truth.', 'fill', 'design', 'executive', 'fill.', '—', 'shocking', 'claims', 'miracle', 'drug', 'surface', 'internet.']","(10000,[70,354,453,502,503,527,1256,2198,2871,2996,3225,3536,3543,3922,4158,5321,5850,6373,7281,7493,7860,7936,8338,9246,9727,9966],[3.6516567436233283,4.607168188650764,3.8187108282864943,4.42484663185681,0.691153161953081,3.914021008090819,3.125563647726549,4.607168188650764,4.137164559405029,3.3262343431887,5.523458920524919,4.019381523748645,4.42484663185681,4.270695952029551,3.8187108282864943,4.270695952029551,0.691153161953081,4.607168188650764,0.6832166123573445,4.019381523748645,2.920769235080536,0.691153161953081,0.691153161953081,4.137164559405029,4.42484663185681,4.607168188650764])",0.0
R244,"['resource', 'city', 'still', 'address', 'democrat', 'agreement', 'professor.', 'doctor', 'teach', 'result', 'throughout.', 'event', 'technology', 'notice', 'yard', 'level', 'treatment', 'ten.', 'special', 'piece', 'teacher', 'spring', 'audience.', 'experts', 'discuss', 'ongoing', 'developments', 'technology', 'breakthrough.']","(10000,[399,424,777,1020,1055,1499,1525,1644,1670,2227,2622,3133,3177,3180,3614,3712,4454,4506,4687,5234,5495,7728,8015,8413,8522,8708,9415,9462],[4.270695952029551,4.019381523748645,4.137164559405029,5.1060889099104365,4.270695952029551,3.8187108282864943,4.42484663185681,4.42484663185681,3.8187108282864943,2.7200985396183848,5.523458920524919,4.42484663185681,4.607168188650764,4.830311739964974,0.6636465161632473,4.270695952029551,4.607168188650764,0.691153161953081,0.691153161953081,4.137164559405029,3.914021008090819,4.137164559405029,4.137164559405029,3.6516567436233283,4.137164559405029,4.137164559405029,5.117993812416755,0.691153161953081])",1.0
R107,"['seven', 'may', 'interest', 'star', 'tough.', 'game', 'including', 'table', 'product', 'course', 'whatever', 'state.', 'bank', 'series', 'issue', 'thought', 'plant.', 'experts', 'discuss', 'ongoing', 'developments', 'election.']","(10000,[55,70,447,3556,3614,3652,3931,4463,4506,4687,5170,6616,7036,7178,7334,7695,7850,8929,8975,8982,9160,9462],[4.137164559405029,3.6516567436233283,4.270695952029551,2.7826188965997183,0.6636465161632473,3.914021008090819,3.4440173788450834,3.6516567436233283,0.691153161953081,0.691153161953081,4.270695952029551,3.8187108282864943,5.117993812416755,5.117993812416755,3.8187108282864943,3.914021008090819,4.42484663185681,4.607168188650764,4.607168188650764,4.270695952029551,4.607168188650764,0.691153161953081])",1.0
F148,"['degree', 'pm', 'claim', 'responsibility', 'amount', 'make', 'hold', 'today.', 'save', 'entire', 'relate', 'commercial.', '—', 'shocking', 'claims', 'aliens', 'surface', 'internet.']","(10000,[503,650,988,2389,3502,3525,3882,4520,4613,5850,7026,7222,7281,7936,8338,8824,8937,9943],[0.691153161953081,2.958509563063383,3.914021008090819,4.137164559405029,4.137164559405029,4.019381523748645,4.830311739964974,4.019381523748645,5.117993812416755,0.691153161953081,4.830311739964974,3.914021008090819,0.6832166123573445,0.691153161953081,0.691153161953081,4.019381523748645,3.914021008090819,4.270695952029551])",0.0
F023,"['especially', 'chance', 'key', 'two', 'take', 'else', 'teacher.', 'meeting', 'successful', 'century', 'course.', '—', 'shocking', 'claims', 'mind', 'control', 'surface', 'internet.']","(10000,[20,346,503,855,1208,3131,3184,4499,4728,5034,5500,5659,5850,7281,7841,7936,8173,8338],[4.137164559405029,4.42484663185681,0.691153161953081,4.270695952029551,2.661258039595451,3.914021008090819,2.7508701982851385,5.117993812416755,4.830311739964974,4.019381523748645,5.117993812416755,4.270695952029551,0.691153161953081,0.6832166123573445,4.137164559405029,0.691153161953081,3.3262343431887,0.691153161953081])",0.0
R075,"['provide', 'consumer', 'political', 'western', 'environmental', 'source.', 'outside', 'speech', 'style.', 'experts', 'discuss', 'ongoing', 'developments', 'budget', 'report.']","(10000,[502,524,3500,3614,3707,3935,4506,4687,4991,5432,5946,6027,8568,9462,9475],[4.42484663185681,3.577548771469606,5.523458920524919,0.6636465161632473,4.607168188650764,3.7316994512968646,0.691153161953081,0.691153161953081,2.6330871626287546,2.7508701982851385,4.42484663185681,4.019381523748645,3.914021008090819,0.691153161953081,3.914021008090819])",1.0
R220,"['option', 'performance', 'activity', 'fine', 'near.', 'certainly', 'cover', 'production', 'push', 'become', 'world.', 'car', 'hour', 'ahead', 'gun', 'again.', 'experts', 'discuss', 'ongoing', 'developments', 'public', 'health.']","(10000,[527,673,1770,1898,3614,3674,4506,4687,5978,6104,6219,6287,6431,6817,7090,8110,8268,8313,8353,9351,9462,9613],[3.914021008090819,4.607168188650764,2.958509563063383,4.42484663185681,0.6636465161632473,3.5085558999826545,0.691153161953081,0.691153161953081,4.019381523748645,3.8187108282864943,3.0811118851557153,4.270695952029551,4.607168188650764,5.117993812416755,3.914021008090819,4.270695952029551,3.6516567436233283,4.137164559405029,3.8187108282864943,4.830311739964974,0.691153161953081,4.270695952029551])",1.0
R099,"['list', 'national', 'sort', 'letter', 'player.', 'rich', 'natural', 'politics', 'admit', 'statement', 'purpose', 'feeling', 'lawyer.', 'experts', 'discuss', 'ongoing', 'developments', 'economic', 'growth.']","(10000,[141,564,613,2263,3614,4506,4687,4988,5720,5887,6212,7910,8089,8714,8728,9034,9144,9462,9817],[4.830311739964974,3.914021008090819,3.8187108282864943,4.607168188650764,0.6636465161632473,0.691153161953081,0.691153161953081,3.914021008090819,4.137164559405029,3.4440173788450834,4.42484663185681,4.42484663185681,4.42484663185681,3.914021008090819,4.019381523748645,2.8844015909096608,2.7200985396183848,0.691153161953081,3.7316994512968646])",1.0
F066,"['several', 'board', 'close', 'upon.', '—', 'shocking', 'claims', 'flat', 'earth', 'surface', 'internet.']","(10000,[503,2918,3497,5087,5850,7281,7454,7936,8338,9227,9676],[0.691153161953081,3.0385522707369192,5.117993812416755,5.117993812416755,0.691153161953081,0.6832166123573445,3.8187108282864943,0.691153161953081,0.691153161953081,4.270695952029551,3.0385522707369192])",0.0
F060,"['according', 'officer', 'idea', 'doctor', 'gas.', 'hot', 'crime', 'reason.', '—', 'shocking', 'claims', 'flat', 'earth', 'surface', 'internet.']","(10000,[503,696,731,777,2918,5375,5850,5958,7281,7564,7936,8338,9544,9676,9693],[0.691153161953081,3.8187108282864943,4.019381523748645,4.137164559405029,3.0385522707369192,4.830311739964974,0.691153161953081,4.42484663185681,0.6832166123573445,4.270695952029551,0.691153161953081,0.691153161953081,5.117993812416755,3.0385522707369192,4.270695952029551])",0.0
F022,"['free', 'decide', 'special', 'organization', 'business', 'main', 'game.', 'seek', 'south', 'ask', 'east', 'man', 'now.', 'explain', 'add', 'mrs', 'be.', '—', 'shocking', 'claims', 'government', 'cover-up', 'surface', 'internet.']","(10000,[171,503,1055,1073,1364,1637,2259,2569,3507,3802,4816,5341,5374,5498,5850,6562,6576,7281,7936,8293,8338,9751,9813,9887],[4.137164559405029,0.691153161953081,4.270695952029551,3.914021008090819,4.270695952029551,4.019381523748645,2.8154087194227095,3.8187108282864943,3.7316994512968646,5.117993812416755,3.7316994512968646,4.270695952029551,3.6516567436233283,4.607168188650764,0.691153161953081,4.830311739964974,4.607168188650764,0.6832166123573445,0.691153161953081,4.42484663185681,0.691153161953081,4.137164559405029,2.997730276216664,4.42484663185681])",0.0
F127,"['ahead', 'staff', 'decide', 'condition', 'participant', 'simply', 'quickly', 'third.', 'quality', 'toward', 'stand', 'event', 'animal', 'good.', 'poor', 'radio', 'range', 'common.', '—', 'shocking', 'claims', 'mind', 'control', 'surface', 'internet.']","(10000,[165,503,1208,1642,3079,3184,3194,3391,3506,3744,5328,5396,5850,6224,6886,7281,7360,7728,7936,8103,8151,8268,8293,8338,9086],[4.137164559405029,0.691153161953081,2.661258039595451,4.270695952029551,4.42484663185681,2.7508701982851385,4.42484663185681,3.8187108282864943,4.270695952029551,5.117993812416755,3.6516567436233283,4.019381523748645,0.691153161953081,3.914021008090819,4.607168188650764,0.6832166123573445,4.019381523748645,4.137164559405029,0.691153161953081,5.117993812416755,4.270695952029551,3.6516567436233283,4.42484663185681,0.691153161953081,4.270695952029551])",0.0
R212,"['son', 'present', 'become.', 'rate', 'choice', 'rate', 'including', 'production', 'after.', 'cost', 'technology', 'whatever', 'degree', 'beautiful.', 'experts', 'discuss', 'ongoing', 'developments', 'education.']","(10000,[209,253,870,1020,2039,3614,4490,4506,4687,5047,6053,7334,7695,8130,8353,9462,9714,9943],[4.270695952029551,7.463398902593729,5.117993812416755,2.5530444549552183,5.523458920524919,0.6636465161632473,4.137164559405029,0.691153161953081,0.691153161953081,2.6902455764687034,3.7316994512968646,3.8187108282864943,3.914021008090819,4.019381523748645,3.8187108282864943,0.691153161953081,4.607168188650764,4.270695952029551])",1.0
F119,"['father', 'nice', 'reflect', 'media', 'similar', 'image', 'traditional.', 'understand', 'despite', 'blue', 'threat', 'detail', 'resource', 'fill.', 'knowledge', 'international', 'yard', 'usually', 'coach', 'near', 'bank', 'apply.', '—', 'shocking', 'claims', 'mind', 'control', 'surface', 'internet.']","(10000,[188,424,453,503,1143,1208,1209,1301,1392,1670,1800,2900,2990,3184,3370,3514,5303,5321,5768,5850,5974,6487,7046,7281,7864,7936,8070,8338,8982],[4.607168188650764,4.019381523748645,3.8187108282864943,0.691153161953081,4.42484663185681,2.661258039595451,3.4440173788450834,4.607168188650764,4.830311739964974,3.8187108282864943,4.42484663185681,4.830311739964974,4.270695952029551,2.7508701982851385,4.270695952029551,4.42484663185681,4.137164559405029,4.270695952029551,4.830311739964974,0.691153161953081,3.6516567436233283,3.7316994512968646,4.607168188650764,0.6832166123573445,3.6516567436233283,0.691153161953081,3.8187108282864943,0.691153161953081,4.270695952029551])",0.0
F103,"['sit', 'sort', 'soon', 'entire', 'save', 'address.', '—', 'shocking', 'claims', 'hoax', 'surface', 'internet.']","(10000,[503,1041,1259,4377,4520,5720,5850,6946,7281,7936,8338,8824],[0.691153161953081,4.137164559405029,3.914021008090819,2.60568818844064,4.019381523748645,4.137164559405029,0.691153161953081,4.42484663185681,0.6832166123573445,0.691153161953081,0.691153161953081,4.019381523748645])",0.0
F191,"['democrat', 'plan', 'central', 'friend.', '—', 'shocking', 'claims', 'mind', 'control', 'surface', 'internet.']","(10000,[503,1208,3184,3228,5234,5850,6123,7281,7936,8338,8928],[0.691153161953081,2.661258039595451,2.7508701982851385,5.523458920524919,4.137164559405029,0.691153161953081,4.42484663185681,0.6832166123573445,0.691153161953081,0.691153161953081,4.270695952029551])",0.0
F002,"['thus', 'reach', 'hear', 'capital', 'expert.', 'market', 'rate', 'evidence', 'possible.', '—', 'shocking', 'claims', 'mind', 'control', 'surface', 'internet.']","(10000,[253,503,1208,1510,2054,2272,2657,3184,4842,5684,5850,6541,7281,7936,8338,8386],[3.7316994512968646,0.691153161953081,2.661258039595451,5.523458920524919,4.019381523748645,4.42484663185681,3.7316994512968646,2.7508701982851385,4.270695952029551,3.577548771469606,0.691153161953081,5.117993812416755,0.6832166123573445,0.691153161953081,0.691153161953081,3.8187108282864943])",0.0
R155,"['hold', 'decade', 'wall', 'yes.', 'man', 'ready', 'chance', 'side.', 'nothing', 'let', 'energy.', 'experts', 'discuss', 'ongoing', 'developments', 'election.']","(10000,[346,2389,2569,2601,3556,3614,3924,4292,4506,4687,5779,6030,6404,6557,8267,9462],[4.42484663185681,4.137164559405029,3.8187108282864943,4.830311739964974,2.7826188965997183,0.6636465161632473,4.019381523748645,4.137164559405029,0.691153161953081,0.691153161953081,5.523458920524919,4.137164559405029,3.8187108282864943,3.6516567436233283,4.42484663185681,0.691153161953081])",1.0
R006,"['parent', 'every', 'front', 'officer', 'report', 'street', 'station', 'camera.', 'allow', 'ground', 'poor.', 'experts', 'discuss', 'ongoing', 'developments', 'technology', 'breakthrough.']","(10000,[504,696,1020,2227,2613,3192,3614,3684,4506,4687,4835,6487,6505,8415,9462,9681,9932],[4.019381523748645,3.8187108282864943,2.5530444549552183,2.7200985396183848,4.830311739964974,4.137164559405029,0.6636465161632473,3.7316994512968646,0.691153161953081,0.691153161953081,4.830311739964974,3.7316994512968646,4.42484663185681,3.8187108282864943,0.691153161953081,4.137164559405029,3.8187108282864943])",1.0
F086,"['end', 'few.', 'point', 'recent', 'bed', 'class.', 'stuff', 'something', 'six', 'five', 'forward', 'board.', '—', 'shocking', 'claims', 'government', 'cover-up', 'surface', 'internet.']","(10000,[453,503,682,2259,4416,5241,5305,5401,5591,5850,5974,7281,7722,7936,8338,8411,9497,9813,9826],[3.8187108282864943,0.691153161953081,5.117993812416755,2.8154087194227095,4.830311739964974,4.830311739964974,5.117993812416755,4.019381523748645,4.830311739964974,0.691153161953081,3.6516567436233283,0.6832166123573445,4.270695952029551,0.691153161953081,0.691153161953081,3.5085558999826545,4.137164559405029,2.997730276216664,4.270695952029551])",0.0
R168,"['site', 'father', 'boy', 'majority.', 'film', 'president', 'also', 'ask.', 'feel', 'play', 'resource', 'class.', 'experts', 'discuss', 'ongoing', 'developments', 'election.']","(10000,[157,1306,1670,1800,2173,2609,3115,3556,3614,3709,3792,4506,4687,5003,5241,5891,9462],[3.5085558999826545,4.42484663185681,3.8187108282864943,4.42484663185681,4.830311739964974,5.523458920524919,3.8187108282864943,2.7826188965997183,0.6636465161632473,4.830311739964974,4.830311739964974,0.691153161953081,0.691153161953081,4.019381523748645,4.830311739964974,3.7316994512968646,0.691153161953081])",1.0
R077,"['little', 'offer', 'reason', 'political', 'big', 'first.', 'activity', 'different', 'resource', 'probably', 'statement', 'price', 'possible', 'best.', 'chair', 'room', 'rate', 'enter', 'yes.', 'experts', 'discuss', 'ongoing', 'developments', 'public', 'health.']","(10000,[253,494,681,1590,1670,1738,1770,2297,2601,2944,2958,3048,3614,3756,3935,4506,4687,6043,6100,6219,6683,7435,8110,9462,9817],[3.7316994512968646,4.019381523748645,4.42484663185681,4.42484663185681,3.8187108282864943,4.42484663185681,2.958509563063383,3.6516567436233283,4.830311739964974,4.137164559405029,4.607168188650764,4.270695952029551,0.6636465161632473,4.42484663185681,3.7316994512968646,0.691153161953081,0.691153161953081,4.830311739964974,4.137164559405029,3.0811118851557153,5.117993812416755,4.137164559405029,4.270695952029551,0.691153161953081,3.7316994512968646])",1.0
F209,"['team', 'wish', 'find', 'oil', 'head', 'notice.', 'top', 'toward', 'court', 'tv', 'seem.', '—', 'shocking', 'claims', 'hoax', 'surface', 'internet.']","(10000,[468,495,503,1064,3194,4377,4502,4547,4568,5328,5850,6035,7281,7366,7510,7936,8338],[4.830311739964974,4.42484663185681,0.691153161953081,3.914021008090819,4.42484663185681,2.60568818844064,4.830311739964974,4.019381523748645,3.6516567436233283,3.6516567436233283,0.691153161953081,3.383392757028649,0.6832166123573445,4.137164559405029,3.7316994512968646,0.691153161953081,0.691153161953081])",0.0
R236,"['family', 'radio', 'deal', 'strategy', 'film', 'front', 'light', 'stuff.', 'task', 'color', 'quite', 'next', 'particularly', 'particularly.', 'experts', 'discuss', 'ongoing', 'developments', 'public', 'health.']","(10000,[504,1433,1720,1770,2291,2825,3614,4506,4687,5003,6056,6219,6443,8273,8297,8451,9086,9168,9462,9832],[4.019381523748645,4.607168188650764,3.914021008090819,2.958509563063383,4.607168188650764,5.117993812416755,0.6636465161632473,0.691153161953081,0.691153161953081,4.019381523748645,3.8187108282864943,3.0811118851557153,3.8187108282864943,4.270695952029551,3.8187108282864943,4.270695952029551,4.270695952029551,4.830311739964974,0.691153161953081,3.914021008090819])",1.0
F186,"['pass', 'become.', 'follow', 'test', 'land.', '—', 'shocking', 'claims', 'aliens', 'surface', 'internet.']","(10000,[503,650,5850,6586,7281,7936,8338,8392,9123,9367,9714],[0.691153161953081,2.958509563063383,0.691153161953081,4.137164559405029,0.6832166123573445,0.691153161953081,0.691153161953081,4.270695952029551,5.523458920524919,3.8187108282864943,4.607168188650764])",0.0
R243,"['body', 'building', 'image', 'reality', 'yourself.', 'high', 'exactly', 'everything', 'teach', 'likely', 'miss.', 'experts', 'discuss', 'ongoing', 'developments', 'public', 'health.']","(10000,[309,680,841,1770,2096,2116,3614,4506,4687,5303,5852,6219,6961,7321,8522,9156,9462],[4.270695952029551,4.42484663185681,4.830311739964974,2.958509563063383,4.607168188650764,4.607168188650764,0.6636465161632473,0.691153161953081,0.691153161953081,4.137164559405029,4.137164559405029,3.0811118851557153,5.523458920524919,5.117993812416755,4.137164559405029,4.270695952029551,0.691153161953081])",1.0
F094,"['decade', 'officer', 'happen', 'push.', 'seat', 'involve', 'order', 'success', 'four', 'whether.', 'feel', 'member', 'listen', 'visit', 'eye', 'capital.', '—', 'shocking', 'claims', 'immortal', 'jellyfish', 'surface', 'internet.']","(10000,[47,101,429,503,696,698,1226,1243,1341,2066,3115,4704,5850,6030,6271,6547,6790,7074,7281,7936,8338,9828,9876],[4.830311739964974,5.117993812416755,4.42484663185681,0.691153161953081,3.8187108282864943,4.270695952029551,3.914021008090819,3.7316994512968646,4.137164559405029,2.7508701982851385,3.8187108282864943,4.270695952029551,0.691153161953081,4.137164559405029,3.914021008090819,4.830311739964974,4.137164559405029,4.019381523748645,0.6832166123573445,0.691153161953081,0.691153161953081,3.7316994512968646,2.7508701982851385])",0.0
R032,"['body', 'present', 'person', 'happy.', 'role', 'shoulder', 'consider', 'skill.', 'experts', 'discuss', 'ongoing', 'developments', 'economic', 'growth.']","(10000,[312,841,2956,3249,3350,3614,4506,4687,6241,6756,8130,9034,9144,9462],[4.42484663185681,4.830311739964974,4.607168188650764,3.4440173788450834,3.7316994512968646,0.6636465161632473,0.691153161953081,0.691153161953081,4.270695952029551,3.3262343431887,4.019381523748645,2.8844015909096608,2.7200985396183848,0.691153161953081])",1.0
R033,"['red', 'make', 'likely', 'herself.', 'use', 'claim', 'sea', 'according', 'type.', 'indeed', 'daughter', 'blood.', 'experts', 'discuss', 'ongoing', 'developments', 'education.']","(10000,[52,309,2238,3525,3614,4349,4506,4687,4934,5047,5133,7564,7623,8937,9462,9617,9700],[4.137164559405029,4.270695952029551,5.523458920524919,4.019381523748645,0.6636465161632473,4.607168188650764,0.691153161953081,0.691153161953081,4.42484663185681,2.6902455764687034,3.914021008090819,4.270695952029551,4.830311739964974,3.914021008090819,0.691153161953081,3.8187108282864943,5.117993812416755])",1.0
R045,"['important', 'heart', 'state.', 'scene', 'board', 'help', 'maintain', 'week', 'eye', 'drug.', 'experts', 'discuss', 'ongoing', 'developments', 'technology', 'breakthrough.']","(10000,[1020,1341,1967,2227,3614,3980,4506,4687,5122,5247,5844,7454,8929,9347,9462,9808],[2.5530444549552183,4.137164559405029,4.019381523748645,2.7200985396183848,0.6636465161632473,4.607168188650764,0.691153161953081,0.691153161953081,4.137164559405029,4.607168188650764,4.607168188650764,3.8187108282864943,4.607168188650764,4.270695952029551,0.691153161953081,3.914021008090819])",1.0
R116,"['buy', 'control', 'recognize', 'scientist.', 'doctor', 'cost', 'crime', 'ever', 'join', 'word.', 'experts', 'discuss', 'ongoing', 'developments', 'education.']","(10000,[80,731,777,1208,3614,4490,4506,4687,5006,5047,5594,8171,8952,9166,9462],[4.137164559405029,4.019381523748645,4.137164559405029,2.661258039595451,0.6636465161632473,4.137164559405029,0.691153161953081,0.691153161953081,5.117993812416755,2.6902455764687034,3.914021008090819,4.42484663185681,3.914021008090819,5.523458920524919,0.691153161953081])",1.0
F056,"['pretty', 'gun', 'behind', 'full', 'individual', 'carry', 'notice.', 'prevent', 'significant', 'professor', 'space.', 'knowledge', 'structure', 'ground', 'worry', 'media', 'smile', 'risk.', '—', 'shocking', 'claims', 'celebrity', 'scandal', 'surface', 'internet.']","(10000,[454,503,1098,1209,2543,2713,2996,3252,3486,3919,4346,4921,5850,6487,6711,7281,7366,7864,7936,8313,8338,8343,8552,8614,8897],[3.5085558999826545,0.691153161953081,4.270695952029551,3.4440173788450834,3.4440173788450834,3.914021008090819,3.3262343431887,4.607168188650764,2.849310271098391,4.270695952029551,4.42484663185681,2.849310271098391,0.691153161953081,3.7316994512968646,4.830311739964974,0.6832166123573445,4.137164559405029,3.6516567436233283,0.691153161953081,4.137164559405029,0.691153161953081,3.7316994512968646,4.607168188650764,4.270695952029551,4.607168188650764])",0.0
R043,"['opportunity', 'war', 'bring', 'risk', 'thought', 'heart', 'hit.', 'science', 'though', 'start', 'hope', 'hot.', 'draw', 'board', 'able.', 'experts', 'discuss', 'ongoing', 'developments', 'policy.']","(10000,[55,885,2996,3057,3363,3385,3614,4498,4506,4687,6000,6944,6976,7454,8167,8719,8730,8794,9462,9808],[4.137164559405029,5.523458920524919,3.3262343431887,3.7316994512968646,3.8187108282864943,3.7316994512968646,0.6636465161632473,5.117993812416755,0.691153161953081,0.691153161953081,3.914021008090819,2.8154087194227095,4.42484663185681,3.8187108282864943,4.270695952029551,4.137164559405029,5.523458920524919,4.137164559405029,0.691153161953081,3.914021008090819])",1.0
R145,"['building', 'keep', 'west', 'law', 'top', 'science', 'home.', 'give', 'message', 'interesting', 'mention.', 'experts', 'discuss', 'ongoing', 'developments', 'economic', 'growth.']","(10000,[1073,2715,3363,3614,3634,3783,3979,4506,4687,5085,5328,5852,5861,9034,9144,9462,9594],[3.914021008090819,4.137164559405029,3.8187108282864943,0.6636465161632473,4.607168188650764,4.607168188650764,4.607168188650764,0.691153161953081,0.691153161953081,4.019381523748645,3.6516567436233283,4.137164559405029,4.607168188650764,2.8844015909096608,2.7200985396183848,0.691153161953081,4.270695952029551])",1.0
F200,"['ever', 'social', 'property.', 'free', 'service', 'identify', 'sure', 'second', 'record', 'home.', '—', 'shocking', 'claims', 'secret', 'cure', 'surface', 'internet.']","(10000,[503,823,1073,1821,2252,3892,3967,4347,5594,5850,5861,6747,7281,7936,8208,8338,9256],[0.691153161953081,3.914021008090819,3.914021008090819,4.019381523748645,4.42484663185681,2.5530444549552183,4.019381523748645,4.42484663185681,3.914021008090819,0.691153161953081,4.607168188650764,2.5530444549552183,0.6832166123573445,0.691153161953081,5.523458920524919,0.691153161953081,4.137164559405029])",0.0
F034,"['government', 'discussion', 'audience', 'either.', 'suddenly', 'direction', 'make', 'report', 'explain', 'build.', '—', 'shocking', 'claims', 'celebrity', 'scandal', 'surface', 'internet.']","(10000,[503,1312,2259,3486,3525,4921,5315,5341,5598,5850,6505,7281,7632,7936,8338,8554,8581],[0.691153161953081,4.137164559405029,2.8154087194227095,2.849310271098391,4.019381523748645,2.849310271098391,3.8187108282864943,4.270695952029551,5.117993812416755,0.691153161953081,4.42484663185681,0.6832166123573445,4.830311739964974,0.691153161953081,0.691153161953081,4.019381523748645,5.117993812416755])",0.0
F149,"['world', 'money', 'use', 'hospital', 'minute', 'generation.', '—', 'shocking', 'claims', 'secret', 'cure', 'surface', 'internet.']","(10000,[503,3357,3892,4695,4930,5133,5850,6103,6747,7281,7936,8338,9360],[0.691153161953081,3.914021008090819,2.5530444549552183,5.523458920524919,4.137164559405029,3.914021008090819,0.691153161953081,4.607168188650764,2.5530444549552183,0.6832166123573445,0.691153161953081,0.691153161953081,4.270695952029551])",0.0
F051,"['table', 'blood.', 'bit', 'military', 'six', 'country.', 'establish', 'customer', 'strong', 'future', 'mother.', '—', 'shocking', 'claims', 'secret', 'cure', 'surface', 'internet.']","(10000,[503,1413,1989,2923,3892,3931,4349,5401,5850,5877,6355,6488,6747,7177,7281,7936,8338,9062],[0.691153161953081,4.137164559405029,4.42484663185681,4.019381523748645,2.5530444549552183,3.4440173788450834,4.607168188650764,4.019381523748645,0.691153161953081,3.914021008090819,4.137164559405029,3.914021008090819,2.5530444549552183,5.117993812416755,0.6832166123573445,0.691153161953081,0.691153161953081,5.523458920524919])",0.0
F089,"['assume', 'occur', 'night', 'girl.', 'reduce', 'society', 'success', 'material', 'concern.', '—', 'shocking', 'claims', 'flat', 'earth', 'surface', 'internet.']","(10000,[327,503,1921,2664,2918,3231,5850,6869,7281,7370,7936,8159,8338,9676,9719,9828],[4.270695952029551,0.691153161953081,3.914021008090819,3.914021008090819,3.0385522707369192,4.270695952029551,0.691153161953081,4.019381523748645,0.6832166123573445,5.523458920524919,0.691153161953081,4.019381523748645,0.691153161953081,3.0385522707369192,5.117993812416755,3.7316994512968646])",0.0
F135,"['personal', 'stand', 'race', 'need', 'institution.', 'various', 'father', 'word', 'defense.', 'head', 'bank', 'street', 'current.', '—', 'shocking', 'claims', 'flat', 'earth', 'surface', 'internet.']","(10000,[176,454,503,1064,1800,2918,3519,3684,5850,6000,6537,6647,6886,7180,7281,7936,7939,8338,8982,9676],[5.523458920524919,3.5085558999826545,0.691153161953081,3.914021008090819,4.42484663185681,3.0385522707369192,4.270695952029551,3.7316994512968646,0.691153161953081,3.914021008090819,3.914021008090819,4.019381523748645,4.607168188650764,4.42484663185681,0.6832166123573445,0.691153161953081,4.607168188650764,0.691153161953081,4.270695952029551,3.0385522707369192])",0.0
F088,"['responsibility', 'good', 'notice', 'score.', 'though', 'key', 'base', 'vote', 'agent', 'hope.', 'world', 'wife', 'yeah', 'new', 'serve', 'option.', '—', 'shocking', 'claims', 'government', 'cover-up', 'surface', 'internet.']","(10000,[503,585,1525,1725,2259,3021,3131,3249,3385,3502,5016,5850,6168,7195,7281,7936,8173,8338,8569,9214,9360,9813,9918],[0.691153161953081,4.270695952029551,4.42484663185681,4.42484663185681,2.8154087194227095,4.270695952029551,3.914021008090819,3.4440173788450834,3.7316994512968646,4.137164559405029,4.830311739964974,0.691153161953081,4.019381523748645,5.523458920524919,0.6832166123573445,0.691153161953081,3.3262343431887,0.691153161953081,4.830311739964974,4.607168188650764,4.270695952029551,2.997730276216664,4.607168188650764])",0.0
R010,"['level', 'time', 'as.', 'experts', 'discuss', 'ongoing', 'developments', 'election.']","(10000,[1499,3556,3614,4506,4687,6035,8157,9462],[3.8187108282864943,2.7826188965997183,0.6636465161632473,0.691153161953081,0.691153161953081,3.383392757028649,4.42484663185681,0.691153161953081])",1.0
R211,"['child', 'voice', 'area', 'back', 'north.', 'religious', 'somebody', 'television', 'book.', 'experts', 'discuss', 'ongoing', 'developments', 'policy.']","(10000,[2802,3089,3226,3530,3614,4293,4506,4687,5649,6944,7244,8430,8713,9462],[4.830311739964974,4.42484663185681,5.523458920524919,4.42484663185681,0.6636465161632473,4.137164559405029,0.691153161953081,0.691153161953081,4.137164559405029,2.8154087194227095,3.4440173788450834,4.830311739964974,3.7316994512968646,0.691153161953081])",1.0
F204,"['federal', 'want', 'respond', 'box', 'including.', 'task', 'find', 'rock', 'able', 'likely', 'need', 'crime.', 'current', 'try', 'certainly', 'board', 'so.', 'doctor', 'plant', 'station', 'light', 'law.', '—', 'shocking', 'claims', 'miracle', 'drug', 'surface', 'internet.']","(10000,[278,309,503,574,633,673,777,1256,1720,1783,2500,3496,4693,5850,6537,7244,7281,7454,7510,7712,7860,7922,7936,8338,8415,8451,8538,8888,9189],[4.607168188650764,4.270695952029551,0.691153161953081,3.7316994512968646,3.7316994512968646,4.607168188650764,4.137164559405029,3.125563647726549,3.914021008090819,4.830311739964974,4.607168188650764,4.830311739964974,4.019381523748645,0.691153161953081,3.914021008090819,3.4440173788450834,0.6832166123573445,3.8187108282864943,3.7316994512968646,3.8187108282864943,2.920769235080536,4.42484663185681,0.691153161953081,0.691153161953081,3.8187108282864943,4.270695952029551,5.117993812416755,5.117993812416755,4.270695952029551])",0.0
F168,"['social', 'report', 'hit', 'idea.', 'base', 'rate', 'instead', 'issue', 'road', 'but.', 'senior', 'provide', 'public', 'vote.', '—', 'shocking', 'claims', 'miracle', 'drug', 'surface', 'internet.']","(10000,[253,503,823,1256,1375,1770,4144,4527,5725,5850,5946,6505,6616,6878,7281,7860,7936,8173,8252,8338,8927],[3.7316994512968646,0.691153161953081,3.914021008090819,3.125563647726549,4.830311739964974,2.958509563063383,3.914021008090819,4.42484663185681,4.019381523748645,0.691153161953081,4.42484663185681,4.42484663185681,3.8187108282864943,5.117993812416755,0.6832166123573445,2.920769235080536,0.691153161953081,3.3262343431887,4.270695952029551,0.691153161953081,5.117993812416755])",0.0
R011,"['young', 'record', 'street', 'west', 'woman.', 'suffer', 'article', 'hit', 'catch.', 'evidence', 'family', 'trip', 'democrat', 'involve.', 'everything', 'find', 'thus', 'third', 'main', 'guy.', 'experts', 'discuss', 'ongoing', 'developments', 'public', 'health.']","(10000,[1278,1637,1702,1770,2054,3614,3684,4347,4506,4687,4775,5085,5234,5684,5782,6135,6219,6426,7108,7510,7809,8252,8297,8771,9156,9462],[5.117993812416755,4.019381523748645,4.137164559405029,2.958509563063383,4.019381523748645,0.6636465161632473,3.7316994512968646,4.42484663185681,0.691153161953081,0.691153161953081,5.117993812416755,4.019381523748645,4.137164559405029,3.577548771469606,4.830311739964974,4.607168188650764,3.0811118851557153,5.117993812416755,5.117993812416755,3.7316994512968646,4.137164559405029,4.270695952029551,3.8187108282864943,4.270695952029551,4.270695952029551,0.691153161953081])",1.0
R232,"['begin', 'church', 'century', 'country', 'development', 'whether.', 'easy', 'within', 'husband', 'wish', 'process', 'drive.', 'operation', 'matter', 'bring', 'rock', 'prove.', 'experts', 'discuss', 'ongoing', 'developments', 'climate', 'change.']","(10000,[495,574,760,821,1273,1513,2059,2402,2871,3057,3614,4506,4687,5105,5922,6547,7208,7841,7870,8040,9391,9462,9817],[4.42484663185681,3.7316994512968646,4.830311739964974,2.849310271098391,4.270695952029551,4.607168188650764,2.6902455764687034,4.137164559405029,4.137164559405029,3.7316994512968646,0.6636465161632473,0.691153161953081,0.691153161953081,5.117993812416755,4.270695952029551,4.830311739964974,4.019381523748645,4.137164559405029,4.137164559405029,4.137164559405029,3.914021008090819,0.691153161953081,3.7316994512968646])",1.0
R042,"['american', 'try', 'strategy.', 'low', 'feel', 'mind', 'senior', 'wrong', 'be.', 'experts', 'discuss', 'ongoing', 'developments', 'public', 'health.']","(10000,[1770,3115,3184,3614,4144,4506,4687,4693,6219,6512,6562,7516,7652,8411,9462],[2.958509563063383,3.8187108282864943,2.7508701982851385,0.6636465161632473,3.914021008090819,0.691153161953081,0.691153161953081,4.019381523748645,3.0811118851557153,4.270695952029551,4.830311739964974,5.117993812416755,4.42484663185681,3.5085558999826545,0.691153161953081])",1.0
F182,"['direction', 'decide', 'major', 'without.', 'pass', 'determine', 'car', 'amount', 'someone', 'test', 'within.', 'occur', 'leg', 'set', 'apply', 'break', 'pattern.', 'last', 'stuff', 'surface', 'mrs.', '—', 'shocking', 'claims', 'hoax', 'surface', 'internet.']","(10000,[503,641,668,1058,1921,3671,3674,3804,3989,4295,4377,5342,5850,6290,6586,7222,7281,7312,7722,7734,7936,8293,8326,8338,8392,8554],[0.691153161953081,4.607168188650764,3.8187108282864943,3.914021008090819,3.914021008090819,4.270695952029551,3.5085558999826545,4.830311739964974,4.137164559405029,5.117993812416755,2.60568818844064,4.019381523748645,0.691153161953081,4.607168188650764,4.137164559405029,3.914021008090819,1.366433224714689,4.42484663185681,4.270695952029551,4.019381523748645,0.691153161953081,4.42484663185681,5.523458920524919,0.691153161953081,4.270695952029551,4.019381523748645])",0.0
F036,"['sign', 'outside', 'since', 'able', 'cut', 'work.', 'type', 'rich', 'large', 'pass', 'leave.', 'dog', 'season', 'source', 'possible.', '—', 'shocking', 'claims', 'miracle', 'drug', 'surface', 'internet.']","(10000,[360,503,1206,1256,1769,2272,2358,3496,3526,5850,6212,6287,6756,7022,7281,7721,7860,7936,8338,8392,8568,9564],[5.117993812416755,0.691153161953081,4.270695952029551,3.125563647726549,4.830311739964974,4.42484663185681,4.607168188650764,4.830311739964974,4.270695952029551,0.691153161953081,4.42484663185681,4.270695952029551,3.3262343431887,4.42484663185681,0.6832166123573445,4.270695952029551,2.920769235080536,0.691153161953081,0.691153161953081,4.270695952029551,3.914021008090819,4.270695952029551])",0.0
F068,"['ask', 'always', 'rule', 'team.', 'collection', 'end', 'notice.', 'collection', 'really', 'page', 'business', 'whether.', '—', 'shocking', 'claims', 'secret', 'cure', 'surface', 'internet.']","(10000,[343,453,503,2827,3507,3892,4112,5374,5850,6021,6547,6747,7281,7366,7936,8209,8338,9011],[4.270695952029551,3.8187108282864943,0.691153161953081,4.607168188650764,3.7316994512968646,2.5530444549552183,3.914021008090819,3.6516567436233283,0.691153161953081,4.830311739964974,4.830311739964974,2.5530444549552183,0.6832166123573445,4.137164559405029,0.691153161953081,10.23598762483351,0.691153161953081,4.830311739964974])",0.0
R015,"['success', 'college.', 'experts', 'discuss', 'ongoing', 'developments', 'election.']","(10000,[3556,3614,4506,4687,9462,9578,9828],[2.7826188965997183,0.6636465161632473,0.691153161953081,0.691153161953081,0.691153161953081,4.830311739964974,3.7316994512968646])",1.0
R147,"['probably', 'however', 'final.', 'administration', 'reduce', 'politics', 'expect.', 'experts', 'discuss', 'ongoing', 'developments', 'climate', 'change.']","(10000,[821,911,2059,2101,2297,3614,4506,4687,5185,5887,8159,8219,9462],[2.849310271098391,4.42484663185681,2.6902455764687034,4.830311739964974,3.6516567436233283,0.6636465161632473,0.691153161953081,0.691153161953081,4.137164559405029,3.4440173788450834,4.019381523748645,4.607168188650764,0.691153161953081])",1.0
F198,"['spring', 'time', 'physical', 'billion', 'before.', 'hard', 'wind', 'entire', 'federal.', 'main', 'build', 'black', 'hair', 'office', 'increase.', '—', 'shocking', 'claims', 'government', 'cover-up', 'surface', 'internet.']","(10000,[258,503,1637,1644,1948,2259,2558,2782,3014,5125,5850,6623,7281,7664,7696,7936,8157,8338,8344,8649,8824,9813],[3.6516567436233283,0.691153161953081,4.019381523748645,4.42484663185681,3.914021008090819,2.8154087194227095,4.019381523748645,5.117993812416755,4.137164559405029,4.42484663185681,0.691153161953081,4.830311739964974,0.6832166123573445,4.270695952029551,4.607168188650764,0.691153161953081,4.42484663185681,0.691153161953081,4.019381523748645,4.270695952029551,4.019381523748645,2.997730276216664])",0.0
R081,"['degree', 'start', 'adult', 'space', 'smile', 'study', 'force.', 'space', 'either', 'member', 'think', 'floor', 'center', 'entire', 'such.', 'show', 'mean', 'tonight', 'benefit', 'hair', 'protect.', 'experts', 'discuss', 'ongoing', 'developments', 'climate', 'change.']","(10000,[72,821,909,1480,2059,2335,2713,2996,3389,3614,3629,4019,4224,4319,4506,4687,5653,6291,6790,7664,8693,8824,9126,9188,9462,9943],[4.270695952029551,2.849310271098391,4.270695952029551,4.42484663185681,2.6902455764687034,4.830311739964974,3.914021008090819,3.3262343431887,4.42484663185681,0.6636465161632473,5.117993812416755,4.270695952029551,4.830311739964974,4.270695952029551,0.691153161953081,0.691153161953081,5.117993812416755,4.42484663185681,4.137164559405029,4.270695952029551,4.830311739964974,4.019381523748645,4.830311739964974,9.660623479929948,0.691153161953081,4.270695952029551])",1.0
F050,"['majority', 'whatever', 'bill', 'apply.', 'suffer', 'tell', 'final', 'model', 'try', 'letter', 'population.', 'walk', 'imagine', 'billion', 'with.', '—', 'shocking', 'claims', 'aliens', 'surface', 'internet.']","(10000,[258,503,564,650,1392,1653,1850,4693,5301,5850,6135,6142,6599,7102,7281,7640,7695,7936,8135,8338,9244],[3.6516567436233283,0.691153161953081,3.914021008090819,2.958509563063383,4.830311739964974,5.523458920524919,4.137164559405029,4.019381523748645,4.42484663185681,0.691153161953081,4.607168188650764,4.42484663185681,5.117993812416755,4.137164559405029,0.6832166123573445,4.607168188650764,3.914021008090819,0.691153161953081,4.137164559405029,0.691153161953081,3.914021008090819])",0.0
F162,"['discover', 'cold', 'power', 'outside', 'must', 'bed', 'them.', 'compare', 'five', 'case', 'energy', 'couple', 'car', 'both.', 'walk', 'stage', 'list.', '—', 'shocking', 'claims', 'celebrity', 'scandal', 'surface', 'internet.']","(10000,[30,503,1023,3056,3486,3674,3920,4170,4921,5850,5974,6142,6342,7281,7702,7936,8307,8338,8506,8568,8957,8961,9246,9497],[4.270695952029551,0.691153161953081,4.42484663185681,4.270695952029551,2.849310271098391,3.5085558999826545,4.607168188650764,3.914021008090819,2.849310271098391,0.691153161953081,3.6516567436233283,4.42484663185681,4.019381523748645,0.6832166123573445,3.914021008090819,0.691153161953081,3.8187108282864943,0.691153161953081,5.523458920524919,3.914021008090819,5.523458920524919,5.523458920524919,4.137164559405029,4.137164559405029])",0.0
R028,"['difference', 'treatment', 'hospital', 'raise.', 'everyone', 'right', 'although', 'style', 'save', 'impact', 'in.', 'experts', 'discuss', 'ongoing', 'developments', 'technology', 'breakthrough.']","(10000,[1020,1790,1936,1972,2227,3614,4506,4520,4687,4930,7593,7779,7866,8000,8015,8893,9462],[2.5530444549552183,4.137164559405029,4.830311739964974,4.270695952029551,2.7200985396183848,0.6636465161632473,0.691153161953081,4.019381523748645,0.691153161953081,4.137164559405029,4.830311739964974,3.914021008090819,3.914021008090819,5.117993812416755,4.137164559405029,4.42484663185681,0.691153161953081])",1.0
R195,"['table', 'know', 'put', 'class', 'student', 'also.', 'mouth', 'guy', 'relate', 'even', 'billion', 'size.', 'mention', 'hot', 'set', 'college', 'weight', 'want', 'however.', 'experts', 'discuss', 'ongoing', 'developments', 'budget', 'report.']","(10000,[94,258,988,2907,3536,3614,3931,4007,4506,4687,4991,5342,5432,6406,6532,7497,7712,7779,8004,8057,8121,8871,9261,9462,9693],[4.830311739964974,3.6516567436233283,3.914021008090819,5.117993812416755,4.019381523748645,0.6636465161632473,3.4440173788450834,4.42484663185681,0.691153161953081,0.691153161953081,2.6330871626287546,4.019381523748645,2.7508701982851385,4.019381523748645,5.523458920524919,4.137164559405029,3.8187108282864943,3.914021008090819,4.607168188650764,4.137164559405029,5.117993812416755,4.42484663185681,4.830311739964974,0.691153161953081,4.270695952029551])",1.0
F116,"['learn', 'include', 'arrive', 'reason.', 'population', 'issue', 'financial', 'marriage', 'natural', 'question', 'meet.', 'recently', 'technology', 'prepare', 'relationship', 'certainly', 'sure.', '—', 'shocking', 'claims', 'aliens', 'surface', 'internet.']","(10000,[503,650,673,1020,1173,2034,2286,2347,2947,2953,4260,4988,5375,5850,5967,6229,6616,7281,7391,7407,7936,8338,9258],[0.691153161953081,2.958509563063383,4.607168188650764,2.5530444549552183,5.523458920524919,4.270695952029551,4.137164559405029,5.117993812416755,4.607168188650764,4.607168188650764,4.137164559405029,3.914021008090819,4.830311739964974,0.691153161953081,4.270695952029551,4.607168188650764,3.8187108282864943,0.6832166123573445,3.8187108282864943,4.019381523748645,0.691153161953081,0.691153161953081,3.7316994512968646])",0.0
R018,"['member', 'less.', 'soldier', 'couple', 'modern', 'blood', 'line', 'single.', 'yet', 'minute', 'life', 'much', 'toward.', 'experts', 'discuss', 'ongoing', 'developments', 'research.']","(10000,[359,524,1182,2336,2359,3357,3477,3489,3614,4037,4141,4506,4531,4687,6790,7066,7702,9462],[5.523458920524919,3.577548771469606,4.270695952029551,3.914021008090819,3.8187108282864943,3.914021008090819,4.607168188650764,5.523458920524919,0.6636465161632473,4.270695952029551,4.42484663185681,0.691153161953081,4.270695952029551,0.691153161953081,4.137164559405029,2.849310271098391,3.914021008090819,0.691153161953081])",1.0
F073,"['quickly', 'take', 'include', 'music', 'name.', 'fill', 'stand', 'somebody', 'mind', 'wall', 'heart.', '—', 'shocking', 'claims', 'immortal', 'jellyfish', 'surface', 'internet.']","(10000,[503,691,855,2066,2953,3089,3184,3391,5850,6370,6404,6886,7281,7936,8338,8919,9727,9876],[0.691153161953081,5.117993812416755,4.270695952029551,2.7508701982851385,4.607168188650764,4.42484663185681,2.7508701982851385,3.8187108282864943,0.691153161953081,4.42484663185681,3.8187108282864943,4.607168188650764,0.6832166123573445,0.691153161953081,0.691153161953081,5.523458920524919,4.42484663185681,2.7508701982851385])",0.0
F059,"['ago', 'return', 'current.', 'enter', 'catch', 'least', 'raise.', '—', 'shocking', 'claims', 'miracle', 'drug', 'surface', 'internet.']","(10000,[503,635,1256,1634,1896,5850,6000,7281,7435,7593,7860,7936,7949,8338],[0.691153161953081,3.8187108282864943,3.125563647726549,4.607168188650764,4.137164559405029,0.691153161953081,3.914021008090819,0.6832166123573445,4.137164559405029,4.830311739964974,2.920769235080536,0.691153161953081,4.270695952029551,0.691153161953081])",0.0
R078,"['room', 'vote', 'lay', 'tough', 'area', 'news.', 'seem', 'dark', 'building', 'work', 'whom.', 'need', 'direction', 'toward.', 'experts', 'discuss', 'ongoing', 'developments', 'budget', 'report.']","(10000,[494,697,735,1195,2588,3614,4475,4506,4531,4687,4991,5432,5447,5649,5852,6537,8554,9214,9462,9527],[4.019381523748645,4.607168188650764,4.019381523748645,4.019381523748645,4.270695952029551,0.6636465161632473,4.270695952029551,0.691153161953081,4.270695952029551,0.691153161953081,2.6330871626287546,2.7508701982851385,3.4440173788450834,4.137164559405029,4.137164559405029,3.914021008090819,4.019381523748645,4.607168188650764,0.691153161953081,4.607168188650764])",1.0
F216,"['field', 'fast', 'community', 'nothing', 'thus', 'choice.', 'choose', 'rate', 'federal', 'range.', '—', 'shocking', 'claims', 'secret', 'cure', 'surface', 'internet.']","(10000,[253,503,633,779,1209,3892,4292,5684,5850,6747,7074,7281,7936,8174,8338,9263,9706],[3.7316994512968646,0.691153161953081,3.7316994512968646,5.523458920524919,3.4440173788450834,2.5530444549552183,4.137164559405029,3.577548771469606,0.691153161953081,2.5530444549552183,4.019381523748645,0.6832166123573445,0.691153161953081,4.270695952029551,0.691153161953081,4.270695952029551,4.270695952029551])",0.0
F206,"['shake', 'population', 'energy', 'nation', 'role.', 'financial', 'popular', 'employee', 'maybe.', 'office', 'win', 'attention', 'pay.', '—', 'shocking', 'claims', 'celebrity', 'scandal', 'surface', 'internet.']","(10000,[503,1676,2180,2398,2875,3144,3486,4014,4921,5850,6148,6548,7281,7407,7936,8307,8338,8344,9258,9974],[0.691153161953081,5.523458920524919,4.137164559405029,4.607168188650764,4.830311739964974,4.830311739964974,2.849310271098391,4.607168188650764,2.849310271098391,0.691153161953081,4.019381523748645,4.607168188650764,0.6832166123573445,4.019381523748645,0.691153161953081,3.8187108282864943,0.691153161953081,4.019381523748645,3.7316994512968646,5.117993812416755])",0.0
R036,"['write', 'staff', 'kitchen', 'sister', 'main', 'interview', 'politics', 'leg.', 'per', 'method', 'least.', 'theory', 'official', 'another', 'spring', 'pull', 'market', 'rock.', 'experts', 'discuss', 'ongoing', 'developments', 'research.']","(10000,[298,756,1238,1468,1637,1644,2657,3163,3521,3614,4506,4687,5445,5887,6015,6035,6224,6597,7066,8166,8485,9296,9462],[4.137164559405029,4.270695952029551,5.117993812416755,3.914021008090819,4.019381523748645,4.42484663185681,3.7316994512968646,5.117993812416755,4.019381523748645,0.6636465161632473,0.691153161953081,0.691153161953081,4.137164559405029,3.4440173788450834,4.42484663185681,3.383392757028649,3.914021008090819,4.607168188650764,2.849310271098391,4.019381523748645,3.914021008090819,5.523458920524919,0.691153161953081])",1.0
F104,"['three', 'fire', 'maybe', 'staff', 'peace', 'mind.', 'tree', 'simply', 'song', 'box.', '—', 'shocking', 'claims', 'aliens', 'surface', 'internet.']","(10000,[503,650,1642,4818,5191,5850,5871,5925,6224,6697,6764,7281,7350,7936,8338,8774],[0.691153161953081,2.958509563063383,4.270695952029551,4.830311739964974,4.270695952029551,0.691153161953081,4.137164559405029,4.42484663185681,3.914021008090819,4.137164559405029,5.523458920524919,0.6832166123573445,4.270695952029551,0.691153161953081,0.691153161953081,5.117993812416755])",0.0
F000,"['western', 'yes', 'police.', 'recently', 'future', 'case', 'administration', 'hear', 'detail', 'eight.', 'break', 'arrive', 'get', 'rather', 'animal', 'material.', '—', 'shocking', 'claims', 'hoax', 'surface', 'internet.']","(10000,[460,503,524,668,1143,2034,2837,4377,4391,4842,5044,5185,5616,5850,6342,6488,7281,7360,7391,7936,8338,9426],[5.117993812416755,0.691153161953081,3.577548771469606,3.8187108282864943,4.42484663185681,4.270695952029551,4.019381523748645,2.60568818844064,4.607168188650764,4.270695952029551,3.914021008090819,4.137164559405029,4.42484663185681,0.691153161953081,4.019381523748645,3.914021008090819,0.6832166123573445,4.019381523748645,3.8187108282864943,0.691153161953081,0.691153161953081,4.607168188650764])",0.0
R136,"['military', 'capital.', 'management', 'lot', 'blood', 'thousand.', 'experts', 'discuss', 'ongoing', 'developments', 'education.']","(10000,[101,1241,2359,3614,4506,4687,4943,5047,5877,6444,9462],[5.117993812416755,3.6516567436233283,3.8187108282864943,0.6636465161632473,0.691153161953081,0.691153161953081,4.270695952029551,2.6902455764687034,3.914021008090819,4.42484663185681,0.691153161953081])",1.0
F019,"['energy', 'social', 'player', 'dinner', 'management.', 'front', 'course', 'year', 'bring.', 'discussion', 'oil', 'across', 'theory.', '—', 'shocking', 'claims', 'immortal', 'jellyfish', 'surface', 'internet.']","(10000,[503,504,823,1766,1815,2066,2240,3652,5315,5850,6035,6477,6604,7074,7281,7936,8307,8338,8899,9876],[0.691153161953081,4.019381523748645,3.914021008090819,5.523458920524919,5.117993812416755,2.7508701982851385,4.019381523748645,3.914021008090819,3.8187108282864943,0.691153161953081,3.383392757028649,5.523458920524919,3.8187108282864943,4.019381523748645,0.6832166123573445,0.691153161953081,3.8187108282864943,0.691153161953081,4.137164559405029,2.7508701982851385])",0.0
R012,"['see', 'truth', 'military', 'hour.', 'answer', 'less', 'price', 'issue', 'check', 'big', 'politics.', 'experts', 'discuss', 'ongoing', 'developments', 'technology', 'breakthrough.']","(10000,[211,1020,1195,1738,2069,2227,3048,3614,3619,3901,4506,4687,5354,5877,6616,7825,9462],[5.523458920524919,2.5530444549552183,4.019381523748645,4.42484663185681,4.607168188650764,2.7200985396183848,4.270695952029551,0.6636465161632473,4.270695952029551,3.914021008090819,0.691153161953081,0.691153161953081,3.914021008090819,3.914021008090819,3.8187108282864943,4.830311739964974,0.691153161953081])",1.0
R052,"['authority', 'learn', 'foot.', 'experts', 'discuss', 'ongoing', 'developments', 'education.']","(10000,[1176,2041,3614,4506,4687,5047,5967,9462],[3.914021008090819,5.117993812416755,0.6636465161632473,0.691153161953081,0.691153161953081,2.6902455764687034,4.270695952029551,0.691153161953081])",1.0
R123,"['entire', 'fly', 'available', 'day', 'common', 'human.', 'argue', 'yeah', 'face', 'court', 'receive', 'reality.', 'state', 'race', 'push', 'blood.', 'experts', 'discuss', 'ongoing', 'developments', 'climate', 'change.']","(10000,[454,821,1808,2059,2475,3082,3249,3614,3730,4034,4349,4506,4568,4617,4687,5944,5978,6332,8391,8824,9133,9462],[3.5085558999826545,2.849310271098391,4.830311739964974,2.6902455764687034,4.607168188650764,5.523458920524919,3.4440173788450834,0.6636465161632473,4.830311739964974,4.270695952029551,4.607168188650764,0.691153161953081,3.6516567436233283,4.42484663185681,0.691153161953081,4.607168188650764,4.019381523748645,4.607168188650764,5.523458920524919,4.019381523748645,4.137164559405029,0.691153161953081])",1.0
F040,"['section', 'social', 'voice', 'forget', 'town.', 'present', 'quite', 'decade', 'guy', 'management.', 'evidence', 'determine', 'share', 'time', 'current', 'authority.', '—', 'shocking', 'claims', 'government', 'cover-up', 'surface', 'internet.']","(10000,[94,503,823,1815,2006,2054,2259,3530,3947,5850,6030,6056,6278,6968,7146,7281,7734,7936,8130,8157,8338,9189,9813],[4.830311739964974,0.691153161953081,3.914021008090819,5.117993812416755,4.830311739964974,4.019381523748645,2.8154087194227095,4.42484663185681,4.137164559405029,0.691153161953081,4.137164559405029,3.8187108282864943,5.523458920524919,4.270695952029551,4.270695952029551,0.6832166123573445,4.019381523748645,0.691153161953081,4.019381523748645,4.42484663185681,0.691153161953081,4.270695952029551,2.997730276216664])",0.0
R160,"['room', 'simply', 'boy', 'detail.', 'director', 'federal', 'energy', 'seem', 'particularly.', 'response', 'four', 'unit', 'behavior', 'option.', 'experts', 'discuss', 'ongoing', 'developments', 'climate', 'change.']","(10000,[157,494,633,735,821,1243,1642,1853,2059,2336,2445,2588,3614,4506,4687,6335,8307,8569,9168,9462],[3.5085558999826545,4.019381523748645,3.7316994512968646,4.019381523748645,2.849310271098391,3.7316994512968646,4.270695952029551,4.607168188650764,2.6902455764687034,3.914021008090819,4.270695952029551,4.270695952029551,0.6636465161632473,0.691153161953081,0.691153161953081,4.137164559405029,3.8187108282864943,4.830311739964974,4.830311739964974,0.691153161953081])",1.0
F067,"['hard', 'college', 'local', 'scientist', 'speak.', 'bit', 'character', 'official', 'although', 'right', 'site', 'election', 'road.', '—', 'shocking', 'claims', 'immortal', 'jellyfish', 'surface', 'internet.']","(10000,[132,228,503,1790,1831,1989,2066,4867,5125,5750,5850,5891,6226,7281,7779,7936,8057,8338,8485,9876],[4.607168188650764,4.607168188650764,0.691153161953081,4.137164559405029,5.523458920524919,4.42484663185681,2.7508701982851385,4.607168188650764,4.42484663185681,5.523458920524919,0.691153161953081,3.7316994512968646,4.42484663185681,0.6832166123573445,3.914021008090819,0.691153161953081,4.137164559405029,0.691153161953081,3.914021008090819,2.7508701982851385])",0.0
R069,"['compare', 'much', 'side', 'international', 'language', 'hundred', 'success', 'southern.', 'media', 'hour', 'take', 'feeling', 'task.', 'push', 'center', 'old', 'white.', 'experts', 'discuss', 'ongoing', 'developments', 'research.']","(10000,[188,524,527,613,855,1209,1417,1480,1716,3614,4506,4687,5175,5978,6877,7034,7066,7083,9246,9462,9781,9828],[4.607168188650764,3.577548771469606,3.914021008090819,3.8187108282864943,4.270695952029551,3.4440173788450834,5.117993812416755,4.42484663185681,4.830311739964974,0.6636465161632473,0.691153161953081,0.691153161953081,4.137164559405029,4.019381523748645,5.117993812416755,5.523458920524919,2.849310271098391,4.137164559405029,4.137164559405029,0.691153161953081,4.137164559405029,3.7316994512968646])",1.0
F160,"['community', 'protect', 'popular', 'admit', 'number', 'put.', 'room', 'game', 'south', 'gun', 'challenge', 'us', 'indicate.', 'join', 'authority', 'executive.', '—', 'shocking', 'claims', 'mind', 'control', 'surface', 'internet.']","(10000,[494,503,751,1176,1208,3184,4528,4816,5476,5850,5935,6148,6660,7235,7281,7936,8174,8313,8338,8519,8714,8952,8975],[4.019381523748645,0.691153161953081,5.117993812416755,3.914021008090819,2.661258039595451,2.7508701982851385,4.830311739964974,3.7316994512968646,5.523458920524919,0.691153161953081,4.019381523748645,4.019381523748645,4.137164559405029,4.830311739964974,0.6832166123573445,0.691153161953081,4.270695952029551,4.137164559405029,0.691153161953081,3.914021008090819,3.914021008090819,3.914021008090819,4.607168188650764])",0.0
F053,"['today', 'yeah', 'per', 'mother.', 'bad', 'sport', 'opportunity', 'speech', 'life', 'brother.', '—', 'shocking', 'claims', 'hoax', 'surface', 'internet.']","(10000,[298,502,503,3249,3477,4377,5098,5850,6976,7177,7281,7936,7956,8278,8338,9806],[4.137164559405029,4.42484663185681,0.691153161953081,3.4440173788450834,4.607168188650764,2.60568818844064,4.830311739964974,0.691153161953081,4.42484663185681,5.117993812416755,0.6832166123573445,0.691153161953081,4.137164559405029,5.117993812416755,0.691153161953081,4.607168188650764])",0.0
R074,"['avoid', 'might', 'return', 'interest', 'go.', 'action', 'pick', 'account', 'manage', 'star', 'majority.', 'road', 'rich', 'reach.', 'experts', 'discuss', 'ongoing', 'developments', 'education.']","(10000,[70,635,1388,3614,3709,3924,4506,4687,4702,5047,5170,5725,6212,6633,7372,7883,9187,9462,9472],[3.6516567436233283,3.8187108282864943,4.137164559405029,0.6636465161632473,4.830311739964974,4.019381523748645,0.691153161953081,0.691153161953081,5.523458920524919,2.6902455764687034,4.270695952029551,4.019381523748645,4.42484663185681,4.137164559405029,4.270695952029551,4.607168188650764,4.137164559405029,0.691153161953081,5.523458920524919])",1.0
R007,"['republican', 'dark', 'interview', 'gun', 'player.', 'laugh', 'million', 'develop', 'military', 'particular', 'serious', 'material.', 'apply', 'daughter', 'traditional', 'family', 'western.', 'experts', 'discuss', 'ongoing', 'developments', 'election.']","(10000,[697,1117,1241,2263,3497,3556,3614,4486,4506,4616,4687,5616,5877,6035,7098,7312,7623,8297,8313,8651,8984,9462],[4.607168188650764,4.019381523748645,3.6516567436233283,4.607168188650764,5.117993812416755,2.7826188965997183,0.6636465161632473,4.270695952029551,0.691153161953081,4.42484663185681,0.691153161953081,4.42484663185681,3.914021008090819,3.383392757028649,3.8187108282864943,4.42484663185681,4.830311739964974,3.8187108282864943,4.137164559405029,4.607168188650764,4.270695952029551,0.691153161953081])",1.0
R119,"['owner', 'together', 'bar', 'resource', 'campaign.', 'per', 'ten', 'present', 'fall', 'computer', 'check', 'others.', 'newspaper', 'right', 'business.', 'experts', 'discuss', 'ongoing', 'developments', 'climate', 'change.']","(10000,[298,821,1670,1790,2059,3238,3614,3729,3901,4506,4546,4673,4687,5085,5856,6053,7332,8130,8151,8312,9462],[4.137164559405029,2.849310271098391,3.8187108282864943,4.137164559405029,2.6902455764687034,3.914021008090819,0.6636465161632473,4.830311739964974,3.914021008090819,0.691153161953081,5.523458920524919,5.523458920524919,0.691153161953081,4.019381523748645,5.523458920524919,3.7316994512968646,4.607168188650764,4.019381523748645,4.270695952029551,4.42484663185681,0.691153161953081])",1.0
R087,"['court', 'standard', 'head', 'nearly', 'push', 'their.', 'fine', 'page', 'area', 'fear', 'hold', 'sense.', 'experts', 'discuss', 'ongoing', 'developments', 'budget', 'report.']","(10000,[353,1064,2389,2827,2866,2967,3614,4108,4506,4568,4687,4991,5432,5649,5978,6431,9462,9513],[4.607168188650764,3.914021008090819,4.137164559405029,4.607168188650764,4.607168188650764,4.607168188650764,0.6636465161632473,4.830311739964974,0.691153161953081,3.6516567436233283,0.691153161953081,2.6330871626287546,2.7508701982851385,4.137164559405029,4.019381523748645,4.607168188650764,0.691153161953081,3.914021008090819])",1.0
F145,"['assume', 'worker.', 'case', 'table', 'kid', 'late', 'player', 'keep', 'garden.', 'throughout', 'success', 'news', 'sit', 'day', 'far.', '—', 'shocking', 'claims', 'miracle', 'drug', 'surface', 'internet.']","(10000,[503,1256,2433,2571,2664,3079,3723,3931,5371,5850,5948,6342,6604,6946,7281,7432,7860,7936,8338,9133,9594,9828],[0.691153161953081,3.125563647726549,4.42484663185681,5.523458920524919,3.914021008090819,4.42484663185681,4.42484663185681,3.4440173788450834,5.117993812416755,0.691153161953081,4.137164559405029,4.019381523748645,3.8187108282864943,4.42484663185681,0.6832166123573445,5.523458920524919,2.920769235080536,0.691153161953081,0.691153161953081,4.137164559405029,4.270695952029551,3.7316994512968646])",0.0
R065,"['house', 'important.', 'student', 'bar', 'several', 'campaign', 'politics', 'three.', 'experts', 'discuss', 'ongoing', 'developments', 'budget', 'report.']","(10000,[3065,3536,3614,4506,4687,4991,5432,5836,5887,6675,6710,7332,9227,9462],[5.117993812416755,4.019381523748645,0.6636465161632473,0.691153161953081,0.691153161953081,2.6330871626287546,2.7508701982851385,4.270695952029551,3.4440173788450834,3.8187108282864943,5.117993812416755,4.607168188650764,4.270695952029551,0.691153161953081])",1.0
R208,"['dark', 'describe', 'around', 'your.', 'theory', 'realize', 'make', 'break', 'drug.', 'customer', 'dark', 'must.', 'experts', 'discuss', 'ongoing', 'developments', 'budget', 'report.']","(10000,[668,697,1413,1468,1582,3525,3614,3739,3980,4198,4506,4687,4991,5432,6197,7085,9462],[3.8187108282864943,9.214336377301528,4.137164559405029,3.914021008090819,4.42484663185681,4.019381523748645,0.6636465161632473,4.830311739964974,4.607168188650764,5.523458920524919,0.691153161953081,0.691153161953081,2.6330871626287546,2.7508701982851385,3.6516567436233283,4.42484663185681,0.691153161953081])",1.0
R048,"['say', 'skill', 'real', 'represent.', 'station', 'try', 'rock', 'baby', 'professional', 'response', 'teacher', 'this.', 'experts', 'discuss', 'ongoing', 'developments', 'budget', 'report.']","(10000,[574,1348,2155,2445,3538,3614,4506,4687,4693,4963,4991,5432,5862,8415,8708,9462,9691,9968],[3.7316994512968646,4.019381523748645,4.607168188650764,4.270695952029551,5.523458920524919,0.6636465161632473,0.691153161953081,0.691153161953081,4.019381523748645,4.830311739964974,2.6330871626287546,2.7508701982851385,4.607168188650764,3.8187108282864943,4.137164559405029,0.691153161953081,4.42484663185681,4.42484663185681])",1.0
F076,"['soldier', 'force.', 'message', 'model', 'beautiful.', '—', 'shocking', 'claims', 'aliens', 'surface', 'internet.']","(10000,[503,650,870,2715,4141,5850,6291,7102,7281,7936,8338],[0.691153161953081,2.958509563063383,5.117993812416755,4.137164559405029,4.42484663185681,0.691153161953081,4.42484663185681,4.137164559405029,0.6832166123573445,0.691153161953081,0.691153161953081])",0.0
R019,"['car', 'prepare', 'free.', 'majority', 'cause', 'usually', 'agency', 'city', 'everybody.', 'experts', 'discuss', 'ongoing', 'developments', 'policy.']","(10000,[316,765,2286,2806,2990,3614,3674,4391,4506,4687,5495,6944,9244,9462],[4.270695952029551,4.137164559405029,4.137164559405029,4.607168188650764,4.270695952029551,0.6636465161632473,3.5085558999826545,4.607168188650764,0.691153161953081,0.691153161953081,3.914021008090819,2.8154087194227095,3.914021008090819,0.691153161953081])",1.0
F115,"['already', 'stuff', 'purpose', 'senior', 'summer.', 'mean', 'professional', 'special', 'dark.', '—', 'shocking', 'claims', 'immortal', 'jellyfish', 'surface', 'internet.']","(10000,[503,594,909,1055,2066,2155,2191,4144,5850,6717,7281,7722,7936,8089,8338,9876],[0.691153161953081,4.607168188650764,4.270695952029551,4.270695952029551,2.7508701982851385,4.607168188650764,5.117993812416755,3.914021008090819,0.691153161953081,5.117993812416755,0.6832166123573445,4.270695952029551,0.691153161953081,4.42484663185681,0.691153161953081,2.7508701982851385])",0.0
R031,"['maintain', 'central', 'good', 'democrat', 'way.', 'various', 'feeling', 'actually', 'perhaps', 'development.', 'finish', 'education', 'institution', 'pass.', 'experts', 'discuss', 'ongoing', 'developments', 'education.']","(10000,[613,913,1259,3243,3614,4506,4639,4687,5047,5234,5247,5530,6168,6447,6578,6647,8171,8928,9462],[3.8187108282864943,5.117993812416755,3.914021008090819,4.270695952029551,0.6636465161632473,0.691153161953081,5.117993812416755,0.691153161953081,2.6902455764687034,4.137164559405029,4.607168188650764,4.270695952029551,4.019381523748645,4.019381523748645,4.42484663185681,4.019381523748645,4.42484663185681,4.270695952029551,0.691153161953081])",1.0
R190,"['interest', 'feel', 'building.', 'experts', 'discuss', 'ongoing', 'developments', 'research.']","(10000,[70,2278,3115,3614,4506,4687,7066,9462],[3.6516567436233283,4.607168188650764,3.8187108282864943,0.6636465161632473,0.691153161953081,0.691153161953081,2.849310271098391,0.691153161953081])",1.0
F057,"['reason', 'american.', 'actually', 'boy', 'available', 'make', 'region.', '—', 'shocking', 'claims', 'mind', 'control', 'surface', 'internet.']","(10000,[157,503,613,1208,2475,2944,3184,3525,5511,5850,6447,7281,7936,8338],[3.5085558999826545,0.691153161953081,3.8187108282864943,2.661258039595451,4.607168188650764,4.137164559405029,2.7508701982851385,4.019381523748645,5.117993812416755,0.691153161953081,4.019381523748645,0.6832166123573445,0.691153161953081,0.691153161953081])",0.0
F158,"['head', 'show.', 'remain', 'half', 'look', 'need', 'continue', 'want', 'similar.', 'apply', 'parent', 'look', 'husband.', '—', 'shocking', 'claims', 'immortal', 'jellyfish', 'surface', 'internet.']","(10000,[503,743,1064,1776,1780,2066,3205,5205,5850,6537,7281,7312,7712,7936,8338,9142,9876,9932,9939],[0.691153161953081,3.914021008090819,3.914021008090819,4.830311739964974,4.137164559405029,2.7508701982851385,4.830311739964974,4.607168188650764,0.691153161953081,3.914021008090819,0.6832166123573445,4.42484663185681,3.8187108282864943,0.691153161953081,0.691153161953081,5.523458920524919,2.7508701982851385,3.8187108282864943,9.214336377301528])",0.0
F234,"['care', 'police', 'think', 'issue', 'administration', 'someone', 'skill.', 'task', 'know', 'attention', 'lose', 'leader', 'admit', 'recognize.', '—', 'shocking', 'claims', 'flat', 'earth', 'surface', 'internet.']","(10000,[503,1526,2335,2918,3144,3671,3876,4422,5185,5310,5850,6241,6616,7281,7381,7779,7936,8338,8451,8714,9676],[0.691153161953081,3.914021008090819,4.830311739964974,3.0385522707369192,4.830311739964974,4.270695952029551,4.137164559405029,4.270695952029551,4.137164559405029,4.270695952029551,0.691153161953081,4.270695952029551,3.8187108282864943,0.6832166123573445,4.607168188650764,3.914021008090819,0.691153161953081,0.691153161953081,4.270695952029551,3.914021008090819,3.0385522707369192])",0.0
F155,"['around', 'interest', 'campaign', 'city', 'clear.', 'move', 'man', 'song', 'accept', 'pretty', 'stay.', '—', 'shocking', 'claims', 'flat', 'earth', 'surface', 'internet.']","(10000,[70,503,1401,2569,2657,2918,3919,5495,5850,6197,6282,6675,7281,7350,7936,8338,9676,9766],[3.6516567436233283,0.691153161953081,4.830311739964974,3.8187108282864943,3.7316994512968646,3.0385522707369192,4.270695952029551,3.914021008090819,0.691153161953081,3.6516567436233283,4.270695952029551,3.8187108282864943,0.6832166123573445,4.270695952029551,0.691153161953081,0.691153161953081,3.0385522707369192,4.830311739964974])",0.0
F106,"['level', 'operation', 'interest', 'authority', 'two', 'north.', 'return', 'name', 'ball', 'bed', 'note', 'through.', '—', 'shocking', 'claims', 'flat', 'earth', 'surface', 'internet.']","(10000,[15,70,503,635,781,1176,1499,2802,2918,4728,5850,5922,7281,7492,7936,8338,9497,9676,9909],[4.270695952029551,3.6516567436233283,0.691153161953081,3.8187108282864943,5.523458920524919,3.914021008090819,3.8187108282864943,4.830311739964974,3.0385522707369192,4.830311739964974,0.691153161953081,4.270695952029551,0.6832166123573445,4.42484663185681,0.691153161953081,0.691153161953081,4.137164559405029,3.0385522707369192,4.019381523748645])",0.0
R051,"['pattern', 'place', 'individual', 'guess.', 'several', 'pressure', 'for.', 'major', 'knowledge', 'head', 'respond', 'avoid', 'final.', 'current', 'white', 'traditional.', 'experts', 'discuss', 'ongoing', 'developments', 'policy.']","(10000,[617,1058,1064,1388,2101,2500,2900,3614,4241,4506,4687,5661,5843,6390,6944,7255,7864,8614,9189,9227,9462],[4.42484663185681,3.914021008090819,3.914021008090819,4.137164559405029,4.830311739964974,4.607168188650764,4.830311739964974,0.6636465161632473,5.523458920524919,0.691153161953081,0.691153161953081,4.607168188650764,4.830311739964974,3.7316994512968646,2.8154087194227095,4.830311739964974,3.6516567436233283,4.270695952029551,4.270695952029551,4.270695952029551,0.691153161953081])",1.0
R203,"['determine', 'dream', 'option', 'suddenly', 'person.', 'professor', 'treat', 'leave', 'responsibility', 'seven', 'back.', 'democrat', 'response', 'bring', 'three', 'hair', 'play', 'this.', 'experts', 'discuss', 'ongoing', 'developments', 'education.']","(10000,[1750,2110,2173,2366,2445,2543,2913,3057,3502,3614,4506,4687,4963,5047,5234,5925,7664,7734,7850,8581,8750,9462,9613],[5.117993812416755,5.523458920524919,4.830311739964974,4.270695952029551,4.270695952029551,3.4440173788450834,3.577548771469606,3.7316994512968646,4.137164559405029,0.6636465161632473,0.691153161953081,0.691153161953081,4.830311739964974,2.6902455764687034,4.137164559405029,4.42484663185681,4.270695952029551,4.019381523748645,4.42484663185681,5.117993812416755,4.270695952029551,0.691153161953081,4.270695952029551])",1.0
F063,"['arm', 'education', 'record', 'traditional', 'outside.', 'member', 'watch', 'perform', 'congress.', 'work', 'general', 'staff', 'bank', 'rather', 'alone.', '—', 'shocking', 'claims', 'secret', 'cure', 'surface', 'internet.']","(10000,[503,1098,2513,2708,2837,3892,3984,4347,4486,5465,5530,5850,6224,6747,6790,7281,7936,7954,8338,8982,9527,9925],[0.691153161953081,4.270695952029551,5.117993812416755,3.577548771469606,4.019381523748645,2.5530444549552183,4.42484663185681,4.42484663185681,4.270695952029551,4.607168188650764,4.270695952029551,0.691153161953081,3.914021008090819,2.5530444549552183,4.137164559405029,0.6832166123573445,0.691153161953081,4.830311739964974,0.691153161953081,4.270695952029551,4.607168188650764,5.523458920524919])",0.0
R080,"['cost', 'material', 'street', 'drop.', 'direction', 'push', 'organization', 'color', 'among', 'man.', 'experts', 'discuss', 'ongoing', 'developments', 'policy.']","(10000,[1364,3231,3614,3684,4046,4490,4506,4687,5978,6944,7362,8554,8852,9462,9832],[4.270695952029551,4.270695952029551,0.6636465161632473,3.7316994512968646,4.830311739964974,4.137164559405029,0.691153161953081,0.691153161953081,4.019381523748645,2.8154087194227095,4.830311739964974,4.019381523748645,5.523458920524919,0.691153161953081,3.914021008090819])",1.0
R226,"['hear', 'main', 'ten', 'establish', 'speak', 'follow.', 'lawyer', 'walk', 'board', 'account.', 'security', 'understand', 'job', 'heart', 'television', 'allow', 'painting.', 'experts', 'discuss', 'ongoing', 'developments', 'public', 'health.']","(10000,[557,1637,1770,2634,2923,3614,4506,4687,4732,4835,4842,5085,6142,6219,6487,7138,7454,7870,8713,9021,9211,9462,9808],[4.270695952029551,4.019381523748645,2.958509563063383,4.137164559405029,4.019381523748645,0.6636465161632473,0.691153161953081,0.691153161953081,4.137164559405029,4.830311739964974,4.270695952029551,4.019381523748645,4.42484663185681,3.0811118851557153,3.7316994512968646,5.523458920524919,3.8187108282864943,4.137164559405029,3.7316994512968646,4.270695952029551,5.117993812416755,0.691153161953081,3.914021008090819])",1.0
F144,"['reach', 'painting', 'firm', 'eat', 'open.', 'debate', 'future', 'treat.', '—', 'shocking', 'claims', 'hoax', 'surface', 'internet.']","(10000,[503,1034,4377,5850,6488,7276,7281,7381,7936,8276,8338,8386,8894,9066],[0.691153161953081,4.42484663185681,2.60568818844064,0.691153161953081,3.914021008090819,4.42484663185681,0.6832166123573445,4.607168188650764,0.691153161953081,4.830311739964974,0.691153161953081,3.8187108282864943,4.830311739964974,3.914021008090819])",0.0
F241,"['responsibility', 'away.', 'policy', 'program', 'director', 'describe', 'experience', 'federal', 'we.', '—', 'shocking', 'claims', 'flat', 'earth', 'surface', 'internet.']","(10000,[503,573,633,1853,2412,2918,3502,3635,4142,5850,6830,7085,7281,7936,8338,9676],[0.691153161953081,3.914021008090819,3.7316994512968646,4.607168188650764,5.117993812416755,3.0385522707369192,4.137164559405029,4.019381523748645,5.117993812416755,0.691153161953081,4.830311739964974,4.42484663185681,0.6832166123573445,0.691153161953081,0.691153161953081,3.0385522707369192])",0.0
R150,"['school', 'wind.', 'particularly', 'partner', 'wall', 'summer', 'animal', 'head.', 'hair', 'understand.', 'town', 'deep', 'continue', 'student', 'someone', 'operation.', 'experts', 'discuss', 'ongoing', 'developments', 'election.']","(10000,[116,743,1762,1978,2679,3536,3556,3593,3614,3671,4506,4687,4715,5887,6404,6443,7360,7664,8413,9462,9481],[4.42484663185681,3.914021008090819,4.607168188650764,5.523458920524919,5.117993812416755,4.019381523748645,2.7826188965997183,4.830311739964974,0.6636465161632473,4.270695952029551,0.691153161953081,0.691153161953081,4.019381523748645,3.4440173788450834,3.8187108282864943,3.8187108282864943,4.019381523748645,4.270695952029551,3.6516567436233283,0.691153161953081,4.137164559405029])",1.0
R153,"['media', 'recent', 'picture', 'various', 'brother', 'staff', 'language.', 'experts', 'discuss', 'ongoing', 'developments', 'research.']","(10000,[291,1209,2481,3614,4506,4687,5591,6224,6647,7066,9462,9998],[4.42484663185681,3.4440173788450834,5.523458920524919,0.6636465161632473,0.691153161953081,0.691153161953081,4.830311739964974,3.914021008090819,4.019381523748645,2.849310271098391,0.691153161953081,5.523458920524919])",1.0
F175,"['live', 'campaign', 'deal', 'and.', 'day', 'stop', 'require', 'health.', '—', 'shocking', 'claims', 'hoax', 'surface', 'internet.']","(10000,[493,503,796,1433,2086,4377,5850,6219,6675,7281,7936,8338,8449,9133],[4.607168188650764,0.691153161953081,4.270695952029551,4.607168188650764,5.523458920524919,2.60568818844064,0.691153161953081,3.0811118851557153,3.8187108282864943,0.6832166123573445,0.691153161953081,0.691153161953081,3.914021008090819,4.137164559405029])",0.0
F161,"['production', 'better', 'important.', 'require', 'follow', 'dog', 'lot.', 'blue', 'key', 'force', 'among.', '—', 'shocking', 'claims', 'immortal', 'jellyfish', 'surface', 'internet.']","(10000,[391,503,2066,2071,2543,3065,3131,5768,5850,7281,7936,8338,8353,8449,8544,9367,9564,9876],[4.830311739964974,0.691153161953081,2.7508701982851385,4.607168188650764,3.4440173788450834,5.117993812416755,3.914021008090819,4.830311739964974,0.691153161953081,0.6832166123573445,0.691153161953081,0.691153161953081,3.8187108282864943,3.914021008090819,5.523458920524919,3.8187108282864943,4.270695952029551,2.7508701982851385])",0.0
F147,"['parent', 'board', 'everyone', 'summer', 'science', 'letter.', 'rise', 'expert', 'probably', 'grow.', '—', 'shocking', 'claims', 'secret', 'cure', 'surface', 'internet.']","(10000,[503,914,2297,3363,3892,4300,4816,5850,6747,7281,7454,7936,8094,8338,8893,9481,9932],[0.691153161953081,4.830311739964974,3.6516567436233283,3.8187108282864943,2.5530444549552183,5.523458920524919,3.7316994512968646,0.691153161953081,2.5530444549552183,0.6832166123573445,3.8187108282864943,0.691153161953081,4.270695952029551,0.691153161953081,4.42484663185681,4.137164559405029,3.8187108282864943])",0.0
F018,"['likely', 'fish', 'thus', 'economy', 'congress.', 'draw', 'happen', 'toward.', '—', 'shocking', 'claims', 'secret', 'cure', 'surface', 'internet.']","(10000,[217,309,503,1376,2513,3892,4531,4704,5684,5850,6747,7281,7936,8167,8338],[3.7316994512968646,4.270695952029551,0.691153161953081,3.7316994512968646,5.117993812416755,2.5530444549552183,4.270695952029551,4.270695952029551,3.577548771469606,0.691153161953081,2.5530444549552183,0.6832166123573445,0.691153161953081,4.270695952029551,0.691153161953081])",0.0
F211,"['usually', 'help', 'listen', 'show', 'media', 'suffer.', 'kid', 'green', 'nature', 'school.', 'society', 'strong.', '—', 'shocking', 'claims', 'celebrity', 'scandal', 'surface', 'internet.']","(10000,[278,327,429,503,551,1209,1211,2990,3486,3611,3723,4019,4921,5850,6731,7281,7936,8338,9347],[4.607168188650764,4.270695952029551,4.42484663185681,0.691153161953081,4.607168188650764,3.4440173788450834,5.523458920524919,4.270695952029551,2.849310271098391,4.42484663185681,4.42484663185681,4.270695952029551,2.849310271098391,0.691153161953081,5.523458920524919,0.6832166123573445,0.691153161953081,0.691153161953081,4.270695952029551])",0.0
R117,"['occur', 'coach', 'fish', 'position.', 'far', 'order', 'else', 'lose', 'pull', 'market.', 'defense', 'term', 'unit', 'almost', 'hope', 'fact', 'member.', 'fish', 'return', 'analysis', 'effect', 'traditional', 'always', 'hope.', 'experts', 'discuss', 'ongoing', 'developments', 'research.']","(10000,[635,1226,1296,1376,1819,1921,2188,2403,3514,3543,3614,4158,4422,4486,4506,4687,5034,6000,6324,6335,6597,7066,7215,8353,8566,9011,9462,9918],[3.8187108282864943,3.914021008090819,4.607168188650764,7.463398902593729,4.830311739964974,3.914021008090819,4.607168188650764,4.019381523748645,4.42484663185681,4.42484663185681,0.6636465161632473,3.8187108282864943,4.270695952029551,4.270695952029551,0.691153161953081,0.691153161953081,4.019381523748645,3.914021008090819,5.117993812416755,4.137164559405029,4.607168188650764,2.849310271098391,4.607168188650764,3.8187108282864943,4.270695952029551,4.830311739964974,0.691153161953081,4.607168188650764])",1.0
F016,"['quickly', 'audience', 'wrong', 'minute', 'national', 'stage', 'radio.', '—', 'shocking', 'claims', 'aliens', 'surface', 'internet.']","(10000,[30,503,650,1312,3357,3391,5850,6512,7281,7910,7936,8338,9032],[4.270695952029551,0.691153161953081,2.958509563063383,4.137164559405029,3.914021008090819,3.8187108282864943,0.691153161953081,4.270695952029551,0.6832166123573445,4.42484663185681,0.691153161953081,0.691153161953081,5.117993812416755])",0.0
F029,"['approach', 'board', 'action', 'discussion.', 'require', 'growth', 'might', 'before.', 'road', 'threat', 'travel', 'wear', 'with.', '—', 'shocking', 'claims', 'flat', 'earth', 'surface', 'internet.']","(10000,[320,503,2918,3095,3924,4079,5725,5850,6581,6633,7281,7454,7640,7696,7936,8070,8338,8449,8681,9676],[4.270695952029551,0.691153161953081,3.0385522707369192,4.270695952029551,4.019381523748645,5.117993812416755,4.019381523748645,0.691153161953081,4.830311739964974,4.137164559405029,0.6832166123573445,3.8187108282864943,4.607168188650764,4.607168188650764,0.691153161953081,3.8187108282864943,0.691153161953081,3.914021008090819,4.42484663185681,3.0385522707369192])",0.0
F205,"['fast', 'within', 'nearly', 'break', 'hundred', 'third', 'face', 'tonight.', 'follow', 'child', 'early', 'federal', 'individual.', 'rule', 'unit', 'rock', 'move.', '—', 'shocking', 'claims', 'celebrity', 'scandal', 'surface', 'internet.']","(10000,[343,503,574,633,668,2866,3188,3486,4034,4092,4921,5175,5760,5850,6335,7244,7281,7936,8338,8771,9184,9263,9367,9817],[4.270695952029551,0.691153161953081,3.7316994512968646,3.7316994512968646,3.8187108282864943,4.607168188650764,5.117993812416755,2.849310271098391,4.270695952029551,4.830311739964974,2.849310271098391,4.137164559405029,4.42484663185681,0.691153161953081,4.137164559405029,3.4440173788450834,0.6832166123573445,0.691153161953081,0.691153161953081,4.270695952029551,4.830311739964974,4.270695952029551,3.8187108282864943,3.7316994512968646])",0.0
R112,"['mouth', 'bring', 'no.', 'amount', 'debate', 'poor.', 'find', 'particular', 'business', 'soldier', 'amount', 'one', 'challenge.', 'experts', 'discuss', 'ongoing', 'developments', 'economic', 'growth.']","(10000,[815,2470,2613,3057,3614,4141,4506,4687,5374,7222,7497,7510,8172,8276,8984,9034,9144,9462],[3.914021008090819,5.117993812416755,4.830311739964974,3.7316994512968646,0.6636465161632473,4.42484663185681,0.691153161953081,0.691153161953081,3.6516567436233283,7.828042016181638,4.137164559405029,3.7316994512968646,4.830311739964974,4.830311739964974,4.270695952029551,2.8844015909096608,2.7200985396183848,0.691153161953081])",1.0
F218,"['however', 'cause', 'space', 'ahead', 'food', 'partner', 'reflect.', 'option', 'result', 'learn', 'expect.', '—', 'shocking', 'claims', 'government', 'cover-up', 'surface', 'internet.']","(10000,[116,316,399,503,911,2259,5850,5967,7281,7936,8219,8268,8338,8634,8653,9188,9613,9813],[4.42484663185681,4.270695952029551,4.270695952029551,0.691153161953081,4.42484663185681,2.8154087194227095,0.691153161953081,4.270695952029551,0.6832166123573445,0.691153161953081,4.607168188650764,3.6516567436233283,0.691153161953081,5.117993812416755,4.137164559405029,4.830311739964974,4.270695952029551,2.997730276216664])",0.0
R187,"['practice', 'fear', 'trip', 'including', 'yeah', 'kitchen.', 'energy', 'fund', 'card.', 'dream', 'low', 'public', 'must.', 'author', 'treatment', 'wonder', 'arrive', 'moment', 'southern.', 'experts', 'discuss', 'ongoing', 'developments', 'education.']","(10000,[1417,1770,1951,2092,2366,3249,3401,3614,3739,4280,4506,4638,4687,4723,5047,5782,7334,7391,8015,8307,8411,9350,9462,9513],[5.117993812416755,2.958509563063383,5.117993812416755,5.117993812416755,4.270695952029551,3.4440173788450834,4.137164559405029,0.6636465161632473,4.830311739964974,4.830311739964974,0.691153161953081,4.137164559405029,0.691153161953081,3.914021008090819,2.6902455764687034,4.830311739964974,3.8187108282864943,3.8187108282864943,4.137164559405029,3.8187108282864943,3.5085558999826545,4.270695952029551,0.691153161953081,3.914021008090819])",1.0
F087,"['decade', 'open', 'eat.', 'individual', 'evidence', 'pull', 'foot', 'coach', 'camera', 'main', 'significant.', 'impact', 'buy', 'sport.', '—', 'shocking', 'claims', 'celebrity', 'scandal', 'surface', 'internet.']","(10000,[80,503,1637,1650,1972,2054,2111,2126,2406,3486,3514,4921,5783,5850,6030,6597,7281,7890,7936,8338,8614],[4.137164559405029,0.691153161953081,4.019381523748645,4.607168188650764,4.270695952029551,4.019381523748645,5.117993812416755,5.117993812416755,4.42484663185681,2.849310271098391,4.42484663185681,2.849310271098391,4.019381523748645,0.691153161953081,4.137164559405029,4.607168188650764,0.6832166123573445,4.830311739964974,0.691153161953081,0.691153161953081,4.270695952029551])",0.0
R171,"['popular', 'investment', 'suggest.', 'medical', 'mean', 'chair.', 'experts', 'discuss', 'ongoing', 'developments', 'education.']","(10000,[909,1562,1584,3478,3614,4506,4687,5047,6148,8268,9462],[4.270695952029551,4.830311739964974,5.523458920524919,5.523458920524919,0.6636465161632473,0.691153161953081,0.691153161953081,2.6902455764687034,4.019381523748645,3.6516567436233283,0.691153161953081])",1.0
R113,"['media', 'sea', 'natural.', 'old', 'court', 'old.', 'let', 'board', 'son', 'sign', 'social', 'week.', 'expert', 'low', 'partner', 'development', 'claim.', 'experts', 'discuss', 'ongoing', 'developments', 'technology', 'breakthrough.']","(10000,[116,209,823,914,1020,1209,1876,2227,2302,2812,2871,3614,4237,4506,4568,4687,6756,7083,7454,8267,8411,9462,9617],[4.42484663185681,4.270695952029551,3.914021008090819,4.830311739964974,2.5530444549552183,3.4440173788450834,4.830311739964974,2.7200985396183848,5.523458920524919,4.830311739964974,4.137164559405029,0.6636465161632473,5.523458920524919,0.691153161953081,3.6516567436233283,0.691153161953081,3.3262343431887,4.137164559405029,3.8187108282864943,4.42484663185681,3.5085558999826545,0.691153161953081,3.8187108282864943])",1.0
R222,"['action', 'wonder', 'travel', 'yet', 'assume.', 'wife', 'truth', 'many', 'card', 'throw', 'get', 'man.', 'experts', 'discuss', 'ongoing', 'developments', 'public', 'health.']","(10000,[1770,2069,2144,3021,3614,4037,4046,4506,4687,4723,5188,6219,6633,8325,8550,8681,9426,9462],[2.958509563063383,4.607168188650764,4.019381523748645,4.270695952029551,0.6636465161632473,4.270695952029551,4.830311739964974,0.691153161953081,0.691153161953081,3.914021008090819,4.42484663185681,3.0811118851557153,4.137164559405029,4.607168188650764,5.117993812416755,4.42484663185681,4.607168188650764,0.691153161953081])",1.0
F233,"['sign', 'crime', 'important', 'model.', 'wear', 'heavy', 'degree', 'one.', 'test', 'produce', 'run', 'individual.', '—', 'shocking', 'claims', 'secret', 'cure', 'surface', 'internet.']","(10000,[266,503,731,1648,1967,2466,3188,3892,5850,6581,6586,6747,6756,7281,7936,8338,8949,9156,9943],[4.019381523748645,0.691153161953081,4.019381523748645,4.607168188650764,4.019381523748645,5.523458920524919,5.117993812416755,2.5530444549552183,0.691153161953081,4.830311739964974,4.137164559405029,2.5530444549552183,3.3262343431887,0.6832166123573445,0.691153161953081,0.691153161953081,4.42484663185681,4.270695952029551,4.270695952029551])",0.0
R223,"['reach', 'sea', 'speak', 'ever', 'seem.', 'use', 'thing', 'building', 'usually', 'reduce', 'reflect.', 'prepare', 'discussion', 'truth.', 'experts', 'discuss', 'ongoing', 'developments', 'climate', 'change.']","(10000,[821,2059,2286,2990,3614,3857,4502,4506,4687,4732,5133,5315,5594,5852,6373,8159,8386,8634,9462,9617],[2.849310271098391,2.6902455764687034,4.137164559405029,4.270695952029551,0.6636465161632473,4.607168188650764,4.830311739964974,0.691153161953081,0.691153161953081,4.137164559405029,3.914021008090819,3.8187108282864943,3.914021008090819,4.137164559405029,4.607168188650764,4.019381523748645,3.8187108282864943,5.117993812416755,0.691153161953081,3.8187108282864943])",1.0
F224,"['exactly', 'difference', 'kind', 'need', 'near', 'need', 'college.', 'assume', 'event', 'across', 'learn', 'opportunity.', '—', 'shocking', 'claims', 'secret', 'cure', 'surface', 'internet.']","(10000,[503,2096,2664,3892,4533,5850,5967,5974,6044,6537,6747,7074,7281,7728,7866,7936,8338,9578],[0.691153161953081,4.607168188650764,3.914021008090819,2.5530444549552183,4.830311739964974,0.691153161953081,4.270695952029551,3.6516567436233283,4.607168188650764,7.828042016181638,2.5530444549552183,4.019381523748645,0.6832166123573445,4.137164559405029,3.914021008090819,0.691153161953081,0.691153161953081,4.830311739964974])",0.0
R181,"['cost', 'shake', 'wish', 'star', 'inside', 'identify.', 'writer', 'skin', 'model.', 'politics', 'test', 'light', 'clearly.', 'experts', 'discuss', 'ongoing', 'developments', 'climate', 'change.']","(10000,[495,821,1720,1985,2059,2180,3614,4490,4506,4687,5170,5833,5887,6586,6906,7488,9066,9156,9462],[4.42484663185681,2.849310271098391,3.914021008090819,4.830311739964974,2.6902455764687034,4.137164559405029,0.6636465161632473,4.137164559405029,0.691153161953081,0.691153161953081,4.270695952029551,3.8187108282864943,3.4440173788450834,4.137164559405029,4.270695952029551,5.523458920524919,3.914021008090819,4.270695952029551,0.691153161953081])",1.0
R056,"['yeah', 'big', 'happen', 'night', 'quickly', 'past', 'learn.', 'per', 'enjoy', 'fire', 'approach', 'challenge', 'could.', 'show', 'last', 'theory', 'design.', 'experts', 'discuss', 'ongoing', 'developments', 'public', 'health.']","(10000,[298,1035,1468,1770,1805,3048,3095,3249,3391,3614,3989,4019,4506,4687,4704,5191,5935,6219,6869,7425,7876,9275,9462],[4.137164559405029,5.523458920524919,3.914021008090819,2.958509563063383,3.914021008090819,4.270695952029551,4.270695952029551,3.4440173788450834,3.8187108282864943,0.6636465161632473,4.137164559405029,4.270695952029551,0.691153161953081,0.691153161953081,4.270695952029551,4.270695952029551,4.019381523748645,3.0811118851557153,4.019381523748645,4.830311739964974,4.607168188650764,4.607168188650764,0.691153161953081])",1.0
R110,"['including', 'knowledge', 'new', 'smile', 'six', 'four.', 'experts', 'discuss', 'ongoing', 'developments', 'education.']","(10000,[585,2713,3614,4506,4687,5047,5401,7334,7864,7960,9462],[4.270695952029551,3.914021008090819,0.6636465161632473,0.691153161953081,0.691153161953081,2.6902455764687034,4.019381523748645,3.8187108282864943,3.6516567436233283,5.523458920524919,0.691153161953081])",1.0
R219,"['energy', 'without', 'information', 'near', 'first.', 'rise', 'throw', 'everything', 'billion', 'evidence', 'consumer', 'special.', 'change', 'go', 'ground', 'baby.', 'experts', 'discuss', 'ongoing', 'developments', 'education.']","(10000,[258,387,2054,3614,3756,4043,4506,4687,4816,5047,5118,5974,6451,6487,8190,8307,8325,9156,9367,9462,9475],[3.6516567436233283,3.8187108282864943,4.019381523748645,0.6636465161632473,4.42484663185681,4.42484663185681,0.691153161953081,0.691153161953081,3.7316994512968646,2.6902455764687034,5.523458920524919,3.6516567436233283,3.8187108282864943,3.7316994512968646,4.137164559405029,3.8187108282864943,4.607168188650764,4.270695952029551,3.8187108282864943,0.691153161953081,3.914021008090819])",1.0
R224,"['available', 'positive', 'care', 'boy', 'movie.', 'quickly', 'bring', 'road', 'alone', 'professional.', 'treatment', 'late', 'laugh.', 'experts', 'discuss', 'ongoing', 'developments', 'education.']","(10000,[1,157,2475,2492,3057,3079,3391,3614,3673,4506,4687,4715,5047,5310,5725,7691,8015,9462],[5.117993812416755,3.5085558999826545,4.607168188650764,4.137164559405029,3.7316994512968646,4.42484663185681,3.8187108282864943,0.6636465161632473,5.117993812416755,0.691153161953081,0.691153161953081,4.019381523748645,2.6902455764687034,4.270695952029551,4.019381523748645,5.117993812416755,4.137164559405029,0.691153161953081])",1.0
F178,"['study', 'effort', 'change', 'every', 'nothing', 'sign.', 'sea', 'certain', 'full.', 'risk', 'participant', 'boy', 'manager', 'box.', '—', 'shocking', 'claims', 'immortal', 'jellyfish', 'surface', 'internet.']","(10000,[157,387,503,1652,2066,4224,4292,5396,5726,5850,7281,7936,8338,8774,8794,8993,9288,9414,9617,9681,9876],[3.5085558999826545,3.8187108282864943,0.691153161953081,4.830311739964974,2.7508701982851385,4.830311739964974,4.137164559405029,4.019381523748645,4.270695952029551,0.691153161953081,0.6832166123573445,0.691153161953081,0.691153161953081,5.117993812416755,4.137164559405029,5.117993812416755,4.607168188650764,4.830311739964974,3.8187108282864943,4.137164559405029,2.7508701982851385])",0.0
F074,"['wind', 'discover', 'century', 'difference.', 'defense', 'skin', 'team.', 'hear', 'fish', 'wrong', 'next.', '—', 'shocking', 'claims', 'secret', 'cure', 'surface', 'internet.']","(10000,[503,1376,2558,3543,3892,4170,4842,5833,5844,5850,6021,6512,6747,7281,7841,7936,8338,8915],[0.691153161953081,3.7316994512968646,4.019381523748645,4.42484663185681,2.5530444549552183,3.914021008090819,4.270695952029551,3.8187108282864943,4.607168188650764,0.691153161953081,4.830311739964974,4.270695952029551,2.5530444549552183,0.6832166123573445,4.137164559405029,0.691153161953081,0.691153161953081,5.117993812416755])",0.0
R034,"['law', 'arm', 'conference', 'message', 'true', 'adult', 'condition.', 'knowledge', 'subject', 'city', 'grow', 'out.', 'one', 'military', 'measure', 'sell.', 'experts', 'discuss', 'ongoing', 'developments', 'budget', 'report.']","(10000,[72,528,815,1310,2404,2715,3614,3979,3984,4506,4687,4991,5432,5495,5657,5778,5877,7188,7723,7864,8655,9462],[4.270695952029551,4.607168188650764,3.914021008090819,5.523458920524919,4.607168188650764,4.137164559405029,0.6636465161632473,4.607168188650764,4.42484663185681,0.691153161953081,0.691153161953081,2.6330871626287546,2.7508701982851385,3.914021008090819,4.42484663185681,5.117993812416755,3.914021008090819,4.270695952029551,5.117993812416755,3.6516567436233283,4.830311739964974,0.691153161953081])",1.0
R095,"['town', 'again.', 'bed', 'newspaper', 'media', 'interview', 'pick', 'attack.', 'experts', 'discuss', 'ongoing', 'developments', 'policy.']","(10000,[1209,1898,3238,3614,3643,4506,4687,4715,6035,6944,7372,9462,9497],[3.4440173788450834,4.42484663185681,3.914021008090819,0.6636465161632473,4.830311739964974,0.691153161953081,0.691153161953081,4.019381523748645,3.383392757028649,2.8154087194227095,4.270695952029551,0.691153161953081,4.137164559405029])",1.0
F011,"['radio', 'candidate', 'along', 'run', 'give', 'ask', 'finally', 'travel.', 'sell', 'exist', 'low', 'traditional.', '—', 'shocking', 'claims', 'aliens', 'surface', 'internet.']","(10000,[266,503,650,1817,2840,2900,2959,3507,3783,4358,4485,5850,6602,7281,7936,8338,8411,9086],[4.019381523748645,0.691153161953081,2.958509563063383,4.42484663185681,4.019381523748645,4.830311739964974,5.523458920524919,3.7316994512968646,4.607168188650764,4.607168188650764,5.117993812416755,0.691153161953081,4.270695952029551,0.6832166123573445,0.691153161953081,0.691153161953081,3.5085558999826545,4.270695952029551])",0.0
R162,"['choose', 'wind', 'walk', 'research', 'treat.', 'address', 'social', 'practice', 'form', 'success', 'tv.', 'small', 'police', 'site', 'act', 'half', 'forward.', 'experts', 'discuss', 'ongoing', 'developments', 'policy.']","(10000,[222,823,1780,1886,2558,3614,3876,4280,4454,4506,4687,5621,5891,6142,6928,6944,8356,9066,9432,9462,9706,9828],[5.117993812416755,3.914021008090819,4.137164559405029,5.117993812416755,4.019381523748645,0.6636465161632473,4.137164559405029,4.830311739964974,4.607168188650764,0.691153161953081,0.691153161953081,3.914021008090819,3.7316994512968646,4.42484663185681,4.830311739964974,2.8154087194227095,5.523458920524919,3.914021008090819,4.270695952029551,0.691153161953081,4.270695952029551,3.7316994512968646])",1.0
R218,"['ahead', 'cover', 'sign.', 'sure', 'never', 'on.', 'experts', 'discuss', 'ongoing', 'developments', 'election.']","(10000,[281,1821,3556,3614,4506,4687,5611,6104,8268,9414,9462],[4.270695952029551,4.019381523748645,2.7826188965997183,0.6636465161632473,0.691153161953081,0.691153161953081,5.117993812416755,3.8187108282864943,3.6516567436233283,4.830311739964974,0.691153161953081])",1.0
F136,"['fight', 'avoid', 'call', 'political', 'relationship', 'never.', 'reach', 'minute', 'amount', 'institution', 'stay.', '—', 'shocking', 'claims', 'miracle', 'drug', 'surface', 'internet.']","(10000,[503,1256,1388,2526,3243,3357,3935,4260,5146,5850,7040,7222,7281,7860,7936,8338,8386,9766],[0.691153161953081,3.125563647726549,4.137164559405029,4.270695952029551,4.270695952029551,3.914021008090819,3.7316994512968646,4.137164559405029,4.019381523748645,0.691153161953081,5.523458920524919,3.914021008090819,0.6832166123573445,2.920769235080536,0.691153161953081,0.691153161953081,3.8187108282864943,4.830311739964974])",0.0
R108,"['whether', 'try', 'control', 'practice.', 'interest', 'moment', 'piece', 'ready', 'conference', 'majority', 'source.', 'clear', 'support', 'cover', 'nothing', 'piece', 'bar', 'outside', 'last.', 'experts', 'discuss', 'ongoing', 'developments', 'economic', 'growth.']","(10000,[70,1208,1611,3039,3133,3401,3406,3567,3614,3707,4292,4506,4687,4693,5657,6104,6557,7332,8217,8568,9034,9144,9244,9462],[3.6516567436233283,2.661258039595451,4.607168188650764,5.117993812416755,8.84969326371362,4.137164559405029,4.42484663185681,5.523458920524919,0.6636465161632473,4.607168188650764,4.137164559405029,0.691153161953081,0.691153161953081,4.019381523748645,4.42484663185681,3.8187108282864943,3.6516567436233283,4.607168188650764,4.607168188650764,3.914021008090819,2.8844015909096608,2.7200985396183848,3.914021008090819,0.691153161953081])",1.0
R186,"['large', 'prevent', 'serious', 'life.', 'relationship', 'professor', 'on.', 'indicate', 'bit', 'street', 'economic', 'other.', 'experts', 'discuss', 'ongoing', 'developments', 'research.']","(10000,[1117,1989,2543,3252,3614,3684,4260,4506,4687,5535,5611,6485,7022,7066,9144,9231,9462],[4.019381523748645,4.42484663185681,3.4440173788450834,4.607168188650764,0.6636465161632473,3.7316994512968646,4.137164559405029,0.691153161953081,0.691153161953081,5.117993812416755,5.117993812416755,4.607168188650764,4.42484663185681,2.849310271098391,2.7200985396183848,5.117993812416755,0.691153161953081])",1.0
R248,"['common', 'office', 'ask', 'fill.', 'similar', 'research', 'clear', 'low', 'customer', 'college', 'share.', 'girl', 'contain', 'home', 'want.', 'open', 'card', 'group', 'must', 'wait', 'audience.', 'experts', 'discuss', 'ongoing', 'developments', 'technology', 'breakthrough.']","(10000,[453,1020,1023,1029,1413,1611,2144,2227,3032,3177,3365,3507,3614,4506,4687,5477,5783,6332,7046,7493,7766,8057,8344,8411,9432,9462,9637],[3.8187108282864943,2.5530444549552183,4.42484663185681,4.019381523748645,4.137164559405029,4.607168188650764,4.019381523748645,2.7200985396183848,5.117993812416755,4.607168188650764,4.137164559405029,3.7316994512968646,0.6636465161632473,0.691153161953081,0.691153161953081,5.117993812416755,4.019381523748645,4.607168188650764,4.607168188650764,4.019381523748645,4.607168188650764,4.137164559405029,4.019381523748645,3.5085558999826545,4.270695952029551,0.691153161953081,5.523458920524919])",1.0
F045,"['speak', 'billion', 'data', 'watch', 'great', 'be.', 'key', 'open', 'risk', 'surface', 'none.', '—', 'shocking', 'claims', 'immortal', 'jellyfish', 'surface', 'internet.']","(10000,[258,503,750,1695,2066,2708,3131,4732,5760,5783,5850,6562,7281,7936,8338,8794,9876],[3.6516567436233283,0.691153161953081,5.117993812416755,4.42484663185681,2.7508701982851385,3.577548771469606,3.914021008090819,4.137164559405029,4.42484663185681,4.019381523748645,0.691153161953081,4.830311739964974,1.366433224714689,0.691153161953081,0.691153161953081,4.137164559405029,2.7508701982851385])",0.0
F092,"['player', 'bill', 'official', 'song', 'conference', 'example.', 'want', 'reach', 'much', 'enjoy', 'understand', 'then.', '—', 'shocking', 'claims', 'secret', 'cure', 'surface', 'internet.']","(10000,[503,524,1805,1834,3892,5379,5657,5850,6487,6604,6747,7281,7350,7712,7936,8135,8338,8386,8485],[0.691153161953081,3.577548771469606,3.914021008090819,5.117993812416755,2.5530444549552183,5.523458920524919,4.42484663185681,0.691153161953081,3.7316994512968646,3.8187108282864943,2.5530444549552183,0.6832166123573445,4.270695952029551,3.8187108282864943,0.691153161953081,4.137164559405029,0.691153161953081,3.8187108282864943,3.914021008090819])",0.0
R100,"['fight', 'daughter', 'management', 'project', 'side', 'a.', 'plant', 'among', 'body.', 'experts', 'discuss', 'ongoing', 'developments', 'technology', 'breakthrough.']","(10000,[1020,1241,2227,2230,2526,3614,4506,4687,5726,7244,7362,7623,8389,9462,9781],[2.5530444549552183,3.6516567436233283,2.7200985396183848,4.42484663185681,4.270695952029551,0.6636465161632473,0.691153161953081,0.691153161953081,4.270695952029551,3.4440173788450834,4.830311739964974,4.830311739964974,5.117993812416755,0.691153161953081,4.137164559405029])",1.0
F075,"['ask', 'happy', 'way', 'organization', 'state.', 'house', 'whose', 'catch.', '—', 'shocking', 'claims', 'miracle', 'drug', 'surface', 'internet.']","(10000,[503,1256,1364,3507,5347,5836,5850,6426,7281,7860,7936,8338,8929,9391,9539],[0.691153161953081,3.125563647726549,4.270695952029551,3.7316994512968646,4.42484663185681,4.270695952029551,0.691153161953081,5.117993812416755,0.6832166123573445,2.920769235080536,0.691153161953081,0.691153161953081,4.607168188650764,3.914021008090819,4.607168188650764])",0.0
R059,"['though', 'charge', 'rather', 'actually', 'nothing', 'product.', 'project', 'economy', 'several', 'hundred', 'movie', 'financial', 'issue.', 'experts', 'discuss', 'ongoing', 'developments', 'technology', 'breakthrough.']","(10000,[217,1020,1439,2227,2230,2837,3378,3385,3614,4270,4292,4506,4687,5175,6447,6812,7407,9227,9462],[3.7316994512968646,2.5530444549552183,4.42484663185681,2.7200985396183848,4.42484663185681,4.019381523748645,5.523458920524919,3.7316994512968646,0.6636465161632473,4.42484663185681,4.137164559405029,0.691153161953081,0.691153161953081,4.137164559405029,4.019381523748645,4.607168188650764,4.019381523748645,4.270695952029551,0.691153161953081])",1.0
F213,"['imagine', 'move', 'total', 'drug', 'beat', 'movie.', 'compare', 'finally', 'significant', 'forget', 'positive', 'role', 'happy.', 'including', 'color', 'last', 'feel', 'cost', 'only.', '—', 'shocking', 'claims', 'hoax', 'surface', 'internet.']","(10000,[1,503,1243,1817,2569,2956,3115,3350,3989,4377,4490,4715,5301,5850,6279,6282,7146,7281,7334,7860,7936,8338,8552,9246,9832],[5.117993812416755,0.691153161953081,3.7316994512968646,4.42484663185681,3.8187108282864943,4.607168188650764,3.8187108282864943,3.7316994512968646,4.137164559405029,2.60568818844064,4.137164559405029,4.019381523748645,4.42484663185681,0.691153161953081,4.42484663185681,4.270695952029551,4.270695952029551,0.6832166123573445,3.8187108282864943,2.920769235080536,0.691153161953081,0.691153161953081,4.607168188650764,4.137164559405029,3.914021008090819])",0.0
R233,"['network', 'help', 'first', 'baby', 'doctor', 'they.', 'forward', 'feeling', 'number', 'according', 'onto', 'case.', 'win', 'former', 'war', 'century', 'task', 'style', 'explain.', 'experts', 'discuss', 'ongoing', 'developments', 'education.']","(10000,[613,777,1348,1777,2398,3605,3614,4160,4319,4506,4687,5047,6403,6752,7564,7841,8000,8411,8451,8519,8719,9152,9347,9462],[3.8187108282864943,4.137164559405029,4.019381523748645,4.830311739964974,4.607168188650764,4.607168188650764,0.6636465161632473,4.607168188650764,4.270695952029551,0.691153161953081,0.691153161953081,2.6902455764687034,4.137164559405029,4.830311739964974,4.270695952029551,4.137164559405029,5.117993812416755,3.5085558999826545,4.270695952029551,3.914021008090819,4.137164559405029,4.42484663185681,4.270695952029551,0.691153161953081])",1.0
F072,"['federal', 'occur', 'relationship', 'contain.', '—', 'shocking', 'claims', 'mind', 'control', 'surface', 'internet.']","(10000,[503,633,1208,1921,3184,3292,4260,5850,7281,7936,8338],[0.691153161953081,3.7316994512968646,2.661258039595451,3.914021008090819,2.7508701982851385,5.117993812416755,4.137164559405029,0.691153161953081,0.6832166123573445,0.691153161953081,0.691153161953081])",0.0
R184,"['laugh', 'artist', 'develop', 'six', 'past.', 'effort', 'much', 'skill', 'financial', 'democratic', 'expect', 'newspaper.', 'ready', 'scene', 'describe', 'politics', 'successful', 'human', 'power.', 'experts', 'discuss', 'ongoing', 'developments', 'budget', 'report.']","(10000,[524,1029,1241,3308,3614,3691,4506,4687,4737,4991,5401,5432,5606,5659,5726,5844,5887,6557,7085,7098,7407,8303,8931,9462,9968],[3.577548771469606,4.019381523748645,3.6516567436233283,5.523458920524919,0.6636465161632473,4.42484663185681,0.691153161953081,0.691153161953081,5.523458920524919,2.6330871626287546,4.019381523748645,2.7508701982851385,4.270695952029551,4.270695952029551,4.270695952029551,4.607168188650764,3.4440173788450834,3.6516567436233283,4.42484663185681,3.8187108282864943,4.019381523748645,4.830311739964974,4.42484663185681,0.691153161953081,4.42484663185681])",1.0
F134,"['attack', 'choose', 'real', 'tell', 'nice', 'help', 'or.', 'scientist', 'fact', 'high', 'analysis', 'because.', 'type', 'cover', 'center', 'thousand.', '—', 'shocking', 'claims', 'secret', 'cure', 'surface', 'internet.']","(10000,[503,1296,1480,1850,2116,3370,3526,3892,5693,5850,6104,6226,6444,6747,6793,7215,7281,7936,8338,9347,9691,9706,9718],[0.691153161953081,4.607168188650764,4.42484663185681,4.137164559405029,4.607168188650764,4.270695952029551,4.270695952029551,2.5530444549552183,4.607168188650764,0.691153161953081,3.8187108282864943,4.42484663185681,4.42484663185681,2.5530444549552183,5.117993812416755,4.607168188650764,0.6832166123573445,0.691153161953081,0.691153161953081,4.270695952029551,4.42484663185681,4.270695952029551,5.523458920524919])",0.0
R096,"['plan', 'rich', 'apply', 'everyone', 'son', 'almost.', 'man', 'begin', 'mean', 'yet', 'office', 'where.', 'usually', 'industry', 'shake', 'writer.', 'either', 'time', 'including', 'fire', 'head.', 'experts', 'discuss', 'ongoing', 'developments', 'research.']","(10000,[209,909,1140,1513,2180,2569,2990,3010,3593,3614,4037,4506,4522,4687,5191,6123,6212,7066,7312,7334,7857,8157,8344,8893,9126,9462],[4.270695952029551,4.270695952029551,5.523458920524919,4.607168188650764,4.137164559405029,3.8187108282864943,4.270695952029551,4.137164559405029,4.830311739964974,0.6636465161632473,4.270695952029551,0.691153161953081,5.117993812416755,0.691153161953081,4.270695952029551,4.42484663185681,4.42484663185681,2.849310271098391,4.42484663185681,3.8187108282864943,5.117993812416755,4.42484663185681,4.019381523748645,4.42484663185681,4.830311739964974,0.691153161953081])",1.0
R020,"['perform', 'discover', 'authority', 'class', 'especially', 'alone', 'from.', 'friend', 'across', 'strong', 'evidence', 'nor.', 'quality', 'main', 'hour', 'person', 'mr.', 'experts', 'discuss', 'ongoing', 'developments', 'policy.']","(10000,[488,527,1098,1176,1637,2054,2492,3249,3495,3506,3614,4007,4170,4506,4687,5471,6355,6944,7074,8173,8439,9462],[4.137164559405029,3.914021008090819,4.270695952029551,3.914021008090819,4.019381523748645,4.019381523748645,4.137164559405029,3.4440173788450834,5.523458920524919,4.270695952029551,0.6636465161632473,4.42484663185681,3.914021008090819,0.691153161953081,0.691153161953081,5.117993812416755,4.137164559405029,2.8154087194227095,4.019381523748645,3.3262343431887,5.117993812416755,0.691153161953081])",1.0
R067,"['financial', 'goal', 'medical', 'check', 'allow.', 'consumer', 'garden', 'account', 'use', 'young.', 'production', 'enjoy', 'democrat.', 'experts', 'discuss', 'ongoing', 'developments', 'policy.']","(10000,[1805,3614,3901,4506,4687,5089,5133,5252,5936,6944,7407,7601,8268,8353,9187,9462,9475,9924],[3.914021008090819,0.6636465161632473,3.914021008090819,0.691153161953081,0.691153161953081,4.019381523748645,3.914021008090819,5.117993812416755,4.830311739964974,2.8154087194227095,4.019381523748645,5.523458920524919,3.6516567436233283,3.8187108282864943,4.137164559405029,0.691153161953081,3.914021008090819,5.523458920524919])",1.0
R215,"['without', 'long', 'game.', 'experts', 'discuss', 'ongoing', 'developments', 'education.']","(10000,[3614,4043,4506,4687,5047,5498,8904,9462],[0.6636465161632473,4.42484663185681,0.691153161953081,0.691153161953081,2.6902455764687034,4.607168188650764,4.270695952029551,0.691153161953081])",1.0
R127,"['call', 'week', 'turn', 'common.', 'card', 'unit', 'quite', 'change', 'quickly', 'risk.', 'next', 'threat', 'guess.', 'experts', 'discuss', 'ongoing', 'developments', 'policy.']","(10000,[387,2144,3391,3614,3744,3886,4506,4687,5122,5146,6056,6335,6711,6944,7255,8070,8273,9462],[3.8187108282864943,4.019381523748645,3.8187108282864943,0.6636465161632473,5.117993812416755,4.607168188650764,0.691153161953081,0.691153161953081,4.137164559405029,4.019381523748645,3.8187108282864943,4.137164559405029,4.830311739964974,2.8154087194227095,4.830311739964974,3.8187108282864943,4.270695952029551,0.691153161953081])",1.0
R235,"['really', 'politics', 'check', 'run.', 'us', 'peace', 'ok.', 'experts', 'discuss', 'ongoing', 'developments', 'technology', 'breakthrough.']","(10000,[1020,2227,3614,3901,4112,4506,4687,5553,5887,6660,6697,7912,9462],[2.5530444549552183,2.7200985396183848,0.6636465161632473,3.914021008090819,3.914021008090819,0.691153161953081,0.691153161953081,5.523458920524919,3.4440173788450834,4.137164559405029,4.137164559405029,4.830311739964974,0.691153161953081])",1.0
R163,"['staff', 'part', 'week', 'memory', 'later', 'open', 'medical.', 'idea', 'along', 'plan.', 'experts', 'discuss', 'ongoing', 'developments', 'climate', 'change.']","(10000,[560,821,2059,2840,3614,4506,4687,5122,5783,5958,6224,6941,8740,9087,9210,9462],[4.607168188650764,2.849310271098391,2.6902455764687034,4.019381523748645,0.6636465161632473,0.691153161953081,0.691153161953081,4.137164559405029,4.019381523748645,4.42484663185681,3.914021008090819,4.270695952029551,4.270695952029551,5.523458920524919,5.523458920524919,0.691153161953081])",1.0
R002,"['market', 'specific', 'become', 'crime.', 'court', 'strategy', 'eat.', 'experts', 'discuss', 'ongoing', 'developments', 'education.']","(10000,[278,2059,2291,2406,2657,3614,4506,4568,4687,5047,7090,9462],[4.607168188650764,2.6902455764687034,4.607168188650764,4.42484663185681,3.7316994512968646,0.6636465161632473,0.691153161953081,3.6516567436233283,0.691153161953081,2.6902455764687034,3.914021008090819,0.691153161953081])",1.0
R021,"['really', 'thus', 'traditional', 'notice.', 'whether', 'couple', 'stop', 'certainly.', 'cut', 'use', 'nearly', 'might', 'item.', 'particular', 'call', 'compare', 'enter', 'administration', 'kid', 'tax.', 'experts', 'discuss', 'ongoing', 'developments', 'education.']","(10000,[796,1206,2866,3406,3614,3723,3924,4112,4486,4506,4529,4687,5047,5133,5146,5185,5684,7019,7299,7366,7435,7702,8984,9246,9462],[4.270695952029551,4.270695952029551,4.607168188650764,4.42484663185681,0.6636465161632473,4.42484663185681,4.019381523748645,3.914021008090819,4.270695952029551,0.691153161953081,4.830311739964974,0.691153161953081,2.6902455764687034,3.914021008090819,4.019381523748645,4.137164559405029,3.577548771469606,4.607168188650764,5.117993812416755,4.137164559405029,4.137164559405029,3.914021008090819,4.270695952029551,4.137164559405029,0.691153161953081])",1.0
R013,"['economic', 'member', 'many', 'plan', 'million', 'hard.', 'involve', 'ok', 'common', 'official', 'yeah.', 'well', 'standard', 'light', 'best', 'operation.', 'experts', 'discuss', 'ongoing', 'developments', 'technology', 'breakthrough.']","(10000,[157,763,1020,1720,2117,2227,2645,2967,3614,4506,4687,5188,5887,6123,6271,6332,6790,8134,8485,8651,9144,9462],[3.5085558999826545,4.137164559405029,2.5530444549552183,3.914021008090819,4.830311739964974,2.7200985396183848,4.830311739964974,4.607168188650764,0.6636465161632473,0.691153161953081,0.691153161953081,4.42484663185681,3.4440173788450834,4.42484663185681,3.914021008090819,4.607168188650764,4.137164559405029,5.117993812416755,3.914021008090819,4.607168188650764,2.7200985396183848,0.691153161953081])",1.0
F195,"['though', 'response', 'minute', 'with.', 'every', 'news', 'pattern', 'government', 'true.', 'military', 'everybody', 'measure', 'account', 'north', 'mrs.', '—', 'shocking', 'claims', 'flat', 'earth', 'surface', 'internet.']","(10000,[503,528,617,641,1778,2259,2433,2445,2561,2918,3357,3385,5493,5850,5877,7281,7640,7936,8338,9187,9676,9681],[0.691153161953081,4.607168188650764,4.42484663185681,4.607168188650764,4.270695952029551,2.8154087194227095,4.42484663185681,4.270695952029551,3.914021008090819,3.0385522707369192,3.914021008090819,3.7316994512968646,5.117993812416755,0.691153161953081,3.914021008090819,0.6832166123573445,4.607168188650764,0.691153161953081,0.691153161953081,4.137164559405029,3.0385522707369192,4.137164559405029])",0.0
R101,"['find', 'water', 'skill', 'particularly', 'tonight', 'something.', 'goal', 'song', 'occur', 'check.', 'current', 'official', 'authority', 'national', 'cause.', 'experts', 'discuss', 'ongoing', 'developments', 'research.']","(10000,[1176,1921,2589,3389,3614,4240,4506,4687,5089,6443,7066,7070,7350,7510,7910,8485,9189,9394,9462,9968],[3.914021008090819,3.914021008090819,4.270695952029551,4.42484663185681,0.6636465161632473,5.523458920524919,0.691153161953081,0.691153161953081,4.019381523748645,3.8187108282864943,2.849310271098391,5.117993812416755,4.270695952029551,3.7316994512968646,4.42484663185681,3.914021008090819,4.270695952029551,4.830311739964974,0.691153161953081,4.42484663185681])",1.0
R055,"['often', 'south', 'require', 'health.', 'smile', 'attorney', 'story', 'nice', 'commercial.', 'center', 'someone', 'yard', 'recently', 'note.', 'experts', 'discuss', 'ongoing', 'developments', 'research.']","(10000,[7,424,1480,2034,2713,3370,3614,3671,4506,4613,4687,4816,4853,6219,6855,7066,8449,9462,9599],[5.117993812416755,4.019381523748645,4.42484663185681,4.270695952029551,3.914021008090819,4.270695952029551,0.6636465161632473,4.270695952029551,0.691153161953081,5.117993812416755,0.691153161953081,3.7316994512968646,4.42484663185681,3.0811118851557153,4.830311739964974,2.849310271098391,3.914021008090819,0.691153161953081,5.523458920524919])",1.0
F190,"['occur', 'yet.', 'rule', 'avoid', 'agent', 'tv', 'mouth.', 'direction', 'professor', 'maybe', 'establish', 'reduce.', '—', 'shocking', 'claims', 'secret', 'cure', 'surface', 'internet.']","(10000,[343,503,1388,1921,2543,2923,3283,3882,3892,4547,4818,5016,5850,6077,6747,7281,7936,8338,8554],[4.270695952029551,0.691153161953081,4.137164559405029,3.914021008090819,3.4440173788450834,4.019381523748645,5.117993812416755,4.830311739964974,2.5530444549552183,4.019381523748645,4.830311739964974,4.830311739964974,0.691153161953081,5.523458920524919,2.5530444549552183,0.6832166123573445,0.691153161953081,0.691153161953081,4.019381523748645])",0.0
R004,"['world', 'side', 'one', 'movie', 'employee', 'hospital', 'check.', 'technology', 'traditional', 'cup', 'environment', 'thousand.', 'experts', 'discuss', 'ongoing', 'developments', 'education.']","(10000,[815,1020,1439,2407,3059,3614,4486,4506,4687,4930,5047,6444,6548,9360,9394,9462,9781],[3.914021008090819,2.5530444549552183,4.42484663185681,4.42484663185681,4.270695952029551,0.6636465161632473,4.270695952029551,0.691153161953081,0.691153161953081,4.137164559405029,2.6902455764687034,4.42484663185681,4.607168188650764,4.270695952029551,4.830311739964974,0.691153161953081,4.137164559405029])",1.0
F080,"['despite', 'skin', 'continue', 'admit', 'event', 'skill.', 'stock', 'ability', 'meet', 'radio', 'front', 'build', 'military.', 'join', 'report', 'nation', 'ask', 'major', 'agency', 'meeting.', '—', 'shocking', 'claims', 'celebrity', 'scandal', 'surface', 'internet.']","(10000,[503,504,743,765,793,1058,1301,3014,3486,3507,3681,4014,4439,4921,5833,5850,6241,6505,7032,7281,7728,7936,8338,8714,8952,9086,9940],[0.691153161953081,4.019381523748645,3.914021008090819,4.137164559405029,4.42484663185681,3.914021008090819,4.607168188650764,4.137164559405029,2.849310271098391,3.7316994512968646,4.830311739964974,4.607168188650764,5.117993812416755,2.849310271098391,3.8187108282864943,0.691153161953081,4.270695952029551,4.42484663185681,4.830311739964974,0.6832166123573445,4.137164559405029,0.691153161953081,0.691153161953081,3.914021008090819,3.914021008090819,4.270695952029551,4.607168188650764])",0.0
F049,"['method', 'factor', 'tv', 'keep', 'range', 'find.', 'source', 'consumer', 'art', 'traditional', 'however', 'claim.', 'change', 'bed', 'along', 'no.', '—', 'shocking', 'claims', 'hoax', 'surface', 'internet.']","(10000,[165,387,503,911,1876,2470,2840,4377,4486,4547,5850,6015,7281,7359,7721,7854,7936,8338,9475,9497,9561,9594],[4.137164559405029,3.8187108282864943,0.691153161953081,4.42484663185681,4.830311739964974,5.117993812416755,4.019381523748645,2.60568818844064,4.270695952029551,4.019381523748645,0.691153161953081,4.42484663185681,0.6832166123573445,5.523458920524919,4.270695952029551,4.830311739964974,0.691153161953081,0.691153161953081,3.914021008090819,4.137164559405029,4.137164559405029,4.270695952029551])",0.0
F184,"['real', 'note', 'front', 'politics', 'view.', 'become', 'certainly', 'yes', 'base', 'piece', 'cold.', '—', 'shocking', 'claims', 'secret', 'cure', 'surface', 'internet.']","(10000,[503,504,673,1630,3133,3892,5044,5850,5887,5972,6747,7090,7281,7936,8173,8338,9691,9909],[0.691153161953081,4.019381523748645,4.607168188650764,5.523458920524919,4.42484663185681,2.5530444549552183,3.914021008090819,0.691153161953081,3.4440173788450834,5.117993812416755,2.5530444549552183,3.914021008090819,0.6832166123573445,0.691153161953081,3.3262343431887,0.691153161953081,4.42484663185681,4.019381523748645])",0.0
F030,"['level', 'agreement', 'relate', 'network', 'court', 'oil.', 'list', 'site', 'financial', 'resource', 'music.', '—', 'shocking', 'claims', 'secret', 'cure', 'surface', 'internet.']","(10000,[503,988,1499,1670,1675,1990,3892,4568,5850,5891,6747,7281,7407,7936,8338,8413,8728,9152],[0.691153161953081,3.914021008090819,3.8187108282864943,3.8187108282864943,4.830311739964974,5.117993812416755,2.5530444549552183,3.6516567436233283,0.691153161953081,3.7316994512968646,2.5530444549552183,0.6832166123573445,4.019381523748645,0.691153161953081,0.691153161953081,3.6516567436233283,4.019381523748645,4.42484663185681])",0.0
R213,"['seem', 'media', 'make.', 'firm', 'moment', 'explain', 'system', 'see.', 'experts', 'discuss', 'ongoing', 'developments', 'budget', 'report.']","(10000,[1209,2588,3401,3614,3996,4506,4687,4991,5341,5432,6975,7576,8894,9462],[3.4440173788450834,4.270695952029551,4.137164559405029,0.6636465161632473,4.830311739964974,0.691153161953081,0.691153161953081,2.6330871626287546,4.270695952029551,2.7508701982851385,5.523458920524919,5.523458920524919,4.830311739964974,0.691153161953081])",1.0
F128,"['eight', 'wonder', 'probably', 'natural', 'hour.', 'enter', 'write', 'send', 'item', 'second', 'around.', '—', 'shocking', 'claims', 'immortal', 'jellyfish', 'surface', 'internet.']","(10000,[503,1916,2066,2297,4723,4988,5445,5523,5850,6257,7281,7435,7825,7936,8338,8482,9256,9876],[0.691153161953081,3.7316994512968646,2.7508701982851385,3.6516567436233283,3.914021008090819,3.914021008090819,4.137164559405029,4.019381523748645,0.691153161953081,5.523458920524919,0.6832166123573445,4.137164559405029,4.830311739964974,0.691153161953081,0.691153161953081,4.42484663185681,4.137164559405029,2.7508701982851385])",0.0
R231,"['capital', 'including', 'special', 'follow', 'artist.', 'son', 'ability', 'business', 'history', 'discover', 'establish', 'agree', 'guess.', 'personal', 'air', 'create', 'together', 'big', 'outside.', 'experts', 'discuss', 'ongoing', 'developments', 'policy.']","(10000,[88,209,1055,1404,2923,3048,3614,3681,4170,4506,4687,5374,6541,6543,6925,6944,7117,7255,7334,7939,7954,8312,9367,9462],[4.137164559405029,4.270695952029551,4.270695952029551,4.270695952029551,4.019381523748645,4.270695952029551,0.6636465161632473,4.830311739964974,3.914021008090819,0.691153161953081,0.691153161953081,3.6516567436233283,5.117993812416755,5.117993812416755,4.607168188650764,2.8154087194227095,4.830311739964974,4.830311739964974,3.8187108282864943,4.607168188650764,4.830311739964974,4.42484663185681,3.8187108282864943,0.691153161953081])",1.0
R061,"['challenge', 'meet', 'subject.', 'form', 'describe', 'strong', 'purpose.', 'role', 'position', 'action.', 'experts', 'discuss', 'ongoing', 'developments', 'technology', 'breakthrough.']","(10000,[1020,1339,2227,3350,3614,4506,4687,5621,5935,6355,7085,8734,9189,9213,9462,9940],[2.5530444549552183,4.42484663185681,2.7200985396183848,3.7316994512968646,0.6636465161632473,0.691153161953081,0.691153161953081,3.914021008090819,4.019381523748645,4.137164559405029,4.42484663185681,5.117993812416755,4.270695952029551,4.830311739964974,0.691153161953081,4.607168188650764])",1.0
R137,"['audience', 'cup', 'high.', 'sort', 'piece', 'wall', 'option', 'laugh.', 'girl', 'yes', 'discover', 'woman', 'prove.', 'experts', 'discuss', 'ongoing', 'developments', 'education.']","(10000,[1029,1312,3059,3133,3614,3673,4170,4506,4563,4687,5044,5047,5105,5720,6404,8094,9462,9613],[4.019381523748645,4.137164559405029,4.270695952029551,4.42484663185681,0.6636465161632473,5.117993812416755,3.914021008090819,0.691153161953081,4.607168188650764,0.691153161953081,3.914021008090819,2.6902455764687034,5.117993812416755,4.137164559405029,3.8187108282864943,4.270695952029551,0.691153161953081,4.270695952029551])",1.0
R185,"['inside', 'sense', 'throw', 'station', 'keep.', 'discuss', 'large', 'girl', 'task', 'article', 'sit.', 'experts', 'discuss', 'ongoing', 'developments', 'technology', 'breakthrough.']","(10000,[1020,1029,1702,2227,2778,3614,4506,4687,5447,7022,8325,8415,8451,9066,9462,9767],[2.5530444549552183,4.019381523748645,4.137164559405029,2.7200985396183848,5.117993812416755,1.3272930323264946,0.691153161953081,0.691153161953081,3.4440173788450834,4.42484663185681,4.607168188650764,3.8187108282864943,4.270695952029551,3.914021008090819,0.691153161953081,4.830311739964974])",1.0
R204,"['trial', 'never', 'common', 'often', 'structure', 'certain', 'including.', 'leave', 'first', 'recent.', 'difference', 'memory', 'hope', 'cause.', 'experts', 'discuss', 'ongoing', 'developments', 'technology', 'breakthrough.']","(10000,[7,281,1020,2227,2913,2996,3410,3614,4506,4687,6000,6332,6403,6941,7070,7117,7866,8888,9288,9462],[5.117993812416755,4.270695952029551,2.5530444549552183,2.7200985396183848,3.577548771469606,3.3262343431887,4.270695952029551,0.6636465161632473,0.691153161953081,0.691153161953081,3.914021008090819,4.607168188650764,4.137164559405029,4.270695952029551,5.117993812416755,4.830311739964974,3.914021008090819,5.117993812416755,4.607168188650764,0.691153161953081])",1.0
F217,"['model', 'buy', 'result', 'thousand', 'family', 'house.', 'air', 'blood', 'level', 'place', 'person', 'beat.', 'heart', 'range', 'indicate.', '—', 'shocking', 'claims', 'immortal', 'jellyfish', 'surface', 'internet.']","(10000,[80,88,165,399,503,1499,2066,2359,3249,3756,4528,5850,6390,6798,7102,7281,7936,8297,8338,9612,9808,9876],[4.137164559405029,4.137164559405029,4.137164559405029,4.270695952029551,0.691153161953081,3.8187108282864943,2.7508701982851385,3.8187108282864943,3.4440173788450834,4.42484663185681,4.830311739964974,0.691153161953081,3.7316994512968646,4.607168188650764,4.137164559405029,0.6832166123573445,0.691153161953081,3.8187108282864943,0.691153161953081,5.523458920524919,3.914021008090819,2.7508701982851385])",0.0
F176,"['serious', 'bill', 'wind', 'color', 'allow', 'someone', 'meet.', 'structure', 'hard', 'population', 'position', 'week', 'race.', 'agency', 'happen', 'commercial', 'assume', 'time.', '—', 'shocking', 'claims', 'miracle', 'drug', 'surface', 'internet.']","(10000,[320,503,765,1117,1256,1339,2347,2558,2664,2996,3671,4704,4835,5122,5125,5276,5850,6443,7281,7860,7936,8135,8338,9258,9832],[4.270695952029551,0.691153161953081,4.137164559405029,4.019381523748645,3.125563647726549,4.42484663185681,5.117993812416755,4.019381523748645,3.914021008090819,3.3262343431887,4.270695952029551,4.270695952029551,4.830311739964974,4.137164559405029,4.42484663185681,5.117993812416755,0.691153161953081,3.8187108282864943,0.6832166123573445,2.920769235080536,0.691153161953081,4.137164559405029,0.691153161953081,3.7316994512968646,3.914021008090819])",0.0
R245,"['baby', 'try', 'clearly', 'use.', 'important', 'community', 'experience.', 'lose', 'mrs', 'red', 'blood', 'heart', 'character', 'people.', 'experts', 'discuss', 'ongoing', 'developments', 'technology', 'breakthrough.']","(10000,[52,1020,1348,1967,2072,2227,2359,3166,3614,4422,4506,4687,4693,4867,8174,8238,9021,9462,9751,9808],[4.137164559405029,2.5530444549552183,4.019381523748645,4.019381523748645,4.830311739964974,2.7200985396183848,3.8187108282864943,5.117993812416755,0.6636465161632473,4.270695952029551,0.691153161953081,0.691153161953081,4.019381523748645,4.607168188650764,4.270695952029551,4.830311739964974,4.270695952029551,0.691153161953081,4.137164559405029,3.914021008090819])",1.0
R104,"['include', 'long', 'account', 'foot', 'notice.', 'voice', 'miss', 'sell', 'kitchen', 'behavior', 'forward.', 'soon', 'successful', 'note', 'sometimes', 'total', 'financial.', 'experts', 'discuss', 'ongoing', 'developments', 'election.']","(10000,[735,756,1041,1071,1109,1886,2953,3530,3556,3614,4485,4506,4687,5659,5869,6279,7366,7890,8904,9187,9462,9909],[4.019381523748645,4.270695952029551,4.137164559405029,4.270695952029551,5.523458920524919,5.117993812416755,4.607168188650764,4.42484663185681,2.7826188965997183,0.6636465161632473,5.117993812416755,0.691153161953081,0.691153161953081,4.270695952029551,4.607168188650764,4.42484663185681,4.137164559405029,4.830311739964974,4.270695952029551,4.137164559405029,0.691153161953081,4.019381523748645])",1.0
F156,"['president', 'bad', 'decide', 'article.', 'majority', 'carry', 'probably', 'realize.', 'know', 'watch', 'almost', 'energy', 'music', 'beautiful', 'majority.', '—', 'shocking', 'claims', 'flat', 'earth', 'surface', 'internet.']","(10000,[454,503,1273,1306,2297,2708,2710,2918,3709,5850,6340,6370,7281,7779,7936,7956,8293,8307,8338,8566,9244,9676],[3.5085558999826545,0.691153161953081,4.270695952029551,4.42484663185681,3.6516567436233283,3.577548771469606,4.607168188650764,3.0385522707369192,4.830311739964974,0.691153161953081,4.830311739964974,4.42484663185681,0.6832166123573445,3.914021008090819,0.691153161953081,4.137164559405029,4.42484663185681,3.8187108282864943,0.691153161953081,4.270695952029551,3.914021008090819,3.0385522707369192])",0.0
R194,"['happy', 'war', 'wish', 'wall', 'approach.', 'experts', 'discuss', 'ongoing', 'developments', 'election.']","(10000,[495,3556,3614,4506,4687,5347,6404,6434,8719,9462],[4.42484663185681,2.7826188965997183,0.6636465161632473,0.691153161953081,0.691153161953081,4.42484663185681,3.8187108282864943,5.523458920524919,4.137164559405029,0.691153161953081])",1.0
R161,"['scientist', 'though', 'one', 'shoulder', 'leader', 'real.', 'player', 'especially', 'particularly', 'argue', 'baby', 'tough.', 'series', 'see', 'process.', 'experts', 'discuss', 'ongoing', 'developments', 'technology', 'breakthrough.']","(10000,[815,1020,1348,1526,2227,3385,3614,3730,4463,4506,4687,5354,5963,6226,6443,6604,6756,7036,8077,8173,9462],[3.914021008090819,2.5530444549552183,4.019381523748645,3.914021008090819,2.7200985396183848,3.7316994512968646,0.6636465161632473,4.830311739964974,3.6516567436233283,0.691153161953081,0.691153161953081,3.914021008090819,5.117993812416755,4.42484663185681,3.8187108282864943,3.8187108282864943,3.3262343431887,5.117993812416755,5.523458920524919,3.3262343431887,0.691153161953081])",1.0
F113,"['know', 'bad.', 'lawyer', 'discuss', 'though', 'poor.', '—', 'shocking', 'claims', 'immortal', 'jellyfish', 'surface', 'internet.']","(10000,[503,2066,2613,3385,3614,3935,5850,7281,7779,7936,8338,9021,9876],[0.691153161953081,2.7508701982851385,4.830311739964974,3.7316994512968646,0.6636465161632473,3.7316994512968646,0.691153161953081,0.6832166123573445,3.914021008090819,0.691153161953081,0.691153161953081,4.270695952029551,2.7508701982851385])",0.0
F150,"['green', 'note', 'decision', 'red', 'responsibility.', 'boy', 'size', 'want', 'seem', 'year', 'use', 'policy.', 'sit', 'eye', 'seek', 'figure', 'sense', 'hand.', '—', 'shocking', 'claims', 'hoax', 'surface', 'internet.']","(10000,[52,157,171,503,551,1341,2193,2523,2588,3192,4110,4377,5133,5447,5850,6944,6946,7281,7712,7936,8338,8899,9878,9909],[4.137164559405029,3.5085558999826545,4.137164559405029,0.691153161953081,4.607168188650764,4.137164559405029,5.117993812416755,5.523458920524919,4.270695952029551,4.137164559405029,4.607168188650764,2.60568818844064,3.914021008090819,3.4440173788450834,0.691153161953081,2.8154087194227095,4.42484663185681,0.6832166123573445,3.8187108282864943,0.691153161953081,0.691153161953081,4.137164559405029,5.117993812416755,4.019381523748645])",0.0
F047,"['hard', 'among.', 'must', 'arrive', 'end', 'sit', 'collection.', 'people', 'fast', 'need', 'bad.', '—', 'shocking', 'claims', 'miracle', 'drug', 'surface', 'internet.']","(10000,[453,503,1023,1256,2071,3652,3935,4263,5125,5850,6537,6946,7281,7391,7860,7936,8338,9263],[3.8187108282864943,0.691153161953081,4.42484663185681,3.125563647726549,4.607168188650764,3.914021008090819,3.7316994512968646,4.607168188650764,4.42484663185681,0.691153161953081,3.914021008090819,4.42484663185681,0.6832166123573445,3.8187108282864943,2.920769235080536,0.691153161953081,0.691153161953081,4.270695952029551])",0.0
F008,"['phone', 'crime', 'card', 'move', 'woman', 'key', 'think', 'increase.', 'thing', 'good', 'cover', 'modern', 'business', 'class', 'final.', 'probably', 'yeah', 'return', 'data', 'customer', 'set', 'necessary.', '—', 'shocking', 'claims', 'hoax', 'surface', 'internet.']","(10000,[503,635,731,1107,1413,1626,1695,2101,2144,2297,2335,2336,3131,3249,3857,4007,4377,4563,5342,5374,5850,6104,6168,6282,6623,7281,7936,8338],[0.691153161953081,3.8187108282864943,4.019381523748645,4.830311739964974,4.137164559405029,4.42484663185681,4.42484663185681,4.830311739964974,4.019381523748645,3.6516567436233283,4.830311739964974,3.914021008090819,3.914021008090819,3.4440173788450834,4.607168188650764,4.42484663185681,2.60568818844064,4.607168188650764,4.019381523748645,3.6516567436233283,0.691153161953081,3.8187108282864943,4.019381523748645,4.270695952029551,4.830311739964974,0.6832166123573445,0.691153161953081,0.691153161953081])",0.0
F229,"['police', 'difficult', 'tough', 'kind', 'easy', 'return.', 'lead', 'remember', 'realize', 'white.', '—', 'shocking', 'claims', 'aliens', 'surface', 'internet.']","(10000,[503,650,760,1582,1712,3876,5356,5447,5685,5850,6044,6877,7281,7936,8338,8684],[0.691153161953081,2.958509563063383,4.830311739964974,4.42484663185681,4.019381523748645,4.137164559405029,3.914021008090819,3.4440173788450834,4.137164559405029,0.691153161953081,4.607168188650764,5.117993812416755,0.6832166123573445,0.691153161953081,0.691153161953081,5.117993812416755])",0.0
R001,"['ready', 'realize', 'bag', 'wind', 'professor', 'by.', 'everybody', 'soldier', 'decade', 'hotel', 'involve', 'wonder', 'artist.', 'project', 'street', 'consumer', 'military', 'test', 'put', 'popular.', 'experts', 'discuss', 'ongoing', 'developments', 'research.']","(10000,[415,1582,1804,2230,2543,2558,2561,2663,3614,3684,4141,4506,4687,4723,5877,6030,6271,6557,6586,7066,7117,7786,8871,9462,9475],[4.270695952029551,4.42484663185681,4.830311739964974,4.42484663185681,3.4440173788450834,4.019381523748645,3.914021008090819,4.42484663185681,0.6636465161632473,3.7316994512968646,4.42484663185681,0.691153161953081,0.691153161953081,3.914021008090819,3.914021008090819,4.137164559405029,3.914021008090819,3.6516567436233283,4.137164559405029,2.849310271098391,4.830311739964974,5.117993812416755,4.42484663185681,0.691153161953081,3.914021008090819])",1.0
R241,"['purpose', 'assume', 'determine', 'language', 'election.', 'experts', 'discuss', 'ongoing', 'developments', 'public', 'health.']","(10000,[1716,1770,2664,3556,3614,4506,4687,6219,7734,8089,9462],[4.830311739964974,2.958509563063383,3.914021008090819,2.7826188965997183,0.6636465161632473,0.691153161953081,0.691153161953081,3.0811118851557153,4.019381523748645,4.42484663185681,0.691153161953081])",1.0
R198,"['church', 'product', 'product.', 'experts', 'discuss', 'ongoing', 'developments', 'climate', 'change.']","(10000,[447,821,1273,2059,3614,4270,4506,4687,9462],[4.270695952029551,2.849310271098391,4.270695952029551,2.6902455764687034,0.6636465161632473,4.42484663185681,0.691153161953081,0.691153161953081,0.691153161953081])",1.0
R229,"['throw', 'say', 'another', 'identify', 'thus', 'assume.', 'full', 'feeling', 'guess', 'total', 'instead', 'organization', 'perhaps', 'red.', 'billion', 'physical', 'population', 'consumer', 'way', 'notice', 'market', 'knowledge.', 'experts', 'discuss', 'ongoing', 'developments', 'research.']","(10000,[258,613,1259,1364,1525,2657,3614,3967,4506,4527,4687,5684,5862,6279,6805,7066,8166,8325,8550,8649,8660,8897,9258,9391,9462,9475,9948],[3.6516567436233283,3.8187108282864943,3.914021008090819,4.270695952029551,4.42484663185681,3.7316994512968646,0.6636465161632473,4.019381523748645,0.691153161953081,4.42484663185681,0.691153161953081,3.577548771469606,4.607168188650764,4.42484663185681,5.523458920524919,2.849310271098391,4.019381523748645,4.607168188650764,5.117993812416755,4.270695952029551,4.019381523748645,4.607168188650764,3.7316994512968646,3.914021008090819,0.691153161953081,3.914021008090819,5.523458920524919])",1.0
R205,"['pass', 'approach', 'hot', 'industry', 'before.', 'away', 'design', 'stuff', 'alone', 'building.', 'experts', 'discuss', 'ongoing', 'developments', 'public', 'health.']","(10000,[1770,2278,2492,3010,3095,3614,3737,3922,4506,4687,6219,7696,7722,8392,9462,9693],[2.958509563063383,4.607168188650764,4.137164559405029,4.137164559405029,4.270695952029551,0.6636465161632473,4.830311739964974,4.270695952029551,0.691153161953081,0.691153161953081,3.0811118851557153,4.607168188650764,4.270695952029551,4.270695952029551,0.691153161953081,4.270695952029551])",1.0
F123,"['red', 'leave', 'billion', 'simple', 'part', 'billion', 'idea.', '—', 'shocking', 'claims', 'celebrity', 'scandal', 'surface', 'internet.']","(10000,[52,258,503,1375,2913,3486,4921,5850,7281,7936,8338,8740],[4.137164559405029,7.3033134872466565,0.691153161953081,4.830311739964974,7.155097542939212,2.849310271098391,2.849310271098391,0.691153161953081,0.6832166123573445,0.691153161953081,0.691153161953081,4.270695952029551])",0.0
F043,"['theory', 'reflect', 'miss', 'mrs.', 'threat', 'tv', 'democrat', 'lay', 'structure', 'need.', '—', 'shocking', 'claims', 'celebrity', 'scandal', 'surface', 'internet.']","(10000,[503,641,1071,1468,2996,3486,4475,4547,4921,5234,5321,5850,6544,7281,7936,8070,8338],[0.691153161953081,4.607168188650764,4.270695952029551,3.914021008090819,3.3262343431887,2.849310271098391,4.270695952029551,4.019381523748645,2.849310271098391,4.137164559405029,4.270695952029551,0.691153161953081,5.117993812416755,0.6832166123573445,0.691153161953081,3.8187108282864943,0.691153161953081])",0.0
F097,"['science', 'sound', 'magazine', 'fish', 'rest.', 'provide', 'doctor', 'huge', 'note', 'land', 'home.', '—', 'shocking', 'claims', 'celebrity', 'scandal', 'surface', 'internet.']","(10000,[503,777,1376,2198,2989,3363,3486,4921,5850,5861,5946,6166,7148,7281,7936,8338,8413,9909],[0.691153161953081,4.137164559405029,3.7316994512968646,4.607168188650764,5.523458920524919,3.8187108282864943,2.849310271098391,2.849310271098391,0.691153161953081,4.607168188650764,4.42484663185681,5.117993812416755,4.42484663185681,0.6832166123573445,0.691153161953081,0.691153161953081,3.6516567436233283,4.019381523748645])",0.0
R014,"['community', 'indeed', 'agency', 'least.', 'everybody', 'oil', 'purpose', 'oil', 'true', 'visit.', 'education', 'seek', 'activity', 'interest', 'full.', 'experts', 'discuss', 'ongoing', 'developments', 'research.']","(10000,[70,171,371,765,2561,3163,3614,4506,4687,4934,5530,6035,7066,7188,8089,8110,8174,8993,9462],[3.6516567436233283,4.137164559405029,4.830311739964974,4.137164559405029,3.914021008090819,5.117993812416755,0.6636465161632473,0.691153161953081,0.691153161953081,4.42484663185681,4.270695952029551,6.766785514057298,2.849310271098391,4.270695952029551,4.42484663185681,4.270695952029551,4.270695952029551,5.117993812416755,0.691153161953081])",1.0
F005,"['bed', 'culture', 'phone', 'continue', 'enough', 'member.', 'young', 'modern', 'manage', 'beat', 'market.', '—', 'shocking', 'claims', 'flat', 'earth', 'surface', 'internet.']","(10000,[503,743,1626,2336,2403,2569,2918,4748,5850,7281,7809,7883,7936,8338,8353,8645,9497,9676],[0.691153161953081,3.914021008090819,4.42484663185681,3.914021008090819,4.019381523748645,3.8187108282864943,3.0385522707369192,4.830311739964974,0.691153161953081,0.6832166123573445,4.137164559405029,4.607168188650764,0.691153161953081,0.691153161953081,3.8187108282864943,4.270695952029551,4.137164559405029,3.0385522707369192])",0.0
R234,"['send', 'example', 'sign', 'involve', 'behind', 'own.', 'claim', 'necessary', 'report', 'window', 'attention.', 'sing', 'tough', 'card', 'red', 'laugh', 'bed', 'rich.', 'experts', 'discuss', 'ongoing', 'developments', 'research.']","(10000,[52,2144,2403,3614,4346,4506,4687,5442,5447,5523,6271,6451,6505,6756,7066,7098,7813,7979,8203,8937,9462,9497,9606],[4.137164559405029,4.019381523748645,4.019381523748645,0.6636465161632473,4.42484663185681,0.691153161953081,0.691153161953081,5.523458920524919,3.4440173788450834,4.019381523748645,3.914021008090819,3.8187108282864943,4.42484663185681,3.3262343431887,2.849310271098391,3.8187108282864943,5.117993812416755,4.270695952029551,4.607168188650764,3.914021008090819,0.691153161953081,4.137164559405029,4.270695952029551])",1.0
F143,"['upon', 'live', 'democratic', 'smile', 'peace.', 'population', 'analysis', 'provide.', '—', 'shocking', 'claims', 'aliens', 'surface', 'internet.']","(10000,[493,503,533,650,1296,2713,4944,5606,5850,6735,7281,7936,8338,9258],[4.607168188650764,0.691153161953081,4.137164559405029,2.958509563063383,4.607168188650764,3.914021008090819,4.830311739964974,4.270695952029551,0.691153161953081,4.270695952029551,0.6832166123573445,0.691153161953081,0.691153161953081,3.7316994512968646])",0.0
R073,"['kind', 'cause', 'material', 'consumer', 'as.', 'evening', 'white', 'hit', 'quality', 'north.', 'experts', 'discuss', 'ongoing', 'developments', 'economic', 'growth.']","(10000,[316,2802,3231,3506,3614,4506,4687,5286,5843,6035,6044,8252,9034,9144,9462,9475],[4.270695952029551,4.830311739964974,4.270695952029551,4.270695952029551,0.6636465161632473,0.691153161953081,0.691153161953081,4.607168188650764,4.830311739964974,3.383392757028649,4.607168188650764,4.270695952029551,2.8844015909096608,2.7200985396183848,0.691153161953081,3.914021008090819])",1.0
R239,"['step', 'budget', 'turn', 'society', 'fact.', 'discuss', 'summer', 'discussion', 'goal', 'participant', 'line', 'short.', 'experts', 'discuss', 'ongoing', 'developments', 'education.']","(10000,[327,746,1182,1558,3614,3886,4506,4687,4991,5047,5089,5315,5396,9192,9462,9481],[4.270695952029551,5.523458920524919,4.270695952029551,4.607168188650764,1.3272930323264946,4.607168188650764,0.691153161953081,0.691153161953081,2.6330871626287546,2.6902455764687034,4.019381523748645,3.8187108282864943,4.019381523748645,5.523458920524919,0.691153161953081,4.137164559405029])",1.0
F181,"['artist', 'task', 'control', 'fund', 'care', 'course.', 'management', 'safe', 'discuss', 'listen', 'fight', 'avoid', 'increase.', 'want', 'case', 'war.', '—', 'shocking', 'claims', 'aliens', 'surface', 'internet.']","(10000,[429,503,650,1208,1241,1388,2526,3614,4499,4638,5310,5850,6342,6623,6749,7281,7642,7712,7936,8338,8451,8931],[4.42484663185681,0.691153161953081,2.958509563063383,2.661258039595451,3.6516567436233283,4.137164559405029,4.270695952029551,0.6636465161632473,5.117993812416755,4.137164559405029,4.270695952029551,0.691153161953081,4.019381523748645,4.830311739964974,5.117993812416755,0.6832166123573445,4.270695952029551,3.8187108282864943,0.691153161953081,0.691153161953081,4.270695952029551,4.42484663185681])",0.0
R138,"['outside', 'happen', 'wall', 'trip.', 'experts', 'discuss', 'ongoing', 'developments', 'election.']","(10000,[3556,3614,4506,4687,4704,6404,6865,8568,9462],[2.7826188965997183,0.6636465161632473,0.691153161953081,0.691153161953081,4.270695952029551,3.8187108282864943,5.117993812416755,3.914021008090819,0.691153161953081])",1.0
R172,"['feeling', 'husband', 'score', 'even', 'see', 'wife', 'game.', 'political', 'animal', 'recognize', 'popular', 'material', 'surface', 'moment.', 'health', 'economy', 'become', 'tonight', 'mr', 'else', 'water.', 'much', 'research', 'like', 'baby', 'house', 'significant.', 'experts', 'discuss', 'ongoing', 'developments', 'economic', 'growth.']","(10000,[217,524,613,1348,1927,2126,2647,3021,3231,3330,3389,3614,3935,3973,4096,4506,4687,5034,5354,5498,5836,6148,6406,7090,7208,7281,7360,8171,8805,9034,9144,9432,9462],[3.7316994512968646,3.577548771469606,3.8187108282864943,4.019381523748645,4.607168188650764,5.117993812416755,4.607168188650764,4.270695952029551,4.270695952029551,4.42484663185681,4.42484663185681,0.6636465161632473,3.7316994512968646,5.523458920524919,5.117993812416755,0.691153161953081,0.691153161953081,4.019381523748645,3.914021008090819,4.607168188650764,4.270695952029551,4.019381523748645,4.019381523748645,3.914021008090819,4.019381523748645,0.6832166123573445,4.019381523748645,4.42484663185681,4.607168188650764,2.8844015909096608,2.7200985396183848,4.270695952029551,0.691153161953081])",1.0
R143,"['interesting', 'prepare', 'night', 'entire', 'close.', 'service', 'state', 'four', 'skin', 'us.', 'sister', 'management', 'card', 'case.', 'experts', 'discuss', 'ongoing', 'developments', 'policy.']","(10000,[1241,1243,1808,2144,2252,2286,3521,3614,3634,4506,4687,5833,6752,6869,6944,7937,8824,9462,9679],[3.6516567436233283,3.7316994512968646,4.830311739964974,4.019381523748645,4.42484663185681,4.137164559405029,4.019381523748645,0.6636465161632473,4.607168188650764,0.691153161953081,0.691153161953081,3.8187108282864943,4.830311739964974,4.019381523748645,2.8154087194227095,4.830311739964974,4.019381523748645,0.691153161953081,5.523458920524919])",1.0
F166,"['popular', 'difference', 'eat', 'their.', 'road', 'good', 'machine', 'example', 'mouth.', '—', 'shocking', 'claims', 'mind', 'control', 'surface', 'internet.']","(10000,[503,1208,3184,3283,4108,5725,5850,6148,6168,7276,7281,7866,7936,8040,8338,9606],[0.691153161953081,2.661258039595451,2.7508701982851385,5.117993812416755,4.830311739964974,4.019381523748645,0.691153161953081,4.019381523748645,4.019381523748645,4.42484663185681,0.6832166123573445,3.914021008090819,0.691153161953081,4.137164559405029,0.691153161953081,4.270695952029551])",0.0
R003,"['within', 'improve', 'market', 'culture.', 'three', 'blood', 'billion', 'gun', 'item', 'east.', 'quickly', 'guess', 'spring', 'fine', 'site', 'officer', 'black.', 'experts', 'discuss', 'ongoing', 'developments', 'budget', 'report.']","(10000,[258,696,1167,1644,1916,2359,2408,2611,2657,3391,3614,4506,4687,4991,5432,5703,5891,5925,6431,8313,8660,9462,9817],[3.6516567436233283,3.8187108282864943,5.117993812416755,4.42484663185681,3.7316994512968646,3.8187108282864943,4.42484663185681,5.523458920524919,3.7316994512968646,3.8187108282864943,0.6636465161632473,0.691153161953081,0.691153161953081,2.6330871626287546,2.7508701982851385,5.117993812416755,3.7316994512968646,4.42484663185681,4.607168188650764,4.137164559405029,4.019381523748645,0.691153161953081,3.7316994512968646])",1.0
R167,"['future', 'care', 'increase', 'respond', 'interview', 'hold.', 'letter', 'item', 'mrs', 'gas', 'shake.', 'experts', 'discuss', 'ongoing', 'developments', 'climate', 'change.']","(10000,[23,564,821,1916,2059,2500,3614,4506,4687,5310,5607,6035,6176,6488,7963,9462,9751],[5.523458920524919,3.914021008090819,2.849310271098391,3.7316994512968646,2.6902455764687034,4.607168188650764,0.6636465161632473,0.691153161953081,0.691153161953081,4.270695952029551,4.830311739964974,3.383392757028649,5.117993812416755,3.914021008090819,4.42484663185681,0.691153161953081,4.137164559405029])",1.0
R183,"['right', 'remember', 'relationship', 'year', 'executive.', 'million', 'mission', 'provide', 'possible.', 'writer', 'audience', 'professor.', 'experts', 'discuss', 'ongoing', 'developments', 'climate', 'change.']","(10000,[751,821,1312,1790,2059,2272,3180,3614,4260,4506,4687,5685,5946,6069,6906,8651,8899,9462],[5.117993812416755,2.849310271098391,4.137164559405029,4.137164559405029,2.6902455764687034,4.42484663185681,4.830311739964974,0.6636465161632473,4.137164559405029,0.691153161953081,0.691153161953081,4.137164559405029,4.42484663185681,4.607168188650764,4.270695952029551,4.607168188650764,4.137164559405029,0.691153161953081])",1.0
R238,"['opportunity', 'others', 'fly', 'energy', 'food', 'either.', 'security', 'mother', 'interest', 'may', 'share', 'simply.', 'condition', 'collection', 'lead.', 'experts', 'discuss', 'ongoing', 'developments', 'technology', 'breakthrough.']","(10000,[70,354,816,1020,2227,2634,3614,3947,4506,4687,5328,5944,6940,6976,7386,7632,8209,8307,8653,9160,9462],[3.6516567436233283,4.607168188650764,5.523458920524919,2.5530444549552183,2.7200985396183848,4.137164559405029,0.6636465161632473,4.137164559405029,0.691153161953081,0.691153161953081,3.6516567436233283,4.607168188650764,5.117993812416755,4.42484663185681,5.523458920524919,4.830311739964974,5.117993812416755,3.8187108282864943,4.137164559405029,4.607168188650764,0.691153161953081])",1.0
R041,"['business', 'something', 'meeting', 'car', 'new', 'oil.', 'fish', 'indeed', 'identify', 'administration', 'use.', 'experts', 'discuss', 'ongoing', 'developments', 'election.']","(10000,[20,585,1376,1990,3556,3614,3674,3967,4506,4687,4934,5185,5374,9021,9462,9826],[4.137164559405029,4.270695952029551,3.7316994512968646,5.117993812416755,2.7826188965997183,0.6636465161632473,3.5085558999826545,4.019381523748645,0.691153161953081,0.691153161953081,4.42484663185681,4.137164559405029,3.6516567436233283,4.270695952029551,0.691153161953081,4.270695952029551])",1.0
F237,"['discuss', 'cut', 'paper', 'question', 'mrs.', 'peace', 'fish', 'sing', 'join', 'month', 'young.', '—', 'shocking', 'claims', 'government', 'cover-up', 'surface', 'internet.']","(10000,[503,641,1206,1376,2259,2947,3614,5252,5741,5850,6451,6697,7281,7936,8338,8690,8952,9813],[0.691153161953081,4.607168188650764,4.270695952029551,3.7316994512968646,2.8154087194227095,4.607168188650764,0.6636465161632473,5.117993812416755,4.270695952029551,0.691153161953081,3.8187108282864943,4.137164559405029,0.6832166123573445,0.691153161953081,0.691153161953081,4.137164559405029,3.914021008090819,2.997730276216664])",0.0
R086,"['find', 'general', 'build', 'admit', 'five.', 'reveal', 'painting', 'north', 'two.', 'official', 'growth', 'social', 'control', 'billion', 'wall.', 'experts', 'discuss', 'ongoing', 'developments', 'research.']","(10000,[141,258,320,823,1034,1208,1507,1776,1778,3014,3072,3614,4506,4687,5465,7066,7510,8485,8714,9462],[4.830311739964974,3.6516567436233283,4.270695952029551,3.914021008090819,4.42484663185681,2.661258039595451,5.117993812416755,4.830311739964974,4.270695952029551,4.137164559405029,5.117993812416755,0.6636465161632473,0.691153161953081,0.691153161953081,4.607168188650764,2.849310271098391,3.7316994512968646,3.914021008090819,3.914021008090819,0.691153161953081])",1.0
R240,"['environmental', 'hold', 'war', 'today', 'structure.', 'thank', 'ready', 'paper', 'court.', 'experts', 'discuss', 'ongoing', 'developments', 'policy.']","(10000,[481,1687,2389,3614,4506,4687,5392,6027,6557,6944,8690,8719,9462,9806],[5.117993812416755,4.607168188650764,4.137164559405029,0.6636465161632473,0.691153161953081,0.691153161953081,5.117993812416755,4.019381523748645,3.6516567436233283,2.8154087194227095,4.137164559405029,4.137164559405029,0.691153161953081,4.607168188650764])",1.0
R133,"['paper', 'technology', 'something', 'matter', 'source.', 'experts', 'discuss', 'ongoing', 'developments', 'public', 'health.']","(10000,[1020,1770,2402,3614,3707,4506,4687,6219,8690,9462,9826],[2.5530444549552183,2.958509563063383,4.137164559405029,0.6636465161632473,4.607168188650764,0.691153161953081,0.691153161953081,3.0811118851557153,4.137164559405029,0.691153161953081,4.270695952029551])",1.0
F044,"['lawyer', 'ever', 'full', 'conference.', 'suggest', 'information', 'citizen', 'involve', 'rest', 'in.', '—', 'shocking', 'claims', 'hoax', 'surface', 'internet.']","(10000,[8,503,1898,1936,2708,4377,5594,5850,6271,7281,7816,7936,8190,8338,8897,9021],[4.830311739964974,0.691153161953081,4.42484663185681,4.830311739964974,3.577548771469606,2.60568818844064,3.914021008090819,0.691153161953081,3.914021008090819,0.6832166123573445,4.270695952029551,0.691153161953081,4.137164559405029,0.691153161953081,4.607168188650764,4.270695952029551])",0.0
F125,"['operation', 'read', 'professional', 'ever', 'run', 'young', 'serve.', 'buy', 'number', 'court', 'teacher', 'run', 'really.', '—', 'shocking', 'claims', 'government', 'cover-up', 'surface', 'internet.']","(10000,[80,266,503,2155,2259,4568,5594,5850,5922,6959,7160,7281,7650,7809,7936,8338,8519,8708,9813],[4.137164559405029,8.03876304749729,0.691153161953081,4.607168188650764,2.8154087194227095,3.6516567436233283,3.914021008090819,0.691153161953081,4.270695952029551,5.523458920524919,5.117993812416755,0.6832166123573445,4.42484663185681,4.137164559405029,0.691153161953081,0.691153161953081,3.914021008090819,4.137164559405029,2.997730276216664])",0.0
F165,"['character', 'site', 'mission', 'institution.', 'operation', 'tv', 'east', 'set', 'blue.', '—', 'shocking', 'claims', 'secret', 'cure', 'surface', 'internet.']","(10000,[503,2722,3892,4547,4867,5342,5850,5891,5922,6069,6576,6747,7180,7281,7936,8338],[0.691153161953081,5.117993812416755,2.5530444549552183,4.019381523748645,4.607168188650764,4.019381523748645,0.691153161953081,3.7316994512968646,4.270695952029551,4.607168188650764,4.607168188650764,2.5530444549552183,4.42484663185681,0.6832166123573445,0.691153161953081,0.691153161953081])",0.0
F137,"['lose', 'miss', 'visit', 'eight', 'although.', 'several', 'wall', 'change', 'political', 'player', 'fund', 'increase', 'office.', '—', 'shocking', 'claims', 'flat', 'earth', 'surface', 'internet.']","(10000,[387,503,698,1071,2918,3935,4422,4638,5850,6404,6604,6852,7281,7765,7936,7963,8338,8482,9227,9676],[3.8187108282864943,0.691153161953081,4.270695952029551,4.270695952029551,3.0385522707369192,3.7316994512968646,4.270695952029551,4.137164559405029,0.691153161953081,3.8187108282864943,3.8187108282864943,5.117993812416755,0.6832166123573445,5.117993812416755,0.691153161953081,4.42484663185681,0.691153161953081,4.42484663185681,4.270695952029551,3.0385522707369192])",0.0
R088,"['billion', 'director', 'action', 'identify', 'range', 'stage', 'ability.', 'break', 'return', 'one', 'how.', 'experts', 'discuss', 'ongoing', 'developments', 'research.']","(10000,[30,165,226,258,635,668,815,1853,3614,3967,4506,4687,6021,6633,7066,9462],[4.270695952029551,4.137164559405029,5.523458920524919,3.6516567436233283,3.8187108282864943,3.8187108282864943,3.914021008090819,4.607168188650764,0.6636465161632473,4.019381523748645,0.691153161953081,0.691153161953081,4.830311739964974,4.137164559405029,2.849310271098391,0.691153161953081])",1.0
R169,"['crime', 'raise', 'soon', 'investment.', 'suffer', 'financial', 'threat', 'vote', 'street.', 'experts', 'discuss', 'ongoing', 'developments', 'technology', 'breakthrough.']","(10000,[731,1020,1041,1734,2227,3527,3614,4506,4687,6135,7407,8070,9214,9372,9462],[4.019381523748645,2.5530444549552183,4.137164559405029,5.523458920524919,2.7200985396183848,5.117993812416755,0.6636465161632473,0.691153161953081,0.691153161953081,4.607168188650764,4.019381523748645,3.8187108282864943,4.607168188650764,4.270695952029551,0.691153161953081])",1.0
R193,"['oil', 'part', 'little', 'house', 'keep.', 'film', 'reach', 'base', 'base', 'television', 'six.', 'whole', 'likely', 'dog', 'politics', 'near', 'billion.', 'dream', 'street', 'perform', 'attack.', 'experts', 'discuss', 'ongoing', 'developments', 'technology', 'breakthrough.']","(10000,[309,627,629,1020,1098,1590,2227,2366,3004,3614,3643,3684,4506,4687,5003,5836,5887,5974,6035,8173,8386,8713,8740,9462,9564,9767],[4.270695952029551,4.019381523748645,5.117993812416755,2.5530444549552183,4.270695952029551,4.42484663185681,2.7200985396183848,4.270695952029551,5.117993812416755,0.6636465161632473,4.830311739964974,3.7316994512968646,0.691153161953081,0.691153161953081,4.019381523748645,4.270695952029551,3.4440173788450834,3.6516567436233283,3.383392757028649,6.6524686863774,3.8187108282864943,3.7316994512968646,4.270695952029551,0.691153161953081,4.270695952029551,4.830311739964974])",1.0
F247,"['set', 'send', 'tree', 'rule.', 'process', 'change', 'tree', 'answer', 'last.', 'born', 'anything', 'around', 'so.', '—', 'shocking', 'claims', 'mind', 'control', 'surface', 'internet.']","(10000,[387,503,1208,1783,2114,3039,3184,3619,5342,5523,5850,5871,6197,7281,7711,7936,8040,8338,9545],[3.8187108282864943,0.691153161953081,2.661258039595451,4.830311739964974,4.270695952029551,5.117993812416755,2.7508701982851385,4.270695952029551,4.019381523748645,4.019381523748645,0.691153161953081,8.274329118810059,3.6516567436233283,0.6832166123573445,5.117993812416755,0.691153161953081,4.137164559405029,0.691153161953081,4.42484663185681])",0.0
R179,"['identify', 'well', 'hope', 'anything', 'number', 'only.', 'various', 'way', 'sister', 'call', 'sport.', 'create', 'want', 'feeling.', 'experts', 'discuss', 'ongoing', 'developments', 'technology', 'breakthrough.']","(10000,[157,1020,1243,1404,2111,2114,2227,3521,3614,3967,4506,4687,5146,5643,6000,6647,7712,8519,9391,9462],[3.5085558999826545,2.5530444549552183,3.7316994512968646,4.270695952029551,5.117993812416755,4.270695952029551,2.7200985396183848,4.019381523748645,0.6636465161632473,4.019381523748645,0.691153161953081,0.691153161953081,4.019381523748645,5.523458920524919,3.914021008090819,4.019381523748645,3.8187108282864943,3.914021008090819,3.914021008090819,0.691153161953081])",1.0
F138,"['perhaps', 'way', 'subject', 'tell.', 'according', 'relate', 'else', 'place', 'clear.', 'condition', 'talk', 'build', 'ground', 'carry', 'form', 'seat.', '—', 'shocking', 'claims', 'immortal', 'jellyfish', 'surface', 'internet.']","(10000,[454,503,988,1259,1268,1401,2066,3014,5034,5328,5621,5850,6390,6487,7281,7564,7936,8338,8655,8925,9083,9391,9876],[3.5085558999826545,0.691153161953081,3.914021008090819,3.914021008090819,5.117993812416755,4.830311739964974,2.7508701982851385,4.137164559405029,4.019381523748645,3.6516567436233283,3.914021008090819,0.691153161953081,3.7316994512968646,3.7316994512968646,0.6832166123573445,4.270695952029551,0.691153161953081,0.691153161953081,4.830311739964974,4.830311739964974,5.523458920524919,3.914021008090819,2.7508701982851385])",0.0
R017,"['coach', 'short', 'quite', 'measure', 'suggest', 'service.', 'action', 'measure', 'discussion', 'despite.', 'experts', 'discuss', 'ongoing', 'developments', 'policy.']","(10000,[528,1262,3514,3614,4221,4330,4506,4687,5315,6056,6633,6944,7816,9462],[9.214336377301528,5.117993812416755,4.42484663185681,0.6636465161632473,5.523458920524919,5.117993812416755,0.691153161953081,0.691153161953081,3.8187108282864943,3.8187108282864943,4.137164559405029,2.8154087194227095,4.270695952029551,0.691153161953081])",1.0
F090,"['hotel', 'night', 'rest', 'above.', 'even', 'painting', 'necessary', 'account', 'record.', 'summer', 'area', 'interview.', '—', 'shocking', 'claims', 'mind', 'control', 'surface', 'internet.']","(10000,[503,924,1034,1208,2406,2663,2708,3184,5138,5649,5850,6406,6869,7281,7936,7979,8338,9187,9481],[0.691153161953081,4.830311739964974,4.42484663185681,2.661258039595451,4.42484663185681,4.42484663185681,3.577548771469606,2.7508701982851385,5.117993812416755,4.137164559405029,0.691153161953081,4.019381523748645,4.019381523748645,0.6832166123573445,0.691153161953081,4.270695952029551,0.691153161953081,4.137164559405029,4.137164559405029])",0.0
F222,"['check', 'open', 'bill', 'send', 'tend', 'wonder.', 'structure', 'understand', 'theory', 'agency', 'help', 'anything.', '—', 'shocking', 'claims', 'mind', 'control', 'surface', 'internet.']","(10000,[503,765,1208,1468,1810,2996,3184,3901,5523,5783,5850,6487,7281,7751,7936,8135,8338,8509,9347],[0.691153161953081,4.137164559405029,2.661258039595451,3.914021008090819,4.607168188650764,3.3262343431887,2.7508701982851385,3.914021008090819,4.019381523748645,4.019381523748645,0.691153161953081,3.7316994512968646,0.6832166123573445,5.523458920524919,0.691153161953081,4.137164559405029,0.691153161953081,5.523458920524919,4.270695952029551])",0.0
R114,"['quickly', 'identify', 'commercial', 'finally.', 'approach', 'people', 'memory', 'better', 'range.', 'experts', 'discuss', 'ongoing', 'developments', 'climate', 'change.']","(10000,[821,1209,1619,2059,2543,3095,3391,3614,3967,4263,4506,4687,6443,6941,9462],[2.849310271098391,3.4440173788450834,5.117993812416755,2.6902455764687034,3.4440173788450834,4.270695952029551,3.8187108282864943,0.6636465161632473,4.019381523748645,4.607168188650764,0.691153161953081,0.691153161953081,3.8187108282864943,4.270695952029551,0.691153161953081])",1.0
F235,"['station', 'catch', 'into.', 'husband', 'position', 'charge', 'message.', '—', 'shocking', 'claims', 'celebrity', 'scandal', 'surface', 'internet.']","(10000,[442,503,1339,3486,4921,5850,6812,7055,7208,7281,7936,7949,8338,8415],[5.523458920524919,0.691153161953081,4.42484663185681,2.849310271098391,2.849310271098391,0.691153161953081,4.607168188650764,5.117993812416755,4.019381523748645,0.6832166123573445,0.691153161953081,4.270695952029551,0.691153161953081,3.8187108282864943])",0.0
F185,"['research', 'everybody', 'drive', 'quickly', 'leader', 'certainly.', 'outside', 'interview', 'join', 'together', 'stock', 'skill.', 'fear', 'view', 'above.', 'ever', 'yes', 'marriage', 'meet', 'actually', 'white', 'vote.', '—', 'shocking', 'claims', 'hoax', 'surface', 'internet.']","(10000,[503,793,1526,2406,2561,3391,4377,5044,5594,5843,5850,6035,6229,6241,6325,6447,6878,7019,7281,7293,7936,8312,8338,8568,8952,9432,9513,9940],[0.691153161953081,4.42484663185681,3.914021008090819,4.42484663185681,3.914021008090819,3.8187108282864943,2.60568818844064,3.914021008090819,3.914021008090819,4.830311739964974,0.691153161953081,3.383392757028649,4.607168188650764,4.270695952029551,4.607168188650764,4.019381523748645,5.117993812416755,4.607168188650764,0.6832166123573445,4.42484663185681,0.691153161953081,4.42484663185681,0.691153161953081,3.914021008090819,3.914021008090819,4.270695952029551,3.914021008090819,4.607168188650764])",0.0
F221,"['save', 'place', 'change', 'officer', 'second', 'opportunity', 'work.', 'many', 'according', 'most.', 'visit', 'minute', 'public', 'worry', 'friend', 'nation.', '—', 'shocking', 'claims', 'flat', 'earth', 'surface', 'internet.']","(10000,[360,387,488,503,696,698,1599,1770,2918,3357,4520,5188,5850,6390,6976,7281,7564,7725,7936,8338,8343,9256,9676],[5.117993812416755,3.8187108282864943,4.137164559405029,0.691153161953081,3.8187108282864943,4.270695952029551,4.830311739964974,2.958509563063383,3.0385522707369192,3.914021008090819,4.019381523748645,4.42484663185681,0.691153161953081,3.7316994512968646,4.42484663185681,0.6832166123573445,4.270695952029551,5.523458920524919,0.691153161953081,0.691153161953081,3.7316994512968646,4.137164559405029,3.0385522707369192])",0.0
F054,"['ready', 'reduce', 'administration', 'instead', 'continue.', 'reflect', 'whatever', 'leave.', '—', 'shocking', 'claims', 'secret', 'cure', 'surface', 'internet.']","(10000,[503,1769,3892,4527,5185,5321,5850,6221,6557,6747,7281,7695,7936,8159,8338],[0.691153161953081,4.830311739964974,2.5530444549552183,4.42484663185681,4.137164559405029,4.270695952029551,0.691153161953081,5.523458920524919,3.6516567436233283,2.5530444549552183,0.6832166123573445,3.914021008090819,0.691153161953081,4.019381523748645,0.691153161953081])",0.0
R000,"['whose', 'television', 'upon', 'knowledge', 'program.', 'industry', 'quality', 'energy', 'safe', 'particular', 'try', 'between.', 'experts', 'discuss', 'ongoing', 'developments', 'public', 'health.']","(10000,[1770,3010,3011,3506,3614,4506,4687,4693,6219,6735,7025,7642,7864,8307,8713,8984,9462,9539],[2.958509563063383,4.137164559405029,5.523458920524919,4.270695952029551,0.6636465161632473,0.691153161953081,0.691153161953081,4.019381523748645,3.0811118851557153,4.270695952029551,5.523458920524919,4.270695952029551,3.6516567436233283,3.8187108282864943,3.7316994512968646,4.270695952029551,0.691153161953081,4.607168188650764])",1.0
R178,"['late', 'need', 'government', 'ten.', 'experts', 'discuss', 'ongoing', 'developments', 'budget', 'report.']","(10000,[2259,3079,3614,4506,4687,4991,5432,6537,9415,9462],[2.8154087194227095,4.42484663185681,0.6636465161632473,0.691153161953081,0.691153161953081,2.6330871626287546,2.7508701982851385,3.914021008090819,5.117993812416755,0.691153161953081])",1.0
F006,"['challenge', 'brother', 'mouth', 'religious', 'rule.', 'little', 'understand', 'go', 'old', 'message.', 'network', 'american', 'six', 'fight', 'yeah', 'create.', 'keep', 'particularly', 'every', 'however', 'foreign.', '—', 'shocking', 'claims', 'hoax', 'surface', 'internet.']","(10000,[291,503,911,1590,2526,3249,3822,4293,4377,5401,5850,5935,6443,6451,6487,6808,7055,7083,7281,7497,7652,7711,7936,8338,9152,9594,9681],[4.42484663185681,0.691153161953081,4.42484663185681,4.42484663185681,4.270695952029551,3.4440173788450834,5.117993812416755,4.137164559405029,2.60568818844064,4.019381523748645,0.691153161953081,4.019381523748645,3.8187108282864943,3.8187108282864943,3.7316994512968646,4.830311739964974,5.117993812416755,4.137164559405029,0.6832166123573445,4.137164559405029,4.42484663185681,5.117993812416755,0.691153161953081,0.691153161953081,4.42484663185681,4.270695952029551,4.137164559405029])",0.0
F174,"['pattern', 'director', 'fly', 'young', 'threat', 'apply.', 'end', 'time', 'everything.', '—', 'shocking', 'claims', 'secret', 'cure', 'surface', 'internet.']","(10000,[453,503,617,1392,1853,3892,4442,5850,5944,6747,7281,7809,7936,8070,8157,8338],[3.8187108282864943,0.691153161953081,4.42484663185681,4.830311739964974,4.607168188650764,2.5530444549552183,4.830311739964974,0.691153161953081,4.607168188650764,2.5530444549552183,0.6832166123573445,4.137164559405029,0.691153161953081,3.8187108282864943,4.42484663185681,0.691153161953081])",0.0
R009,"['technology', 'serve', 'offer.', 'red', 'choice', 'whatever.', 'contain', 'watch', 'pick', 'agree', 'mother', 'design.', 'experts', 'discuss', 'ongoing', 'developments', 'election.']","(10000,[52,354,1020,1553,1725,2708,3331,3556,3614,4506,4687,6053,6925,7372,7425,7493,9462],[4.137164559405029,4.607168188650764,2.5530444549552183,5.117993812416755,4.42484663185681,3.577548771469606,5.523458920524919,2.7826188965997183,0.6636465161632473,0.691153161953081,0.691153161953081,3.7316994512968646,4.607168188650764,4.270695952029551,4.830311739964974,4.019381523748645,0.691153161953081])",1.0
R122,"['learn', 'card', 'material', 'gun', 'within.', 'arrive', 'attack', 'image', 'test.', 'experts', 'discuss', 'ongoing', 'developments', 'economic', 'growth.']","(10000,[2144,3231,3614,4295,4506,4687,5303,5693,5967,7391,8313,8960,9034,9144,9462],[4.019381523748645,4.270695952029551,0.6636465161632473,5.117993812416755,0.691153161953081,0.691153161953081,4.137164559405029,4.607168188650764,4.270695952029551,3.8187108282864943,4.137164559405029,5.117993812416755,2.8844015909096608,2.7200985396183848,0.691153161953081])",1.0
F189,"['meet', 'table', 'even', 'part.', 'institution', 'ago', 'particular', 'sister', 'read', 'better', 'could.', '—', 'shocking', 'claims', 'immortal', 'jellyfish', 'surface', 'internet.']","(10000,[503,1896,2066,2543,3243,3521,3931,4903,5850,6406,7281,7650,7876,7936,8338,8984,9876,9940],[0.691153161953081,4.137164559405029,2.7508701982851385,3.4440173788450834,4.270695952029551,4.019381523748645,3.4440173788450834,5.117993812416755,0.691153161953081,4.019381523748645,0.6832166123573445,4.42484663185681,4.607168188650764,0.691153161953081,0.691153161953081,4.270695952029551,2.7508701982851385,4.607168188650764])",0.0
R146,"['still', 'cell', 'rate', 'certainly.', 'mean', 'international', 'action.', 'experts', 'discuss', 'ongoing', 'developments', 'technology', 'breakthrough.']","(10000,[188,253,909,1020,2227,3210,3614,3712,4506,4687,7019,9213,9462],[4.607168188650764,3.7316994512968646,4.270695952029551,2.5530444549552183,2.7200985396183848,4.270695952029551,0.6636465161632473,4.270695952029551,0.691153161953081,0.691153161953081,4.607168188650764,4.830311739964974,0.691153161953081])",1.0
R022,"['senior', 'day', 'appear', 'what.', 'husband', 'see', 'movement', 'stuff', 'season', 'color.', 'experts', 'discuss', 'ongoing', 'developments', 'climate', 'change.']","(10000,[821,2059,2358,2494,3614,4144,4506,4687,5294,5354,7208,7722,8182,8363,9133,9462],[2.849310271098391,2.6902455764687034,4.607168188650764,5.117993812416755,0.6636465161632473,3.914021008090819,0.691153161953081,0.691153161953081,4.830311739964974,3.914021008090819,4.019381523748645,4.270695952029551,5.117993812416755,5.117993812416755,4.137164559405029,0.691153161953081])",1.0
F177,"['lead', 'culture', 'western', 'fast', 'everybody', 'move.', 'old', 'remember', 'place', 'song', 'may', 'position.', '—', 'shocking', 'claims', 'aliens', 'surface', 'internet.']","(10000,[503,524,650,1819,2561,5356,5685,5760,5850,6390,7083,7281,7350,7936,8338,8645,9160,9263],[0.691153161953081,3.577548771469606,2.958509563063383,4.830311739964974,3.914021008090819,3.914021008090819,4.137164559405029,4.42484663185681,0.691153161953081,3.7316994512968646,4.137164559405029,0.6832166123573445,4.270695952029551,0.691153161953081,0.691153161953081,4.270695952029551,4.607168188650764,4.270695952029551])",0.0
F021,"['charge', 'send', 'majority', 'day', 'left.', 'simple', 'teach', 'not.', '—', 'shocking', 'claims', 'secret', 'cure', 'surface', 'internet.']","(10000,[503,2913,3892,5134,5523,5850,6747,6812,7281,7936,8338,8522,9121,9133,9244],[0.691153161953081,3.577548771469606,2.5530444549552183,5.523458920524919,4.019381523748645,0.691153161953081,2.5530444549552183,4.607168188650764,0.6832166123573445,0.691153161953081,0.691153161953081,4.137164559405029,4.830311739964974,4.137164559405029,3.914021008090819])",0.0
R039,"['rate', 'performance', 'official', 'role', 'issue', 'citizen', 'baby.', 'show', 'rock', 'produce', 'character', 'begin.', 'exactly', 'year', 'start', 'when.', 'experts', 'discuss', 'ongoing', 'developments', 'economic', 'growth.']","(10000,[8,253,574,1648,2096,2996,3350,3614,4019,4506,4687,4867,6422,6616,7274,8485,8899,9034,9144,9351,9367,9462],[4.830311739964974,3.7316994512968646,3.7316994512968646,4.607168188650764,4.607168188650764,3.3262343431887,3.7316994512968646,0.6636465161632473,4.270695952029551,0.691153161953081,0.691153161953081,4.607168188650764,5.117993812416755,3.8187108282864943,5.523458920524919,3.914021008090819,4.137164559405029,2.8844015909096608,2.7200985396183848,4.830311739964974,3.8187108282864943,0.691153161953081])",1.0
F061,"['tv', 'nation', 'participant', 'become', 'door.', 'artist', 'drop', 'business', 'magazine', 'owner', 'item.', 'military', 'interview', 'dog', 'office', 'president', 'now.', 'go', 'evidence', 'church', 'development', 'information', 'population', 'the.', '—', 'shocking', 'claims', 'miracle', 'drug', 'surface', 'internet.']","(10000,[503,1256,1273,1306,2054,2260,2871,3802,4014,4547,5374,5396,5850,5877,6035,6053,6451,6609,7090,7281,7299,7860,7936,8190,8338,8344,8413,8577,8931,9258,9564],[0.691153161953081,3.125563647726549,4.270695952029551,4.42484663185681,4.019381523748645,5.523458920524919,4.137164559405029,5.117993812416755,4.607168188650764,4.019381523748645,3.6516567436233283,4.019381523748645,0.691153161953081,3.914021008090819,3.383392757028649,3.7316994512968646,3.8187108282864943,5.523458920524919,3.914021008090819,0.6832166123573445,5.117993812416755,2.920769235080536,0.691153161953081,4.137164559405029,0.691153161953081,4.019381523748645,3.6516567436233283,4.607168188650764,4.42484663185681,3.7316994512968646,4.270695952029551])",0.0
R057,"['indicate', 'hot', 'section', 'raise', 'north', 'throughout', 'return.', 'health', 'expect', 'fish', 'role', 'movement.', 'experts', 'discuss', 'ongoing', 'developments', 'technology', 'breakthrough.']","(10000,[1020,1376,1778,2227,3350,3527,3614,3691,4395,4506,4687,5948,6485,6968,8684,8805,9462,9693],[2.5530444549552183,3.7316994512968646,4.270695952029551,2.7200985396183848,3.7316994512968646,5.117993812416755,0.6636465161632473,4.42484663185681,5.117993812416755,0.691153161953081,0.691153161953081,4.137164559405029,4.607168188650764,4.270695952029551,5.117993812416755,4.607168188650764,0.691153161953081,4.270695952029551])",1.0
F154,"['animal', 'true', 'explain', 'drive', 'key', 'seat.', 'serious', 'meeting', 'good', 'eight', 'network', 'behavior', 'mr.', '—', 'shocking', 'claims', 'immortal', 'jellyfish', 'surface', 'internet.']","(10000,[20,503,735,1117,1268,2066,3131,5341,5471,5850,6168,6325,7188,7281,7360,7936,8338,8482,9152,9876],[4.137164559405029,0.691153161953081,4.019381523748645,4.019381523748645,5.117993812416755,2.7508701982851385,3.914021008090819,4.270695952029551,5.117993812416755,0.691153161953081,4.019381523748645,4.607168188650764,4.270695952029551,0.6832166123573445,4.019381523748645,0.691153161953081,0.691153161953081,4.42484663185681,4.42484663185681,2.7508701982851385])",0.0
F052,"['start', 'service', 'plan', 'reflect', 'education.', 'fish', 'moment', 'market', 'fight', 'speak', 'rest', 'simple', 'teacher.', 'black', 'leg', 'sense', 'leader', 'another', 'century', 'determine', 'protect.', '—', 'shocking', 'claims', 'mind', 'control', 'surface', 'internet.']","(10000,[503,1208,1376,1526,1948,2252,2526,2657,2708,2913,2996,3184,3401,4732,5047,5321,5447,5500,5850,6123,6290,7281,7734,7841,7936,8166,8338,8693],[0.691153161953081,2.661258039595451,3.7316994512968646,3.914021008090819,3.914021008090819,4.42484663185681,4.270695952029551,3.7316994512968646,3.577548771469606,3.577548771469606,3.3262343431887,2.7508701982851385,4.137164559405029,4.137164559405029,2.6902455764687034,4.270695952029551,3.4440173788450834,5.117993812416755,0.691153161953081,4.42484663185681,4.607168188650764,0.6832166123573445,4.019381523748645,4.137164559405029,0.691153161953081,4.019381523748645,0.691153161953081,4.830311739964974])",0.0
F124,"['sing', 'air', 'theory', 'model.', 'old', 'view', 'poor', 'four', 'shake.', 'series', 'tend', 'well', 'discuss', 'wife', 'team', 'opportunity.', '—', 'shocking', 'claims', 'flat', 'earth', 'surface', 'internet.']","(10000,[88,157,468,503,1243,1468,1810,2918,3021,3614,4463,4533,5850,6176,6451,7083,7281,7293,7936,8103,8338,9156,9676],[4.137164559405029,3.5085558999826545,4.830311739964974,0.691153161953081,3.7316994512968646,3.914021008090819,4.607168188650764,3.0385522707369192,4.270695952029551,0.6636465161632473,3.6516567436233283,4.830311739964974,0.691153161953081,5.117993812416755,3.8187108282864943,4.137164559405029,0.6832166123573445,4.42484663185681,0.691153161953081,5.117993812416755,0.691153161953081,4.270695952029551,3.0385522707369192])",0.0
R071,"['site', 'far', 'ever', 'who.', 'trouble', 'guess', 'five', 'culture.', 'data', 'share', 'success', 'change', 'sure', 'finally.', 'experts', 'discuss', 'ongoing', 'developments', 'budget', 'report.']","(10000,[387,1619,1695,1821,2909,3614,3947,4158,4506,4687,4991,5432,5594,5703,5891,5974,8660,9462,9808,9828],[3.8187108282864943,5.117993812416755,4.42484663185681,4.019381523748645,4.830311739964974,0.6636465161632473,4.137164559405029,3.8187108282864943,0.691153161953081,0.691153161953081,2.6330871626287546,2.7508701982851385,3.914021008090819,5.117993812416755,3.7316994512968646,3.6516567436233283,4.019381523748645,0.691153161953081,3.914021008090819,3.7316994512968646])",1.0
R152,"['democratic', 'give', 'modern', 'home', 'half', 'change.', 'anyone', 'bring', 'force', 'phone', 'want', 'son', 'fall.', 'experts', 'discuss', 'ongoing', 'developments', 'budget', 'report.']","(10000,[209,391,666,1626,1780,2059,2336,3057,3365,3488,3614,3783,4506,4687,4991,5432,5606,7712,9462],[4.270695952029551,4.830311739964974,4.42484663185681,4.42484663185681,4.137164559405029,2.6902455764687034,3.914021008090819,3.7316994512968646,4.137164559405029,5.523458920524919,0.6636465161632473,4.607168188650764,0.691153161953081,0.691153161953081,2.6330871626287546,2.7508701982851385,4.270695952029551,3.8187108282864943,0.691153161953081])",1.0
F038,"['learn', 'successful', 'respond', 'wife', 'although', 'program', 'quite.', 'difficult', 'sure', 'it.', '—', 'shocking', 'claims', 'mind', 'control', 'surface', 'internet.']","(10000,[503,573,1208,1712,1821,2500,3021,3184,5659,5850,5967,7281,7779,7805,7936,8338,8878],[0.691153161953081,3.914021008090819,2.661258039595451,4.019381523748645,4.019381523748645,4.607168188650764,4.270695952029551,2.7508701982851385,4.270695952029551,0.691153161953081,4.270695952029551,0.6832166123573445,3.914021008090819,5.523458920524919,0.691153161953081,0.691153161953081,5.117993812416755])",0.0
F101,"['kitchen', 'may', 'though', 'red', 'design', 'travel', 'because.', 'rate', 'focus', 'south', 'many', 'seek.', 'skin', 'factor', 'design.', '—', 'shocking', 'claims', 'immortal', 'jellyfish', 'surface', 'internet.']","(10000,[52,253,503,756,2066,2922,3385,3922,3931,4816,5188,5833,5850,6793,7281,7425,7936,8338,8681,9160,9561,9876],[4.137164559405029,3.7316994512968646,0.691153161953081,4.270695952029551,2.7508701982851385,5.523458920524919,3.7316994512968646,4.270695952029551,3.4440173788450834,3.7316994512968646,4.42484663185681,3.8187108282864943,0.691153161953081,5.117993812416755,0.6832166123573445,4.830311739964974,0.691153161953081,0.691153161953081,4.42484663185681,4.607168188650764,4.137164559405029,2.7508701982851385])",0.0
F203,"['similar', 'throughout', 'minute.', 'speak', 'source', 'technology', 'house', 'boy', 'however.', '—', 'shocking', 'claims', 'celebrity', 'scandal', 'surface', 'internet.']","(10000,[157,503,1020,3486,4732,4921,5836,5850,5948,7046,7175,7281,7721,7936,8338,9261],[3.5085558999826545,0.691153161953081,2.5530444549552183,2.849310271098391,4.137164559405029,2.849310271098391,4.270695952029551,0.691153161953081,4.137164559405029,4.607168188650764,5.523458920524919,0.6832166123573445,4.270695952029551,0.691153161953081,0.691153161953081,4.830311739964974])",0.0
F192,"['service', 'culture', 'born', 'police', 'site.', 'base', 'drive', 'democratic', 'head.', 'size', 'green', 'country', 'west', 'help', 'condition.', '—', 'shocking', 'claims', 'government', 'cover-up', 'surface', 'internet.']","(10000,[503,551,2252,2259,3192,3593,3876,4648,5085,5606,5850,6325,7281,7723,7870,7936,8173,8338,8645,9347,9545,9813],[0.691153161953081,4.607168188650764,4.42484663185681,2.8154087194227095,4.137164559405029,4.830311739964974,4.137164559405029,5.523458920524919,4.019381523748645,4.270695952029551,0.691153161953081,4.607168188650764,0.6832166123573445,5.117993812416755,4.137164559405029,0.691153161953081,3.3262343431887,0.691153161953081,4.270695952029551,4.270695952029551,4.42484663185681,2.997730276216664])",0.0
R189,"['pull', 'indeed', 'store', 'real.', 'draw', 'child', 'serious', 'everybody.', 'pm', 'join', 'carry', 'station', 'series', 'employee', 'show.', 'experts', 'discuss', 'ongoing', 'developments', 'climate', 'change.']","(10000,[454,821,1117,2059,2806,3205,3614,4463,4506,4687,4934,5963,6548,6597,7026,7184,7244,8167,8415,8952,9462],[3.5085558999826545,2.849310271098391,4.019381523748645,2.6902455764687034,4.607168188650764,4.830311739964974,0.6636465161632473,3.6516567436233283,0.691153161953081,0.691153161953081,4.42484663185681,5.117993812416755,4.607168188650764,4.607168188650764,4.830311739964974,4.270695952029551,3.4440173788450834,4.270695952029551,3.8187108282864943,3.914021008090819,0.691153161953081])",1.0
R098,"['early', 'theory', 'ask', 'relationship', 'clearly.', 'center', 'campaign', 'true', 'fish', 'citizen', 'employee.', 'author', 'long', 'century', 'sound.', 'experts', 'discuss', 'ongoing', 'developments', 'election.']","(10000,[8,1376,1468,1480,1985,3507,3556,3614,4092,4260,4506,4687,5401,6675,7188,7841,8408,8904,9350,9462],[4.830311739964974,3.7316994512968646,3.914021008090819,4.42484663185681,4.830311739964974,3.7316994512968646,2.7826188965997183,0.6636465161632473,4.830311739964974,4.137164559405029,0.691153161953081,0.691153161953081,4.019381523748645,3.8187108282864943,4.270695952029551,4.137164559405029,5.117993812416755,4.270695952029551,4.270695952029551,0.691153161953081])",1.0
R149,"['receive', 'maintain', 'hot.', 'whatever', 'safe', 'bit.', 'experts', 'discuss', 'ongoing', 'developments', 'economic', 'growth.']","(10000,[1595,3614,4498,4506,4617,4687,5247,7642,7695,9034,9144,9462],[4.830311739964974,0.6636465161632473,5.117993812416755,0.691153161953081,4.42484663185681,0.691153161953081,4.607168188650764,4.270695952029551,3.914021008090819,2.8844015909096608,2.7200985396183848,0.691153161953081])",1.0
R046,"['trouble', 'sort', 'discover', 'see', 'factor.', 'second', 'rather', 'analysis', 'glass', 'within', 'material.', 'perhaps', 'small', 'difficult', 'agree', 'follow', 'role', 'society', 'project.', 'experts', 'discuss', 'ongoing', 'developments', 'education.']","(10000,[222,327,1259,1296,1712,2837,2909,3350,3614,4170,4506,4687,5047,5101,5354,5416,5616,5720,6925,6932,9256,9367,9462,9817],[5.117993812416755,4.270695952029551,3.914021008090819,4.607168188650764,4.019381523748645,4.019381523748645,4.830311739964974,3.7316994512968646,0.6636465161632473,3.914021008090819,0.691153161953081,0.691153161953081,2.6902455764687034,5.117993812416755,3.914021008090819,4.830311739964974,4.42484663185681,4.137164559405029,4.607168188650764,5.117993812416755,4.137164559405029,3.8187108282864943,0.691153161953081,3.7316994512968646])",1.0
F055,"['worker', 'pretty', 'stop', 'order.', '—', 'shocking', 'claims', 'hoax', 'surface', 'internet.']","(10000,[503,796,2676,3919,4377,5564,5850,7281,7936,8338],[0.691153161953081,4.270695952029551,4.830311739964974,4.270695952029551,2.60568818844064,5.523458920524919,0.691153161953081,0.6832166123573445,0.691153161953081,0.691153161953081])",0.0
F159,"['city', 'garden', 'explain', 'congress', 'hard.', 'really', 'group', 'less', 'peace.', 'smile', 'reason', 'type', 'focus', 'last', 'decade', 'research.', '—', 'shocking', 'claims', 'flat', 'earth', 'surface', 'internet.']","(10000,[503,1195,2117,2713,2918,2944,3526,3931,3989,4112,4944,5341,5495,5850,5936,6030,7066,7281,7766,7936,8338,8728,9676],[0.691153161953081,4.019381523748645,4.830311739964974,3.914021008090819,3.0385522707369192,4.137164559405029,4.270695952029551,3.4440173788450834,4.137164559405029,3.914021008090819,4.830311739964974,4.270695952029551,3.914021008090819,0.691153161953081,4.830311739964974,4.137164559405029,2.849310271098391,0.6832166123573445,4.607168188650764,0.691153161953081,0.691153161953081,4.019381523748645,3.0385522707369192])",0.0
F083,"['environmental', 'animal', 'film', 'state', 'artist', 'six.', '—', 'shocking', 'claims', 'secret', 'cure', 'surface', 'internet.']","(10000,[503,1808,3004,3892,5003,5850,6027,6747,7281,7360,7936,8338,8931],[0.691153161953081,4.830311739964974,5.117993812416755,2.5530444549552183,4.019381523748645,0.691153161953081,4.019381523748645,2.5530444549552183,0.6832166123573445,4.019381523748645,0.691153161953081,0.691153161953081,4.42484663185681])",0.0
R109,"['project', 'thought', 'laugh', 'building', 'once.', 'outside', 'name', 'tell', 'level.', 'lead', 'admit', 'possible', 'put', 'remember', 'run.', 'rock', 'opportunity', 'role', 'light', 'care', 'explain.', 'experts', 'discuss', 'ongoing', 'developments', 'education.']","(10000,[15,55,574,1720,1850,2230,3350,3605,3614,4506,4687,5047,5310,5356,5685,5852,6100,6976,7098,7912,8568,8692,8714,8871,9121,9462],[4.270695952029551,4.137164559405029,3.7316994512968646,3.914021008090819,4.137164559405029,4.42484663185681,3.7316994512968646,4.607168188650764,0.6636465161632473,0.691153161953081,0.691153161953081,2.6902455764687034,4.270695952029551,3.914021008090819,4.137164559405029,4.137164559405029,4.137164559405029,4.42484663185681,3.8187108282864943,4.830311739964974,3.914021008090819,5.523458920524919,3.914021008090819,4.42484663185681,4.830311739964974,0.691153161953081])",1.0
R102,"['operation', 'low', 'reason', 'second', 'color.', 'weight', 'use', 'road', 'relate', 'whether', 'pass', 'bag.', 'meeting', 'necessary', 'model', 'challenge', 'quality.', 'experts', 'discuss', 'ongoing', 'developments', 'climate', 'change.']","(10000,[20,821,988,2059,2494,2589,2944,3406,3614,4506,4687,5133,5725,5891,5922,5935,7102,7979,8004,8392,8411,9256,9462],[4.137164559405029,2.849310271098391,3.914021008090819,2.6902455764687034,5.117993812416755,4.270695952029551,4.137164559405029,4.42484663185681,0.6636465161632473,0.691153161953081,0.691153161953081,3.914021008090819,4.019381523748645,3.7316994512968646,4.270695952029551,4.019381523748645,4.137164559405029,4.270695952029551,4.607168188650764,4.270695952029551,3.5085558999826545,4.137164559405029,0.691153161953081])",1.0
R060,"['environment', 'federal', 'onto', 'enjoy.', 'staff', 'form', 'evidence.', 'painting', 'successful', 'hit', 'night.', 'experts', 'discuss', 'ongoing', 'developments', 'election.']","(10000,[633,1034,2407,3222,3556,3614,4319,4506,4687,5621,5659,6224,6847,8252,9462,9588],[3.7316994512968646,4.42484663185681,4.42484663185681,5.117993812416755,2.7826188965997183,0.6636465161632473,4.270695952029551,0.691153161953081,0.691153161953081,3.914021008090819,4.270695952029551,3.914021008090819,5.117993812416755,4.270695952029551,0.691153161953081,5.523458920524919])",1.0
F085,"['reach', 'since', 'mind', 'over.', 'social', 'movement', 'like', 'population', 'opportunity.', '—', 'shocking', 'claims', 'secret', 'cure', 'surface', 'internet.']","(10000,[503,823,3184,3330,3892,4202,4533,5294,5850,6287,6747,7281,7936,8338,8386,9258],[0.691153161953081,3.914021008090819,2.7508701982851385,4.42484663185681,2.5530444549552183,5.523458920524919,4.830311739964974,4.830311739964974,0.691153161953081,4.270695952029551,2.5530444549552183,0.6832166123573445,0.691153161953081,0.691153161953081,3.8187108282864943,3.7316994512968646])",0.0
F188,"['quickly', 'guess', 'far', 'reveal.', 'foreign', 'tell', 'republican', 'general', 'amount.', 'choose', 'training', 'year', 'population', 'music.', '—', 'shocking', 'claims', 'hoax', 'surface', 'internet.']","(10000,[503,1675,1850,2006,2095,3391,4158,4377,4616,5465,5850,6206,7281,7538,7936,8338,8660,8899,9258,9706],[0.691153161953081,4.830311739964974,4.137164559405029,4.830311739964974,5.523458920524919,3.8187108282864943,3.8187108282864943,2.60568818844064,4.42484663185681,4.607168188650764,0.691153161953081,4.270695952029551,0.6832166123573445,4.42484663185681,0.691153161953081,0.691153161953081,4.019381523748645,4.137164559405029,3.7316994512968646,4.270695952029551])",0.0
F131,"['room', 'country', 'even', 'add.', 'north', 'open', 'budget', 'hospital', 'lead', 'structure', 'civil.', 'development', 'mrs', 'together', 'billion.', '—', 'shocking', 'claims', 'hoax', 'surface', 'internet.']","(10000,[494,503,629,1778,2871,2996,4377,4464,4930,4991,5356,5783,5850,6406,7281,7870,7936,8312,8338,8344,9751],[4.019381523748645,0.691153161953081,5.117993812416755,4.270695952029551,4.137164559405029,3.3262343431887,2.60568818844064,5.523458920524919,4.137164559405029,2.6330871626287546,3.914021008090819,4.019381523748645,0.691153161953081,4.019381523748645,0.6832166123573445,4.137164559405029,0.691153161953081,4.42484663185681,0.691153161953081,4.019381523748645,4.137164559405029])",0.0
R202,"['support', 'fill', 'business', 'course', 'environmental', 'debate', 'project.', 'natural', 'trial', 'step', 'direction', 'actually', 'tonight', 'speech', 'draw.', 'experts', 'discuss', 'ongoing', 'developments', 'public', 'health.']","(10000,[502,1558,1770,3389,3410,3614,3652,3759,4506,4687,4988,5101,5374,6027,6219,6447,8217,8276,8554,9462,9727],[4.42484663185681,4.607168188650764,2.958509563063383,4.42484663185681,4.270695952029551,0.6636465161632473,3.914021008090819,5.523458920524919,0.691153161953081,0.691153161953081,3.914021008090819,5.117993812416755,3.6516567436233283,4.019381523748645,3.0811118851557153,4.019381523748645,4.607168188650764,4.830311739964974,4.019381523748645,0.691153161953081,4.42484663185681])",1.0
F111,"['year', 'notice.', 'head', 'nature', 'really', 'natural', 'free.', '—', 'shocking', 'claims', 'celebrity', 'scandal', 'surface', 'internet.']","(10000,[503,1064,3486,3611,4112,4391,4921,4988,5850,7281,7366,7936,8338,8899],[0.691153161953081,3.914021008090819,2.849310271098391,4.42484663185681,3.914021008090819,4.607168188650764,2.849310271098391,3.914021008090819,0.691153161953081,0.6832166123573445,4.137164559405029,0.691153161953081,0.691153161953081,4.137164559405029])",0.0
R151,"['hotel', 'message', 'customer', 'finish', 'within', 'different', 'address.', 'event', 'sing', 'customer.', 'experts', 'discuss', 'ongoing', 'developments', 'policy.']","(10000,[1259,1413,2663,2715,3614,4506,4687,6451,6578,6683,6714,6944,7728,9462,9817],[3.914021008090819,4.137164559405029,4.42484663185681,4.137164559405029,0.6636465161632473,0.691153161953081,0.691153161953081,3.8187108282864943,4.42484663185681,5.117993812416755,5.523458920524919,2.8154087194227095,4.137164559405029,0.691153161953081,3.7316994512968646])",1.0
F058,"['bit', 'source', 'far', 'different.', 'fund', 'build', 'half', 'check', 'possible.', 'brother', 'remember', 'word', 'enjoy.', 'together', 'especially', 'newspaper', 'big', 'fight', 'american.', '—', 'shocking', 'claims', 'government', 'cover-up', 'surface', 'internet.']","(10000,[291,503,1780,1989,2259,2272,2526,3014,3048,3238,3409,3519,3901,4158,4638,5511,5685,5850,6847,7281,7721,7936,8173,8312,8338,9813],[4.42484663185681,0.691153161953081,4.137164559405029,4.42484663185681,2.8154087194227095,4.42484663185681,4.270695952029551,4.137164559405029,4.270695952029551,3.914021008090819,5.117993812416755,4.270695952029551,3.914021008090819,3.8187108282864943,4.137164559405029,5.117993812416755,4.137164559405029,0.691153161953081,5.117993812416755,0.6832166123573445,4.270695952029551,0.691153161953081,3.3262343431887,4.42484663185681,0.691153161953081,2.997730276216664])",0.0
R164,"['control', 'live', 'movie', 'old.', 'expect', 'detail', 'address', 'least', 'eye', 'standard.', 'experts', 'discuss', 'ongoing', 'developments', 'education.']","(10000,[493,1112,1143,1208,1341,1439,1634,2812,3614,3691,4454,4506,4687,5047,9462],[4.607168188650764,5.523458920524919,4.42484663185681,2.661258039595451,4.137164559405029,4.42484663185681,4.607168188650764,4.830311739964974,0.6636465161632473,4.42484663185681,4.607168188650764,0.691153161953081,0.691153161953081,2.6902455764687034,0.691153161953081])",1.0
F242,"['group', 'require', 'product', 'instead', 'institution.', 'success', 'notice', 'concern', 'factor', 'house.', '—', 'shocking', 'claims', 'celebrity', 'scandal', 'surface', 'internet.']","(10000,[447,503,1525,1968,3486,3756,4527,4921,5850,7180,7281,7766,7936,8338,8449,9561,9828],[4.270695952029551,0.691153161953081,4.42484663185681,4.830311739964974,2.849310271098391,4.42484663185681,4.42484663185681,2.849310271098391,0.691153161953081,4.42484663185681,0.6832166123573445,4.607168188650764,0.691153161953081,0.691153161953081,3.914021008090819,4.137164559405029,3.7316994512968646])",0.0
F064,"['large', 'western', 'discuss', 'people', 'challenge', 'economic.', 'tell', 'building', 'factor.', 'early', 'southern', 'exactly', 'hold', 'example', 'line.', '—', 'shocking', 'claims', 'mind', 'control', 'surface', 'internet.']","(10000,[503,524,1208,1850,2007,2096,2115,2389,3184,3614,3743,4092,4263,5416,5850,5852,5935,7022,7281,7936,8338,9606],[0.691153161953081,3.577548771469606,2.661258039595451,4.137164559405029,5.117993812416755,4.607168188650764,5.117993812416755,4.137164559405029,2.7508701982851385,0.6636465161632473,4.137164559405029,4.830311739964974,4.607168188650764,4.830311739964974,0.691153161953081,4.137164559405029,4.019381523748645,4.42484663185681,0.6832166123573445,0.691153161953081,0.691153161953081,4.270695952029551])",0.0
R228,"['save', 'customer', 'figure', 'heart.', 'operation', 'produce', 'own.', 'experts', 'discuss', 'ongoing', 'developments', 'education.']","(10000,[691,1413,1648,3614,4110,4506,4520,4687,5047,5922,7813,9462],[5.117993812416755,4.137164559405029,4.607168188650764,0.6636465161632473,4.607168188650764,0.691153161953081,4.019381523748645,0.691153161953081,2.6902455764687034,4.270695952029551,5.117993812416755,0.691153161953081])",1.0
R210,"['institution', 'skin', 'realize.', 'medical', 'part', 'area.', 'around', 'face', 'increase', 'cup', 'us', 'probably.', 'experts', 'discuss', 'ongoing', 'developments', 'economic', 'growth.']","(10000,[2710,3059,3243,3614,4034,4105,4506,4687,5415,5833,6197,6660,7963,8268,8740,9034,9144,9462],[4.607168188650764,4.270695952029551,4.270695952029551,0.6636465161632473,4.270695952029551,5.117993812416755,0.691153161953081,0.691153161953081,5.523458920524919,3.8187108282864943,3.6516567436233283,4.137164559405029,4.42484663185681,3.6516567436233283,4.270695952029551,2.8844015909096608,2.7200985396183848,0.691153161953081])",1.0
R156,"['southern', 'hear', 'anyone', 'program', 'talk.', 'throughout', 'pressure', 'compare', 'another', 'hope.', 'experts', 'discuss', 'ongoing', 'developments', 'policy.']","(10000,[573,666,3614,3743,3809,4506,4687,4842,5661,5948,6944,8166,9246,9462,9918],[3.914021008090819,4.42484663185681,0.6636465161632473,4.137164559405029,5.117993812416755,0.691153161953081,0.691153161953081,4.270695952029551,4.607168188650764,4.137164559405029,2.8154087194227095,4.019381523748645,4.137164559405029,0.691153161953081,4.607168188650764])",1.0
R192,"['effect', 'stock', 'college', 'station', 'foreign', 'federal', 'him.', 'around', 'special', 'skin', 'environment', 'police', 'break', 'friend', 'step.', 'air', 'want', 'need', 'house.', 'experts', 'discuss', 'ongoing', 'developments', 'climate', 'change.']","(10000,[88,488,633,668,793,821,1055,2059,2407,2835,3351,3614,3756,3876,4506,4687,5833,6197,6206,6324,6537,7712,8057,8415,9462],[4.137164559405029,4.137164559405029,3.7316994512968646,3.8187108282864943,4.42484663185681,2.849310271098391,4.270695952029551,2.6902455764687034,4.42484663185681,5.117993812416755,5.523458920524919,0.6636465161632473,4.42484663185681,4.137164559405029,0.691153161953081,0.691153161953081,3.8187108282864943,3.6516567436233283,4.270695952029551,5.117993812416755,3.914021008090819,3.8187108282864943,4.137164559405029,3.8187108282864943,0.691153161953081])",1.0
F102,"['yard', 'laugh', 'especially', 'begin', 'go', 'whole', 'sign', 'stand.', 'room', 'officer', 'bring', 'memory', 'area.', 'attorney', 'investment', 'five', 'ball.', '—', 'shocking', 'claims', 'government', 'cover-up', 'surface', 'internet.']","(10000,[424,494,503,627,696,1513,1562,2259,3057,4105,4853,5850,5947,5974,6090,6451,6756,6941,7098,7281,7936,8173,8338,9813],[4.019381523748645,4.019381523748645,0.691153161953081,4.019381523748645,3.8187108282864943,4.607168188650764,4.830311739964974,2.8154087194227095,3.7316994512968646,5.117993812416755,4.42484663185681,0.691153161953081,5.117993812416755,3.6516567436233283,5.117993812416755,3.8187108282864943,3.3262343431887,4.270695952029551,3.8187108282864943,0.6832166123573445,0.691153161953081,3.3262343431887,0.691153161953081,2.997730276216664])",0.0
R237,"['tend', 'serve', 'single', 'big.', 'black', 'top', 'every', 'quality.', 'experts', 'discuss', 'ongoing', 'developments', 'election.']","(10000,[1725,1810,1890,1948,2589,3556,3614,4506,4687,5328,7889,9462,9681],[4.42484663185681,4.607168188650764,5.117993812416755,3.914021008090819,4.270695952029551,2.7826188965997183,0.6636465161632473,0.691153161953081,0.691153161953081,3.6516567436233283,5.117993812416755,0.691153161953081,4.137164559405029])",1.0
F015,"['civil', 'baby', 'hospital', 'pretty', 'check', 'force.', '—', 'shocking', 'claims', 'immortal', 'jellyfish', 'surface', 'internet.']","(10000,[503,593,1348,2066,3901,3919,4930,5850,6291,7281,7936,8338,9876],[0.691153161953081,4.830311739964974,4.019381523748645,2.7508701982851385,3.914021008090819,4.270695952029551,4.137164559405029,0.691153161953081,4.42484663185681,0.6832166123573445,0.691153161953081,0.691153161953081,2.7508701982851385])",0.0
F020,"['guess', 'around', 'mean', 'true', 'professor.', 'movement', 'scientist', 'before.', '—', 'shocking', 'claims', 'celebrity', 'scandal', 'surface', 'internet.']","(10000,[503,909,3180,3486,4921,5294,5850,6197,6226,7188,7281,7696,7936,8338,8660],[0.691153161953081,4.270695952029551,4.830311739964974,2.849310271098391,2.849310271098391,4.830311739964974,0.691153161953081,3.6516567436233283,4.42484663185681,4.270695952029551,0.6832166123573445,4.607168188650764,0.691153161953081,0.691153161953081,4.019381523748645])",0.0
R083,"['little', 'already', 'what.', 'camera', 'hospital', 'buy', 'job', 'window.', 'experts', 'discuss', 'ongoing', 'developments', 'election.']","(10000,[80,557,594,619,1590,1650,3556,3614,4506,4687,4930,8363,9462],[4.137164559405029,4.270695952029551,4.607168188650764,5.523458920524919,4.42484663185681,4.607168188650764,2.7826188965997183,0.6636465161632473,0.691153161953081,0.691153161953081,4.137164559405029,5.117993812416755,0.691153161953081])",1.0
F035,"['become', 'couple', 'site', 'fall', 'thus', 'society', 'case.', 'window', 'either', 'month', 'also', 'few.', 'campaign', 'every', 'size', 'institution.', '—', 'shocking', 'claims', 'hoax', 'surface', 'internet.']","(10000,[327,503,682,2403,3192,3729,3792,4377,5684,5741,5850,5891,6675,6752,7090,7180,7281,7702,7936,8338,9126,9681],[4.270695952029551,0.691153161953081,5.117993812416755,4.019381523748645,4.137164559405029,4.830311739964974,4.830311739964974,2.60568818844064,3.577548771469606,4.270695952029551,0.691153161953081,3.7316994512968646,3.8187108282864943,4.830311739964974,3.914021008090819,4.42484663185681,0.6832166123573445,3.914021008090819,0.691153161953081,0.691153161953081,4.830311739964974,4.137164559405029])",0.0
R082,"['soon', 'smile', 'security', 'bit', 'cell', 'everybody.', 'form', 'start', 'us', 'sense', 'enjoy', 'last', 'lead', 'a.', 'nature', 'resource', 'avoid', 'heavy', 'peace.', 'participant', 'section', 'wonder', 'city', 'perhaps', 'face', 'discover', 'pick.', 'experts', 'discuss', 'ongoing', 'developments', 'budget', 'report.']","(10000,[1041,1259,1388,1670,1805,1989,2634,2713,2806,2996,3210,3611,3614,3989,4034,4170,4506,4687,4723,4944,4991,5344,5356,5396,5432,5447,5495,5621,6660,6968,8389,8949,9462],[4.137164559405029,3.914021008090819,4.137164559405029,3.8187108282864943,3.914021008090819,4.42484663185681,4.137164559405029,3.914021008090819,4.607168188650764,3.3262343431887,4.270695952029551,4.42484663185681,0.6636465161632473,4.137164559405029,4.270695952029551,3.914021008090819,0.691153161953081,0.691153161953081,3.914021008090819,4.830311739964974,2.6330871626287546,5.523458920524919,3.914021008090819,4.019381523748645,2.7508701982851385,3.4440173788450834,3.914021008090819,3.914021008090819,4.137164559405029,4.270695952029551,5.117993812416755,4.42484663185681,0.691153161953081])",1.0
F114,"['black', 'federal', 'matter', 'involve', 'example.', 'become', 'yeah', 'cause', 'question.', '—', 'shocking', 'claims', 'mind', 'control', 'surface', 'internet.']","(10000,[316,503,633,1208,1834,1948,2402,3184,3249,3479,5850,6271,7090,7281,7936,8338],[4.270695952029551,0.691153161953081,3.7316994512968646,2.661258039595451,5.117993812416755,3.914021008090819,4.137164559405029,2.7508701982851385,3.4440173788450834,5.523458920524919,0.691153161953081,3.914021008090819,3.914021008090819,0.6832166123573445,0.691153161953081,0.691153161953081])",0.0
F179,"['arm', 'enjoy', 'notice.', 'paper', 'clear', 'yeah', 'economy.', 'store', 'send', 'data', 'week', 'money', 'series.', '—', 'shocking', 'claims', 'secret', 'cure', 'surface', 'internet.']","(10000,[503,1611,1695,1805,3249,3892,3984,4683,5122,5523,5850,6103,6747,7184,7281,7366,7936,8338,8667,8690],[0.691153161953081,4.607168188650764,4.42484663185681,3.914021008090819,3.4440173788450834,2.5530444549552183,4.42484663185681,5.117993812416755,4.137164559405029,4.019381523748645,0.691153161953081,4.607168188650764,2.5530444549552183,4.270695952029551,0.6832166123573445,4.137164559405029,0.691153161953081,0.691153161953081,5.523458920524919,4.137164559405029])",0.0
F026,"['near', 'statement', 'order', 'even', 'clearly', 'feel', 'east.', 'air', 'believe', 'put', 'defense', 'student', 'assume', 'daughter.', 'program', 'assume', 'ready', 'argue', 'realize.', 'society', 'unit', 'billion', 'resource', 'top', 'around', 'happy.', '—', 'shocking', 'claims', 'celebrity', 'scandal', 'surface', 'internet.']","(10000,[88,258,327,503,533,573,1167,1226,1670,2664,2710,2956,3115,3486,3536,3543,3730,4921,5328,5850,5974,6197,6335,6406,6557,6836,7281,7936,8238,8338,8871,9817],[4.137164559405029,3.6516567436233283,4.270695952029551,0.691153161953081,4.137164559405029,3.914021008090819,5.117993812416755,3.914021008090819,3.8187108282864943,7.828042016181638,4.607168188650764,4.607168188650764,3.8187108282864943,2.849310271098391,4.019381523748645,4.42484663185681,4.830311739964974,2.849310271098391,3.6516567436233283,0.691153161953081,3.6516567436233283,3.6516567436233283,4.137164559405029,4.019381523748645,3.6516567436233283,5.117993812416755,0.6832166123573445,0.691153161953081,4.830311739964974,0.691153161953081,4.42484663185681,3.7316994512968646])",0.0
R217,"['building', 'become', 'model', 'parent', 'say', 'many.', 'wish', 'save', 'level', 'become.', 'experts', 'discuss', 'ongoing', 'developments', 'election.']","(10000,[495,1499,2846,3556,3614,4506,4520,4687,5852,5862,7090,7102,9462,9714,9932],[4.42484663185681,3.8187108282864943,5.523458920524919,2.7826188965997183,0.6636465161632473,0.691153161953081,4.019381523748645,0.691153161953081,4.137164559405029,4.607168188650764,3.914021008090819,4.137164559405029,0.691153161953081,4.607168188650764,3.8187108282864943])",1.0
F009,"['heart', 'former', 'player.', 'total', 'ask', 'cell', 'sense', 'attack', 'strategy.', 'simple', 'southern', 'size', 'article', 'recently', 'high.', '—', 'shocking', 'claims', 'celebrity', 'scandal', 'surface', 'internet.']","(10000,[503,1702,2034,2263,2913,3192,3210,3486,3507,3743,4160,4921,5447,5693,5850,6279,7281,7516,7936,8094,8338,9808],[0.691153161953081,4.137164559405029,4.270695952029551,4.607168188650764,3.577548771469606,4.137164559405029,4.270695952029551,2.849310271098391,3.7316994512968646,4.137164559405029,4.607168188650764,2.849310271098391,3.4440173788450834,4.607168188650764,0.691153161953081,4.42484663185681,0.6832166123573445,5.117993812416755,0.691153161953081,4.270695952029551,0.691153161953081,3.914021008090819])",0.0
F240,"['hundred', 'peace', 'soon', 'list', 'city.', 'land', 'third', 'thing', 'southern', 'view', 'read.', 'less', 'leader', 'experience', 'sure', 'song', 'safe.', '—', 'shocking', 'claims', 'aliens', 'surface', 'internet.']","(10000,[206,503,650,1041,1195,1526,1821,2091,3635,3743,3857,5175,5850,6697,7148,7281,7293,7350,7936,8338,8728,8771,9459],[5.523458920524919,0.691153161953081,2.958509563063383,4.137164559405029,4.019381523748645,3.914021008090819,4.019381523748645,4.830311739964974,4.019381523748645,4.137164559405029,4.607168188650764,4.137164559405029,0.691153161953081,4.137164559405029,4.42484663185681,0.6832166123573445,4.42484663185681,4.270695952029551,0.691153161953081,0.691153161953081,4.019381523748645,4.270695952029551,5.523458920524919])",0.0
R216,"['investment', 'claim', 'require', 'grow.', 'senior', 'sometimes', 'window', 'difference', 'scene.', 'experts', 'discuss', 'ongoing', 'developments', 'research.']","(10000,[1562,2403,3614,4144,4506,4687,5869,7066,7866,8094,8449,8937,9372,9462],[4.830311739964974,4.019381523748645,0.6636465161632473,3.914021008090819,0.691153161953081,0.691153161953081,4.607168188650764,2.849310271098391,3.914021008090819,4.270695952029551,3.914021008090819,3.914021008090819,4.270695952029551,0.691153161953081])",1.0
F129,"['less', 'less', 'rule', 'draw', 'article.', 'color', 'father', 'party', 'series', 'hour.', '—', 'shocking', 'claims', 'flat', 'earth', 'surface', 'internet.']","(10000,[343,503,1195,1379,1800,2918,4463,5850,6340,7281,7825,7936,8167,8338,9676,9832],[4.270695952029551,0.691153161953081,8.03876304749729,5.117993812416755,4.42484663185681,3.0385522707369192,3.6516567436233283,0.691153161953081,4.830311739964974,0.6832166123573445,4.830311739964974,0.691153161953081,4.270695952029551,0.691153161953081,3.0385522707369192,3.914021008090819])",0.0
R197,"['best', 'lot', 'whole', 'next.', 'recently', 'goal', 'wonder', 'toward.', 'experts', 'discuss', 'ongoing', 'developments', 'education.']","(10000,[627,763,2034,3614,4506,4531,4687,4723,4943,5047,5089,5844,9462],[4.019381523748645,4.137164559405029,4.270695952029551,0.6636465161632473,0.691153161953081,4.270695952029551,0.691153161953081,3.914021008090819,4.270695952029551,2.6902455764687034,4.019381523748645,4.607168188650764,0.691153161953081])",1.0
F142,"['long', 'smile', 'woman', 'ball', 'black', 'realize.', 'sure', 'hold', 'heart', 'pressure', 'contain', 'mention.', 'science', 'drug', 'population', 'thank', 'small.', '—', 'shocking', 'claims', 'government', 'cover-up', 'surface', 'internet.']","(10000,[503,1073,1687,1821,1948,2259,2389,2710,2713,3363,3445,4563,5661,5850,7281,7492,7493,7860,7936,8338,8904,9258,9808,9813],[0.691153161953081,3.914021008090819,4.607168188650764,4.019381523748645,3.914021008090819,2.8154087194227095,4.137164559405029,4.607168188650764,3.914021008090819,3.8187108282864943,5.523458920524919,4.607168188650764,4.607168188650764,0.691153161953081,0.6832166123573445,4.42484663185681,4.019381523748645,2.920769235080536,0.691153161953081,0.691153161953081,4.270695952029551,3.7316994512968646,3.914021008090819,2.997730276216664])",0.0
R140,"['fast', 'kitchen', 'popular', 'call', 'low', 'action.', 'use', 'race', 'yet.', 'similar', 'score', 'word', 'reach', 'sort', 'present', 'sea', 'without.', 'experts', 'discuss', 'ongoing', 'developments', 'climate', 'change.']","(10000,[454,756,821,1927,2059,3519,3614,3804,3882,4506,4687,5133,5146,5720,6148,7046,8130,8386,8411,9213,9263,9462,9617],[3.5085558999826545,4.270695952029551,2.849310271098391,4.607168188650764,2.6902455764687034,4.270695952029551,0.6636465161632473,4.830311739964974,4.830311739964974,0.691153161953081,0.691153161953081,3.914021008090819,4.019381523748645,4.137164559405029,4.019381523748645,4.607168188650764,4.019381523748645,3.8187108282864943,3.5085558999826545,4.830311739964974,4.270695952029551,0.691153161953081,3.8187108282864943])",1.0
R165,"['officer', 'staff', 'to.', 'foreign', 'thank', 'same.', 'wide', 'modern', 'parent', 'most.', 'lot', 'future', 'experience.', 'experts', 'discuss', 'ongoing', 'developments', 'budget', 'report.']","(10000,[474,696,1599,1687,2072,2336,2836,3614,4506,4687,4943,4991,5432,6206,6224,6488,9413,9462,9932],[5.523458920524919,3.8187108282864943,4.830311739964974,4.607168188650764,4.830311739964974,3.914021008090819,4.607168188650764,0.6636465161632473,0.691153161953081,0.691153161953081,4.270695952029551,2.6330871626287546,2.7508701982851385,4.270695952029551,3.914021008090819,3.914021008090819,5.523458920524919,0.691153161953081,3.8187108282864943])",1.0
R139,"['forget', 'security', 'expect', 'join', 'ago', 'record.', 'send', 'job', 'prepare', 'always', 'economy', 'simple', 'upon.', 'physical', 'loss', 'treat', 'professional.', 'north', 'hour', 'series', 'response.', 'experts', 'discuss', 'ongoing', 'developments', 'education.']","(10000,[217,527,557,924,1778,1868,1896,2286,2634,2913,3614,3691,4463,4506,4687,5047,5087,5329,5523,7146,7691,8649,8750,8952,9011,9462],[3.7316994512968646,3.914021008090819,4.270695952029551,4.830311739964974,4.270695952029551,5.117993812416755,4.137164559405029,4.137164559405029,4.137164559405029,3.577548771469606,0.6636465161632473,4.42484663185681,3.6516567436233283,0.691153161953081,0.691153161953081,2.6902455764687034,5.117993812416755,4.830311739964974,4.019381523748645,4.270695952029551,5.117993812416755,4.270695952029551,4.270695952029551,3.914021008090819,4.830311739964974,0.691153161953081])",1.0
F232,"['behind', 'new', 'already', 'five', 'war', 'manage.', 'toward', 'require', 'television', 'find', 'plant', 'everybody', 'people.', '—', 'shocking', 'claims', 'hoax', 'surface', 'internet.']","(10000,[503,585,594,2483,2561,3166,3194,4346,4377,5850,5974,7244,7281,7510,7936,8338,8449,8713,8719],[0.691153161953081,4.270695952029551,4.607168188650764,5.523458920524919,3.914021008090819,5.117993812416755,4.42484663185681,4.42484663185681,2.60568818844064,0.691153161953081,3.6516567436233283,3.4440173788450834,0.6832166123573445,3.7316994512968646,0.691153161953081,0.691153161953081,3.914021008090819,3.7316994512968646,4.137164559405029])",0.0
F108,"['door', 'court', 'house', 'animal', 'policy', 'event', 'perhaps.', 'summer', 'family', 'eye', 'those.', 'ten', 'difficult', 'cultural', 'believe', 'cover.', '—', 'shocking', 'claims', 'celebrity', 'scandal', 'surface', 'internet.']","(10000,[503,533,1341,1657,1712,3486,4142,4568,4847,4921,5085,5441,5836,5850,7281,7360,7728,7936,8297,8338,8867,9233,9481],[0.691153161953081,4.137164559405029,4.137164559405029,4.830311739964974,4.019381523748645,2.849310271098391,5.117993812416755,3.6516567436233283,4.830311739964974,2.849310271098391,4.019381523748645,5.117993812416755,4.270695952029551,0.691153161953081,0.6832166123573445,4.019381523748645,4.137164559405029,0.691153161953081,3.8187108282864943,0.691153161953081,5.117993812416755,4.607168188650764,4.137164559405029])",0.0
F167,"['girl', 'republican', 'see', 'suggest', 'serious', 'late', 'safe.', 'type', 'question', 'wall.', '—', 'shocking', 'claims', 'celebrity', 'scandal', 'surface', 'internet.']","(10000,[503,1029,1117,2091,2947,3072,3079,3486,3526,4616,4921,5354,5850,7281,7816,7936,8338],[0.691153161953081,4.019381523748645,4.019381523748645,4.830311739964974,4.607168188650764,5.117993812416755,4.42484663185681,2.849310271098391,4.270695952029551,4.42484663185681,2.849310271098391,3.914021008090819,0.691153161953081,0.6832166123573445,4.270695952029551,0.691153161953081,0.691153161953081])",0.0
R242,"['education', 'sea', 'strong', 'put', 'enter', 'stand.', 'peace', 'child', 'stop', 'store', 'campaign', 'green.', 'experts', 'discuss', 'ongoing', 'developments', 'research.']","(10000,[796,3614,4506,4687,5530,6090,6355,6675,6697,7016,7066,7184,7244,7435,8871,9462,9617],[4.270695952029551,0.6636465161632473,0.691153161953081,0.691153161953081,4.270695952029551,5.117993812416755,4.137164559405029,3.8187108282864943,4.137164559405029,5.523458920524919,2.849310271098391,4.270695952029551,3.4440173788450834,4.137164559405029,4.42484663185681,0.691153161953081,3.8187108282864943])",1.0
F133,"['head', 'though', 'hope', 'price', 'animal.', 'customer', 'science', 'audience', 'fire', 'our.', 'even', 'election', 'control', 'expect.', '—', 'shocking', 'claims', 'immortal', 'jellyfish', 'surface', 'internet.']","(10000,[132,503,1064,1208,1312,1413,1738,2066,3363,3385,5191,5850,6000,6406,7281,7721,7936,8219,8338,9621,9876],[4.607168188650764,0.691153161953081,3.914021008090819,2.661258039595451,4.137164559405029,4.137164559405029,4.42484663185681,2.7508701982851385,3.8187108282864943,3.7316994512968646,4.270695952029551,0.691153161953081,3.914021008090819,4.019381523748645,0.6832166123573445,4.270695952029551,0.691153161953081,4.607168188650764,0.691153161953081,5.523458920524919,2.7508701982851385])",0.0
F025,"['hope', 'pay', 'goal', 'line.', 'environmental', 'medical', 'election.', '—', 'shocking', 'claims', 'flat', 'earth', 'surface', 'internet.']","(10000,[503,2115,2918,3556,4897,5089,5850,6000,6027,7281,7936,8268,8338,9676],[0.691153161953081,5.117993812416755,3.0385522707369192,2.7826188965997183,5.117993812416755,4.019381523748645,0.691153161953081,3.914021008090819,4.019381523748645,0.6832166123573445,0.691153161953081,3.6516567436233283,0.691153161953081,3.0385522707369192])",0.0
F093,"['foreign', 'rule', 'human', 'according', 'hit', 'bit.', '—', 'shocking', 'claims', 'immortal', 'jellyfish', 'surface', 'internet.']","(10000,[343,503,1595,2066,5850,6206,7281,7564,7936,8252,8303,8338,9876],[4.270695952029551,0.691153161953081,4.830311739964974,2.7508701982851385,0.691153161953081,4.270695952029551,0.6832166123573445,4.270695952029551,0.691153161953081,4.270695952029551,4.830311739964974,0.691153161953081,2.7508701982851385])",0.0
F236,"['contain', 'mouth', 'free', 'change', 'car.', 'whole', 'wait', 'food', 'baby', 'during.', 'well', 'along', 'window', 'break', 'audience.', '—', 'shocking', 'claims', 'government', 'cover-up', 'surface', 'internet.']","(10000,[157,387,503,627,668,1073,1348,2259,2403,2840,3177,5477,5850,7098,7281,7493,7497,7936,8290,8338,8653,9813],[3.5085558999826545,3.8187108282864943,0.691153161953081,4.019381523748645,3.8187108282864943,3.914021008090819,4.019381523748645,2.8154087194227095,4.019381523748645,4.019381523748645,4.607168188650764,5.117993812416755,0.691153161953081,3.8187108282864943,0.6832166123573445,4.019381523748645,4.137164559405029,0.691153161953081,4.830311739964974,0.691153161953081,4.137164559405029,2.997730276216664])",0.0
F069,"['figure', 'choice', 'anything', 'prepare', 'director.', 'worry', 'throughout', 'item', 'arrive', 'receive', 'cup', 'safe.', '—', 'shocking', 'claims', 'flat', 'earth', 'surface', 'internet.']","(10000,[503,1916,2091,2114,2286,2918,3059,4110,4617,5850,5948,6053,7281,7391,7936,8338,8343,8408,9676],[0.691153161953081,3.7316994512968646,4.830311739964974,4.270695952029551,4.137164559405029,3.0385522707369192,4.270695952029551,4.607168188650764,4.42484663185681,0.691153161953081,4.137164559405029,3.7316994512968646,0.6832166123573445,3.8187108282864943,0.691153161953081,0.691153161953081,3.7316994512968646,5.117993812416755,3.0385522707369192])",0.0
F219,"['rate', 'less', 'rich', 'near.', 'item', 'training', 'make', 'especially', 'road', 'machine', 'man.', 'since', 'mr', 'edge', 'participant', 'course', 'magazine', 'sense', 'way.', '—', 'shocking', 'claims', 'flat', 'earth', 'surface', 'internet.']","(10000,[253,503,1195,1916,2647,2918,3525,3652,3921,4046,4639,5396,5447,5725,5850,6212,6287,6817,7281,7538,7936,8040,8173,8338,8413,9676],[3.7316994512968646,0.691153161953081,4.019381523748645,3.7316994512968646,4.607168188650764,3.0385522707369192,4.019381523748645,3.914021008090819,5.117993812416755,4.830311739964974,5.117993812416755,4.019381523748645,3.4440173788450834,4.019381523748645,0.691153161953081,4.42484663185681,4.270695952029551,5.117993812416755,0.6832166123573445,4.42484663185681,0.691153161953081,4.137164559405029,3.3262343431887,0.691153161953081,3.6516567436233283,3.0385522707369192])",0.0
R079,"['product', 'suffer', 'born.', 'car', 'establish', 'news', 'fine', 'sound.', 'head', 'buy.', 'experts', 'discuss', 'ongoing', 'developments', 'election.']","(10000,[447,526,1064,2433,2923,3286,3556,3614,3674,4506,4687,5401,6135,6431,9462],[4.270695952029551,5.523458920524919,3.914021008090819,4.42484663185681,4.019381523748645,5.523458920524919,2.7826188965997183,0.6636465161632473,3.5085558999826545,0.691153161953081,0.691153161953081,4.019381523748645,4.607168188650764,4.607168188650764,0.691153161953081])",1.0
F042,"['standard', 'store', 'though', 'offer', 'research', 'system', 'bag.', 'town', 'gas', 'fire', 'game', 'tree', 'hand.', 'goal', 'medical', 'magazine', 'but.', '—', 'shocking', 'claims', 'hoax', 'surface', 'internet.']","(10000,[503,2958,2967,3385,3996,4377,4715,5089,5191,5607,5850,5871,5891,7184,7281,7936,8268,8338,8413,8927,8975,9432,9878],[0.691153161953081,4.607168188650764,4.607168188650764,3.7316994512968646,4.830311739964974,2.60568818844064,4.019381523748645,4.019381523748645,4.270695952029551,4.830311739964974,0.691153161953081,4.137164559405029,3.7316994512968646,4.270695952029551,0.6832166123573445,0.691153161953081,3.6516567436233283,0.691153161953081,3.6516567436233283,5.117993812416755,4.607168188650764,4.270695952029551,5.117993812416755])",0.0
R154,"['assume', 'maybe', 'rule', 'tend', 'in.', 'speak', 'executive', 'business', 'actually.', 'color', 'result', 'campaign', 'example', 'whatever.', 'experts', 'discuss', 'ongoing', 'developments', 'budget', 'report.']","(10000,[343,399,1553,1810,1936,2664,3614,3888,4506,4687,4732,4818,4991,5374,5432,6675,9462,9606,9832,9966],[4.270695952029551,4.270695952029551,5.117993812416755,4.607168188650764,4.830311739964974,3.914021008090819,0.6636465161632473,5.523458920524919,0.691153161953081,0.691153161953081,4.137164559405029,4.830311739964974,2.6330871626287546,3.6516567436233283,2.7508701982851385,3.8187108282864943,0.691153161953081,4.270695952029551,3.914021008090819,4.607168188650764])",1.0
R089,"['girl', 'certain', 'adult.', 'law', 'thousand', 'experience', 'role', 'appear.', 'newspaper', 'family', 'range', 'crime', 'loss', 'baby.', 'experts', 'discuss', 'ongoing', 'developments', 'public', 'health.']","(10000,[165,731,1029,1770,1952,3238,3350,3614,3635,3979,4506,4687,5329,6219,6798,7904,8297,9288,9367,9462],[4.137164559405029,4.019381523748645,4.019381523748645,2.958509563063383,5.523458920524919,3.914021008090819,3.7316994512968646,0.6636465161632473,4.019381523748645,4.607168188650764,0.691153161953081,0.691153161953081,4.830311739964974,3.0811118851557153,4.607168188650764,5.117993812416755,3.8187108282864943,4.607168188650764,3.8187108282864943,0.691153161953081])",1.0
R038,"['actually', 'truth', 'lead', 'toward.', 'order', 'local', 'during.', 'music', 'rock', 'dream', 'candidate', 'resource', 'send', 'television.', 'experts', 'discuss', 'ongoing', 'developments', 'public', 'health.']","(10000,[228,574,1226,1365,1670,1770,2069,2366,3614,4358,4506,4531,4687,5356,5523,6219,6370,6447,7098,9462],[4.607168188650764,3.7316994512968646,3.914021008090819,5.523458920524919,3.8187108282864943,2.958509563063383,4.607168188650764,4.270695952029551,0.6636465161632473,4.607168188650764,0.691153161953081,4.270695952029551,0.691153161953081,3.914021008090819,4.019381523748645,3.0811118851557153,4.42484663185681,4.019381523748645,3.8187108282864943,0.691153161953081])",1.0
R053,"['newspaper', 'foreign', 'live', 'skill.', 'experts', 'discuss', 'ongoing', 'developments', 'economic', 'growth.']","(10000,[493,3238,3614,4506,4687,6206,6241,9034,9144,9462],[4.607168188650764,3.914021008090819,0.6636465161632473,0.691153161953081,0.691153161953081,4.270695952029551,4.270695952029551,2.8844015909096608,2.7200985396183848,0.691153161953081])",1.0
F201,"['training', 'catch', 'cut', 'color', 'avoid', 'group.', 'brother', 'within', 'southern', 'relationship', 'teach', 'crime.', '—', 'shocking', 'claims', 'hoax', 'surface', 'internet.']","(10000,[278,291,503,1206,1388,3743,4260,4377,5850,7268,7281,7538,7936,7949,8338,8522,9817,9832],[4.607168188650764,4.42484663185681,0.691153161953081,4.270695952029551,4.137164559405029,4.137164559405029,4.137164559405029,2.60568818844064,0.691153161953081,5.523458920524919,0.6832166123573445,4.42484663185681,0.691153161953081,4.270695952029551,0.691153161953081,4.137164559405029,3.7316994512968646,3.914021008090819])",0.0
F013,"['soldier', 'billion', 'long', 'life.', 'specific', 'article', 'program', 'view.', 'production', 'book', 'worry', 'course', 'woman.', '—', 'shocking', 'claims', 'secret', 'cure', 'surface', 'internet.']","(10000,[258,393,503,573,1278,1702,2059,3652,3892,4141,5535,5850,5972,6747,7281,7936,8338,8343,8353,8904],[3.6516567436233283,4.830311739964974,0.691153161953081,3.914021008090819,5.117993812416755,4.137164559405029,2.6902455764687034,3.914021008090819,2.5530444549552183,4.42484663185681,5.117993812416755,0.691153161953081,5.117993812416755,2.5530444549552183,0.6832166123573445,0.691153161953081,0.691153161953081,3.7316994512968646,3.8187108282864943,4.270695952029551])",0.0
R023,"['economy', 'cost', 'agent', 'eye.', 'cultural', 'room', 'never', 'strong', 'order', 'particular.', 'stage', 'subject', 'offer', 'place', 'history.', 'experts', 'discuss', 'ongoing', 'developments', 'policy.']","(10000,[30,217,281,494,1226,2600,2958,3614,4490,4506,4687,5016,6355,6390,6944,7424,8633,8655,9233,9462],[4.270695952029551,3.7316994512968646,4.270695952029551,4.019381523748645,3.914021008090819,5.117993812416755,4.607168188650764,0.6636465161632473,4.137164559405029,0.691153161953081,0.691153161953081,4.830311739964974,4.137164559405029,3.7316994512968646,2.8154087194227095,5.523458920524919,5.523458920524919,4.830311739964974,4.607168188650764,0.691153161953081])",1.0
R068,"['seem', 'player', 'meeting', 'if.', 'major', 'senior', 'adult', 'program', 'that.', 'experts', 'discuss', 'ongoing', 'developments', 'technology', 'breakthrough.']","(10000,[20,72,573,1020,1058,2227,2588,3614,4144,4506,4687,6259,6508,6604,9462],[4.137164559405029,4.270695952029551,3.914021008090819,2.5530444549552183,3.914021008090819,2.7200985396183848,4.270695952029551,0.6636465161632473,3.914021008090819,0.691153161953081,0.691153161953081,5.523458920524919,5.117993812416755,3.8187108282864943,0.691153161953081])",1.0
F065,"['reason', 'newspaper', 'history', 'position', 'break', 'simply', 'always.', 'four', 'series', 'upon', 'security', 'example', 'clear', 'why.', 'local', 'security', 'food', 'try', 'record', 'whom.', '—', 'shocking', 'claims', 'hoax', 'surface', 'internet.']","(10000,[228,503,668,735,1243,1339,1611,1642,2634,2944,3238,4347,4377,4463,4693,5850,6543,6735,6740,6816,7281,7936,8338,8653,9606],[4.607168188650764,0.691153161953081,3.8187108282864943,4.019381523748645,3.7316994512968646,4.42484663185681,4.607168188650764,4.270695952029551,8.274329118810059,4.137164559405029,3.914021008090819,4.42484663185681,2.60568818844064,3.6516567436233283,4.019381523748645,0.691153161953081,5.117993812416755,4.270695952029551,5.523458920524919,4.830311739964974,0.6832166123573445,0.691153161953081,0.691153161953081,4.137164559405029,4.270695952029551])",0.0
F239,"['card', 'next', 'power', 'beat', 'college', 'international', 'save', 'west.', 'baby', 'kid.', 'bag', 'hold', 'range', 'work', 'yourself.', '—', 'shocking', 'claims', 'celebrity', 'scandal', 'surface', 'internet.']","(10000,[165,188,415,503,856,1348,2144,2389,2569,3056,3486,4520,4921,5850,5987,7281,7321,7936,8057,8273,8338,9527],[4.137164559405029,4.607168188650764,4.270695952029551,0.691153161953081,4.830311739964974,4.019381523748645,4.019381523748645,4.137164559405029,3.8187108282864943,4.270695952029551,2.849310271098391,4.019381523748645,2.849310271098391,0.691153161953081,5.523458920524919,0.6832166123573445,5.117993812416755,0.691153161953081,4.137164559405029,4.270695952029551,0.691153161953081,4.607168188650764])",0.0
F084,"['dream', 'also', 'catch', 'recent', 'later', 'eight.', 'listen', 'power', 'challenge.', 'attention', 'improve', 'worry', 'right', 'rise', 'area', 'price.', '—', 'shocking', 'claims', 'miracle', 'drug', 'surface', 'internet.']","(10000,[26,429,460,503,560,1256,1790,2366,2408,3056,3144,3792,4816,5591,5649,5850,7281,7860,7936,7949,8172,8338,8343],[5.523458920524919,4.42484663185681,5.117993812416755,0.691153161953081,4.607168188650764,3.125563647726549,4.137164559405029,4.270695952029551,4.42484663185681,4.270695952029551,4.830311739964974,4.830311739964974,3.7316994512968646,4.830311739964974,4.137164559405029,0.691153161953081,0.6832166123573445,2.920769235080536,0.691153161953081,4.270695952029551,4.830311739964974,0.691153161953081,3.7316994512968646])",0.0
R120,"['discussion', 'player', 'thousand', 'nearly', 'born', 'material.', 'none', 'car', 'table', 'item', 'different.', 'environmental', 'low', 'study', 'least', 'black', 'foreign.', 'experts', 'discuss', 'ongoing', 'developments', 'election.']","(10000,[1634,1916,1948,2866,3409,3556,3614,3674,3822,3931,4224,4506,4687,5315,5616,6027,6604,6798,8411,9462,9545,9831],[4.607168188650764,3.7316994512968646,3.914021008090819,4.607168188650764,5.117993812416755,2.7826188965997183,0.6636465161632473,3.5085558999826545,5.117993812416755,3.4440173788450834,4.830311739964974,0.691153161953081,0.691153161953081,3.8187108282864943,4.42484663185681,4.019381523748645,3.8187108282864943,4.607168188650764,3.5085558999826545,0.691153161953081,4.42484663185681,4.607168188650764])",1.0
F207,"['economic', 'many', 'week', 'physical', 'human', 'market.', 'exist', 'risk', 'four', 'claim', 'public', 'meeting', 'card.', '—', 'shocking', 'claims', 'government', 'cover-up', 'surface', 'internet.']","(10000,[20,503,1243,1770,2092,2259,5122,5188,5850,6602,7281,7936,8303,8338,8353,8649,8794,8937,9144,9813],[4.137164559405029,0.691153161953081,3.7316994512968646,2.958509563063383,5.117993812416755,2.8154087194227095,4.137164559405029,4.42484663185681,0.691153161953081,4.270695952029551,0.6832166123573445,0.691153161953081,4.830311739964974,0.691153161953081,3.8187108282864943,4.270695952029551,4.137164559405029,3.914021008090819,2.7200985396183848,2.997730276216664])",0.0
R158,"['become', 'pick', 'plant', 'fast', 'wife.', 'country', 'war', 'knowledge', 'role', 'drop', 'blue.', 'challenge', 'image', 'crime', 'sister', 'manage', 'toward.', 'experts', 'discuss', 'ongoing', 'developments', 'economic', 'growth.']","(10000,[731,2722,3350,3521,3614,4506,4531,4687,5303,5399,5935,7090,7244,7372,7864,7870,7883,8577,8719,9034,9144,9263,9462],[4.019381523748645,5.117993812416755,3.7316994512968646,4.019381523748645,0.6636465161632473,0.691153161953081,4.270695952029551,0.691153161953081,4.137164559405029,5.523458920524919,4.019381523748645,3.914021008090819,3.4440173788450834,4.270695952029551,3.6516567436233283,4.137164559405029,4.607168188650764,4.607168188650764,4.137164559405029,2.8844015909096608,2.7200985396183848,4.270695952029551,0.691153161953081])",1.0
R097,"['finally', 'owner', 'hour', 'step', 'consider', 'wait.', 'soon', 'item', 'threat', 'force.', 'experts', 'discuss', 'ongoing', 'developments', 'technology', 'breakthrough.']","(10000,[312,527,1020,1041,1558,1817,1916,2227,3614,4506,4687,6053,6063,6291,8070,9462],[4.42484663185681,3.914021008090819,2.5530444549552183,4.137164559405029,4.607168188650764,4.42484663185681,3.7316994512968646,2.7200985396183848,0.6636465161632473,0.691153161953081,0.691153161953081,3.7316994512968646,5.523458920524919,4.42484663185681,3.8187108282864943,0.691153161953081])",1.0
R092,"['image', 'heavy.', 'experts', 'discuss', 'ongoing', 'developments', 'technology', 'breakthrough.']","(10000,[1020,1411,2227,3614,4506,4687,5303,9462],[2.5530444549552183,5.117993812416755,2.7200985396183848,0.6636465161632473,0.691153161953081,0.691153161953081,4.137164559405029,0.691153161953081])",1.0
F172,"['never', 'specific', 'win', 'economy', 'group', 'decade.', 'first', 'reveal', 'parent', 'provide', 'affect.', 'ten', 'enough', 'hotel', 'law', 'south', 'establish.', '—', 'shocking', 'claims', 'hoax', 'surface', 'internet.']","(10000,[217,281,503,997,1507,2059,2398,2663,3979,4377,4748,4816,5085,5692,5739,5850,5946,6403,7281,7766,7936,8338,9932],[3.7316994512968646,4.270695952029551,0.691153161953081,5.523458920524919,5.117993812416755,2.6902455764687034,4.607168188650764,4.42484663185681,4.607168188650764,2.60568818844064,4.830311739964974,3.7316994512968646,4.019381523748645,5.117993812416755,4.42484663185681,0.691153161953081,4.42484663185681,4.137164559405029,0.6832166123573445,4.607168188650764,0.691153161953081,0.691153161953081,3.8187108282864943])",0.0
R182,"['level', 'enter', 'wrong', 'simply', 'free', 'however.', 'experts', 'discuss', 'ongoing', 'developments', 'economic', 'growth.']","(10000,[1073,1499,1642,3614,4506,4687,6512,7435,9034,9144,9261,9462],[3.914021008090819,3.8187108282864943,4.270695952029551,0.6636465161632473,0.691153161953081,0.691153161953081,4.270695952029551,4.137164559405029,2.8844015909096608,2.7200985396183848,4.830311739964974,0.691153161953081])",1.0
F014,"['one', 'month', 'receive', 'chance', 'benefit', 'break', 'author.', 'computer', 'space', 'night', 'bag', 'property', 'soon.', 'consider', 'stage', 'fly', 'green', 'finally', 'partner.', '—', 'shocking', 'claims', 'secret', 'cure', 'surface', 'internet.']","(10000,[30,312,346,373,415,503,551,668,815,1817,2733,3892,4590,4617,5635,5653,5741,5850,5944,6747,6869,7281,7936,8151,8338,9188],[4.270695952029551,4.42484663185681,4.42484663185681,5.523458920524919,4.270695952029551,0.691153161953081,4.607168188650764,3.8187108282864943,3.914021008090819,4.42484663185681,4.830311739964974,2.5530444549552183,5.523458920524919,4.42484663185681,4.830311739964974,5.117993812416755,4.270695952029551,0.691153161953081,4.607168188650764,2.5530444549552183,4.019381523748645,0.6832166123573445,0.691153161953081,4.270695952029551,0.691153161953081,4.830311739964974])",0.0
R230,"['whole', 'possible', 'occur', 'religious', 'suddenly.', 'industry', 'way', 'forget.', 'seek', 'alone', 'car', 'arrive', 'certainly.', 'economic', 'matter', 'wrong', 'voice.', 'experts', 'discuss', 'ongoing', 'developments', 'election.']","(10000,[171,217,497,627,1921,2041,2402,2492,3010,3556,3614,3674,4293,4506,4687,6100,6512,7019,7391,9144,9391,9462],[4.137164559405029,3.7316994512968646,4.830311739964974,4.019381523748645,3.914021008090819,5.117993812416755,4.137164559405029,4.137164559405029,4.137164559405029,2.7826188965997183,0.6636465161632473,3.5085558999826545,4.137164559405029,0.691153161953081,0.691153161953081,4.137164559405029,4.270695952029551,4.607168188650764,3.8187108282864943,2.7200985396183848,3.914021008090819,0.691153161953081])",1.0
F223,"['third', 'nothing', 'continue', 'college', 'factor', 'everything.', 'note', 'eat', 'nature', 'old', 'concern', 'coach', 'check.', 'exist', 'rise', 'indicate.', '—', 'shocking', 'claims', 'government', 'cover-up', 'surface', 'internet.']","(10000,[503,743,1968,2259,3514,3611,4292,4442,4528,4816,5850,6602,7083,7276,7281,7936,8057,8338,8771,9394,9561,9813,9909],[0.691153161953081,3.914021008090819,4.830311739964974,2.8154087194227095,4.42484663185681,4.42484663185681,4.137164559405029,4.830311739964974,4.830311739964974,3.7316994512968646,0.691153161953081,4.270695952029551,4.137164559405029,4.42484663185681,0.6832166123573445,0.691153161953081,4.137164559405029,0.691153161953081,4.270695952029551,4.830311739964974,4.137164559405029,2.997730276216664,4.019381523748645])",0.0
R221,"['serious', 'response', 'product.', 'none', 'else', 'call', 'economy', 'interest', 'must', 'court', 'rate.', 'tough', 'whole', 'make', 'nothing', 'employee', 'run', 'attorney.', 'experts', 'discuss', 'ongoing', 'developments', 'policy.']","(10000,[70,217,266,627,1023,1117,1637,2445,3525,3614,4102,4270,4292,4506,4568,4687,5034,5146,5447,6548,6944,9462,9831],[3.6516567436233283,3.7316994512968646,4.019381523748645,4.019381523748645,4.42484663185681,4.019381523748645,4.019381523748645,4.270695952029551,4.019381523748645,0.6636465161632473,5.523458920524919,4.42484663185681,4.137164559405029,0.691153161953081,3.6516567436233283,0.691153161953081,4.019381523748645,4.019381523748645,3.4440173788450834,4.607168188650764,2.8154087194227095,0.691153161953081,4.607168188650764])",1.0
R173,"['knowledge', 'firm', 'eight', 'campaign', 'probably', 'improve', 'product.', 'identify', 'per', 'night', 'soon.', 'television', 'fear', 'bar', 'seem', 'win', 'wall', 'street.', 'experts', 'discuss', 'ongoing', 'developments', 'climate', 'change.']","(10000,[298,821,2059,2297,2398,2408,2588,3614,3967,4270,4506,4687,5635,6404,6675,6869,7332,7864,8482,8713,8894,9372,9462,9513],[4.137164559405029,2.849310271098391,2.6902455764687034,3.6516567436233283,4.607168188650764,4.42484663185681,4.270695952029551,0.6636465161632473,4.019381523748645,4.42484663185681,0.691153161953081,0.691153161953081,4.830311739964974,3.8187108282864943,3.8187108282864943,4.019381523748645,4.607168188650764,3.6516567436233283,4.42484663185681,3.7316994512968646,4.830311739964974,4.270695952029551,0.691153161953081,3.914021008090819])",1.0
F249,"['responsibility', 'thus', 'another', 'treat', 'perform.', 'reality', 'officer', 'surface', 'parent.', '—', 'shocking', 'claims', 'immortal', 'jellyfish', 'surface', 'internet.']","(10000,[503,680,696,2066,3502,5684,5850,7281,7936,7958,8166,8338,8750,9513,9876],[0.691153161953081,4.42484663185681,3.8187108282864943,2.7508701982851385,4.137164559405029,3.577548771469606,0.691153161953081,1.366433224714689,0.691153161953081,5.523458920524919,4.019381523748645,0.691153161953081,4.270695952029551,3.914021008090819,2.7508701982851385])",0.0
F112,"['present', 'necessary', 'federal', 'everyone', 'kitchen.', 'place', 'expert', 'born', 'quality', 'miss', 'boy.', '—', 'shocking', 'claims', 'government', 'cover-up', 'surface', 'internet.']","(10000,[503,633,914,1071,1951,2259,3506,5850,6390,7281,7936,7979,8046,8130,8338,8893,9545,9813],[0.691153161953081,3.7316994512968646,4.830311739964974,4.270695952029551,5.117993812416755,2.8154087194227095,4.270695952029551,0.691153161953081,3.7316994512968646,0.6832166123573445,0.691153161953081,4.270695952029551,5.117993812416755,4.019381523748645,0.691153161953081,4.42484663185681,4.42484663185681,2.997730276216664])",0.0
R058,"['training', 'season', 'couple', 'focus', 'my.', 'major', 'paper', 'nice', 'thus', 'might', 'interview.', 'offer', 'indicate', 'us', 'kind', 'region', 'war', 'top.', 'experts', 'discuss', 'ongoing', 'developments', 'budget', 'report.']","(10000,[1058,2358,2958,3370,3614,3924,3931,4506,4596,4687,4991,5138,5432,5684,6044,6083,6485,6660,7538,7702,8159,8690,8719,9462],[3.914021008090819,4.607168188650764,4.607168188650764,4.270695952029551,0.6636465161632473,4.019381523748645,3.4440173788450834,0.691153161953081,5.117993812416755,0.691153161953081,2.6330871626287546,5.117993812416755,2.7508701982851385,3.577548771469606,4.607168188650764,4.607168188650764,4.607168188650764,4.137164559405029,4.42484663185681,3.914021008090819,4.019381523748645,4.137164559405029,4.137164559405029,0.691153161953081])",1.0
R159,"['sign', 'religious', 'prepare', 'challenge', 'shoulder', 'third.', 'medical', 'hear', 'world', 'term', 'raise.', 'modern', 'go', 'cold', 'today', 'job', 'hour', 'themselves.', 'experts', 'discuss', 'ongoing', 'developments', 'economic', 'growth.']","(10000,[527,557,2188,2286,2336,3614,3920,4293,4506,4687,4842,5853,5935,6451,6756,7593,8151,8268,9034,9144,9360,9462,9806],[3.914021008090819,4.270695952029551,4.607168188650764,4.137164559405029,3.914021008090819,0.6636465161632473,4.607168188650764,4.137164559405029,0.691153161953081,0.691153161953081,4.270695952029551,5.523458920524919,4.019381523748645,3.8187108282864943,6.6524686863774,4.830311739964974,4.270695952029551,3.6516567436233283,2.8844015909096608,2.7200985396183848,4.270695952029551,0.691153161953081,4.607168188650764])",1.0
R029,"['difference', 'adult', 'process', 'price', 'top.', 'realize', 'national', 'usually', 'continue', 'everything.', 'experts', 'discuss', 'ongoing', 'developments', 'economic', 'growth.']","(10000,[72,743,1582,1738,2990,3614,4442,4506,4687,6083,7866,7910,8040,9034,9144,9462],[4.270695952029551,3.914021008090819,4.42484663185681,4.42484663185681,4.270695952029551,0.6636465161632473,4.830311739964974,0.691153161953081,0.691153161953081,4.607168188650764,3.914021008090819,4.42484663185681,4.137164559405029,2.8844015909096608,2.7200985396183848,0.691153161953081])",1.0
R126,"['air', 'data', 'fill', 'bank.', 'everybody', 'region', 'improve', 'finish', 'reason', 'factor.', 'anything', 'entire', 'southern', 'evening', 'sense', 'necessary.', 'experts', 'discuss', 'ongoing', 'developments', 'research.']","(10000,[88,1107,1695,2114,2408,2561,2944,3614,3743,4506,4687,5286,5416,5447,6578,7066,8159,8824,9462,9615,9727],[4.137164559405029,4.830311739964974,4.42484663185681,4.270695952029551,4.42484663185681,3.914021008090819,4.137164559405029,0.6636465161632473,4.137164559405029,0.691153161953081,0.691153161953081,4.607168188650764,4.830311739964974,3.4440173788450834,4.42484663185681,2.849310271098391,4.019381523748645,4.019381523748645,0.691153161953081,5.523458920524919,4.42484663185681])",1.0
R132,"['whole', 'high.', 'experts', 'discuss', 'ongoing', 'developments', 'education.']","(10000,[627,3614,4506,4687,5047,8094,9462],[4.019381523748645,0.6636465161632473,0.691153161953081,0.691153161953081,2.6902455764687034,4.270695952029551,0.691153161953081])",1.0
R025,"['spend', 'music', 'establish.', 'throughout', 'development', 'detail', 'agency', 'true.', 'experts', 'discuss', 'ongoing', 'developments', 'election.']","(10000,[353,765,1143,2871,3556,3614,4506,4687,5493,5739,5948,6370,9462],[4.607168188650764,4.137164559405029,4.42484663185681,4.137164559405029,2.7826188965997183,0.6636465161632473,0.691153161953081,0.691153161953081,5.117993812416755,4.42484663185681,4.137164559405029,4.42484663185681,0.691153161953081])",1.0
F214,"['wife', 'knowledge', 'budget', 'mind', 'inside', 'light.', 'along', 'method', 'right', 'admit.', 'word', 'maintain', 'require', 'evening', 'quality', 'purpose', 'station.', '—', 'shocking', 'claims', 'secret', 'cure', 'surface', 'internet.']","(10000,[503,1290,1790,2840,3021,3184,3506,3519,3761,3892,4390,4991,5247,5286,5850,6015,6747,7281,7864,7936,8089,8338,8449,9066],[0.691153161953081,4.830311739964974,4.137164559405029,4.019381523748645,4.270695952029551,2.7508701982851385,4.270695952029551,4.270695952029551,5.523458920524919,2.5530444549552183,5.523458920524919,2.6330871626287546,4.607168188650764,4.607168188650764,0.691153161953081,4.42484663185681,2.5530444549552183,0.6832166123573445,3.6516567436233283,0.691153161953081,4.42484663185681,0.691153161953081,3.914021008090819,3.914021008090819])",0.0
R177,"['thing', 'available', 'guess', 'page', 'truth.', 'place', 'improve', 'call', 'car.', 'professor', 'finish', 'foot', 'serve', 'south', 'leave.', 'experts', 'discuss', 'ongoing', 'developments', 'policy.']","(10000,[1725,1769,2408,2475,2543,2827,3614,3857,4506,4687,4816,5146,6373,6390,6578,6944,7890,8290,8660,9462],[4.42484663185681,4.830311739964974,4.42484663185681,4.607168188650764,3.4440173788450834,4.607168188650764,0.6636465161632473,4.607168188650764,0.691153161953081,0.691153161953081,3.7316994512968646,4.019381523748645,4.607168188650764,3.7316994512968646,4.42484663185681,2.8154087194227095,4.830311739964974,4.830311739964974,4.019381523748645,0.691153161953081])",1.0
R196,"['practice', 'right', 'story', 'someone', 'work', 'reality', 'any.', 'experts', 'discuss', 'ongoing', 'developments', 'budget', 'report.']","(10000,[680,1790,3614,3671,4280,4506,4687,4991,5432,5547,6855,9462,9527],[4.42484663185681,4.137164559405029,0.6636465161632473,4.270695952029551,4.830311739964974,0.691153161953081,0.691153161953081,2.6330871626287546,2.7508701982851385,5.523458920524919,4.830311739964974,0.691153161953081,4.607168188650764])",1.0
R135,"['land', 'heavy', 'last', 'age.', 'person', 'one', 'member', 'education', 'whatever', 'food', 'popular', 'store.', 'cut', 'end', 'day.', 'experts', 'discuss', 'ongoing', 'developments', 'budget', 'report.']","(10000,[453,815,1206,1842,3249,3614,3989,4262,4506,4687,4991,5432,5530,6148,6790,7148,7443,7695,8653,8949,9462],[3.8187108282864943,3.914021008090819,4.270695952029551,5.523458920524919,3.4440173788450834,0.6636465161632473,4.137164559405029,5.523458920524919,0.691153161953081,0.691153161953081,2.6330871626287546,2.7508701982851385,4.270695952029551,4.019381523748645,4.137164559405029,4.42484663185681,5.523458920524919,3.914021008090819,4.137164559405029,4.42484663185681,0.691153161953081])",1.0
F152,"['couple', 'rock', 'might', 'market', 'skill.', 'politics', 'property', 'lead', 'accept.', '—', 'shocking', 'claims', 'government', 'cover-up', 'surface', 'internet.']","(10000,[503,574,1352,2259,2657,2733,3924,5356,5850,5887,6241,7281,7702,7936,8338,9813],[0.691153161953081,3.7316994512968646,5.523458920524919,2.8154087194227095,3.7316994512968646,4.830311739964974,4.019381523748645,3.914021008090819,0.691153161953081,3.4440173788450834,4.270695952029551,0.6832166123573445,3.914021008090819,0.691153161953081,0.691153161953081,2.997730276216664])",0.0
F180,"['condition', 'shake', 'consumer.', 'best', 'issue', 'concern.', 'tax', 'gun', 'painting', 'network', 'cell', 'point', 'seek', 'class.', '—', 'shocking', 'claims', 'secret', 'cure', 'surface', 'internet.']","(10000,[171,503,763,1034,2180,3210,3892,4416,5094,5241,5328,5850,6587,6616,6747,7281,7936,8313,8338,9152,9719],[4.137164559405029,0.691153161953081,4.137164559405029,4.42484663185681,4.137164559405029,4.270695952029551,2.5530444549552183,4.830311739964974,5.117993812416755,4.830311739964974,3.6516567436233283,0.691153161953081,4.830311739964974,3.8187108282864943,2.5530444549552183,0.6832166123573445,0.691153161953081,4.137164559405029,0.691153161953081,4.42484663185681,5.117993812416755])",0.0
F003,"['development', 'contain', 'tough', 'health', 'image.', 'computer', 'goal', 'one', 'enjoy', 'either.', 'say', 'like', 'real', 'quite.', '—', 'shocking', 'claims', 'secret', 'cure', 'surface', 'internet.']","(10000,[503,815,1805,2871,3330,3892,5089,5447,5850,5862,6747,7281,7493,7632,7936,8151,8338,8805,8878,9604,9691],[0.691153161953081,3.914021008090819,3.914021008090819,4.137164559405029,4.42484663185681,2.5530444549552183,4.019381523748645,3.4440173788450834,0.691153161953081,4.607168188650764,2.5530444549552183,0.6832166123573445,4.019381523748645,4.830311739964974,0.691153161953081,4.270695952029551,0.691153161953081,4.607168188650764,5.117993812416755,5.523458920524919,4.42484663185681])",0.0
F244,"['choose', 'computer', 'left', 'music', 'idea.', 'partner', 'side', 'cup', 'adult', 'enjoy', 'camera.', 'environment', 'difference', 'front', 'top.', '—', 'shocking', 'claims', 'celebrity', 'scandal', 'surface', 'internet.']","(10000,[72,116,503,504,1375,1662,1805,2407,3059,3192,3486,4921,5850,6083,6370,7281,7866,7936,8151,8338,9706,9781],[4.270695952029551,4.42484663185681,0.691153161953081,4.019381523748645,4.830311739964974,5.117993812416755,3.914021008090819,4.42484663185681,4.270695952029551,4.137164559405029,2.849310271098391,2.849310271098391,0.691153161953081,4.607168188650764,4.42484663185681,0.6832166123573445,3.914021008090819,0.691153161953081,4.270695952029551,0.691153161953081,4.270695952029551,4.137164559405029])",0.0
F194,"['home', 'imagine', 'worry', 'station.', 'wonder', 'far', 'indeed', 'challenge.', '—', 'shocking', 'claims', 'immortal', 'jellyfish', 'surface', 'internet.']","(10000,[503,1290,2066,3365,4158,4723,4934,5301,5850,7281,7936,8172,8338,8343,9876],[0.691153161953081,4.830311739964974,2.7508701982851385,4.137164559405029,3.8187108282864943,3.914021008090819,4.42484663185681,4.42484663185681,0.691153161953081,0.6832166123573445,0.691153161953081,4.830311739964974,0.691153161953081,3.7316994512968646,2.7508701982851385])",0.0
R044,"['peace', 'industry', 'skin.', 'film', 'player', 'method', 'often.', 'behavior', 'structure', 'court.', 'experts', 'discuss', 'ongoing', 'developments', 'policy.']","(10000,[481,735,2706,2996,3010,3614,4506,4687,5003,6015,6604,6697,6944,8757,9462],[5.117993812416755,4.019381523748645,5.523458920524919,3.3262343431887,4.137164559405029,0.6636465161632473,0.691153161953081,0.691153161953081,4.019381523748645,4.42484663185681,3.8187108282864943,4.137164559405029,2.8154087194227095,5.523458920524919,0.691153161953081])",1.0
R141,"['easy', 'authority', 'consider', 'message', 'child.', 'couple', 'hour', 'budget', 'trial', 'away.', 'experts', 'discuss', 'ongoing', 'developments', 'economic', 'growth.']","(10000,[312,527,760,1176,1655,2715,3410,3614,4506,4687,4991,6830,7702,9034,9144,9462],[4.42484663185681,3.914021008090819,4.830311739964974,3.914021008090819,5.117993812416755,4.137164559405029,4.270695952029551,0.6636465161632473,0.691153161953081,0.691153161953081,2.6330871626287546,4.830311739964974,3.914021008090819,2.8844015909096608,2.7200985396183848,0.691153161953081])",1.0
R188,"['western', 'southern', 'hundred', 'discussion.', 'worker', 'visit', 'two', 'ball.', 'experts', 'discuss', 'ongoing', 'developments', 'climate', 'change.']","(10000,[524,698,821,2059,2676,3614,3743,4079,4506,4687,4728,5175,5947,9462],[3.577548771469606,4.270695952029551,2.849310271098391,2.6902455764687034,4.830311739964974,0.6636465161632473,4.137164559405029,5.117993812416755,0.691153161953081,0.691153161953081,4.830311739964974,4.137164559405029,5.117993812416755,0.691153161953081])",1.0
F010,"['management', 'establish', 'play', 'family', 'about.', 'wall', 'response', 'maybe.', 'natural', 'treatment', 'behavior', 'among', 'foreign', 'those.', '—', 'shocking', 'claims', 'aliens', 'surface', 'internet.']","(10000,[503,650,735,1241,1657,2173,2176,2445,2875,2923,4988,5850,6206,6404,7281,7362,7936,8015,8297,8338],[0.691153161953081,2.958509563063383,4.019381523748645,3.6516567436233283,4.830311739964974,4.830311739964974,5.523458920524919,4.270695952029551,4.830311739964974,4.019381523748645,3.914021008090819,0.691153161953081,4.270695952029551,3.8187108282864943,0.6832166123573445,4.830311739964974,0.691153161953081,4.137164559405029,3.8187108282864943,0.691153161953081])",0.0
R106,"['culture', 'simple', 'majority', 'agreement', 'continue', 'edge', 'month.', 'create', 'list', 'financial', 'possible', 'writer.', 'experts', 'discuss', 'ongoing', 'developments', 'economic', 'growth.']","(10000,[743,1404,1481,2913,3614,3921,4506,4687,6100,7407,7857,8413,8645,8728,9034,9144,9244,9462],[3.914021008090819,4.270695952029551,5.523458920524919,3.577548771469606,0.6636465161632473,5.117993812416755,0.691153161953081,0.691153161953081,4.137164559405029,4.019381523748645,5.117993812416755,3.6516567436233283,4.270695952029551,4.019381523748645,2.8844015909096608,2.7200985396183848,3.914021008090819,0.691153161953081])",1.0
R049,"['protect', 'skill', 'something', 'federal', 'road', 'of.', 'hair', 'star', 'involve', 'run.', 'trade', 'heavy', 'course', 'experience', 'admit', 'full', 'whose', 'best.', 'experts', 'discuss', 'ongoing', 'developments', 'research.']","(10000,[419,633,2759,3614,3635,3652,4506,4687,5170,5725,6043,6271,7066,7235,7664,7912,8714,8897,8949,9462,9539,9826,9968],[5.117993812416755,3.7316994512968646,5.117993812416755,0.6636465161632473,4.019381523748645,3.914021008090819,0.691153161953081,0.691153161953081,4.270695952029551,4.019381523748645,4.830311739964974,3.914021008090819,2.849310271098391,4.830311739964974,4.270695952029551,4.830311739964974,3.914021008090819,4.607168188650764,4.42484663185681,0.691153161953081,4.607168188650764,4.270695952029551,4.42484663185681])",1.0
R144,"['home', 'important', 'probably', 'environmental', 'like.', 'kid', 'anything', 'take', 'east', 'significant', 'three.', 'experts', 'discuss', 'ongoing', 'developments', 'budget', 'report.']","(10000,[855,1967,2114,2297,3365,3614,3723,4506,4687,4991,5432,6027,6576,6710,8552,9190,9462],[4.270695952029551,4.019381523748645,4.270695952029551,3.6516567436233283,4.137164559405029,0.6636465161632473,4.42484663185681,0.691153161953081,0.691153161953081,2.6330871626287546,2.7508701982851385,4.019381523748645,4.607168188650764,5.117993812416755,4.607168188650764,5.523458920524919,0.691153161953081])",1.0
F199,"['base', 'reach', 'sound', 'visit.', 'authority', 'water', 'base', 'sense', 'measure.', '—', 'shocking', 'claims', 'celebrity', 'scandal', 'surface', 'internet.']","(10000,[371,503,1176,2589,3486,4921,5447,5587,5850,6166,7281,7936,8173,8338,8386],[4.830311739964974,0.691153161953081,3.914021008090819,4.270695952029551,2.849310271098391,2.849310271098391,3.4440173788450834,5.117993812416755,0.691153161953081,5.117993812416755,0.6832166123573445,0.691153161953081,6.6524686863774,0.691153161953081,3.8187108282864943])",0.0
F215,"['eye', 'forward', 'boy', 'garden', 'fire', 'million.', 'arrive', 'three', 'box', 'stage', 'child.', '—', 'shocking', 'claims', 'secret', 'cure', 'surface', 'internet.']","(10000,[30,157,503,1341,1655,3892,5191,5850,5925,5936,6747,7281,7391,7724,7922,7936,8338,8411],[4.270695952029551,3.5085558999826545,0.691153161953081,4.137164559405029,5.117993812416755,2.5530444549552183,4.270695952029551,0.691153161953081,4.42484663185681,4.830311739964974,2.5530444549552183,0.6832166123573445,3.8187108282864943,5.117993812416755,4.42484663185681,0.691153161953081,0.691153161953081,3.5085558999826545])",0.0
R176,"['consumer', 'window', 'agree.', 'color', 'somebody', 'station', 'piece', 'program', 'person.', 'experts', 'discuss', 'ongoing', 'developments', 'economic', 'growth.']","(10000,[573,1750,2403,3089,3133,3614,4506,4687,6521,8415,9034,9144,9462,9475,9832],[3.914021008090819,5.117993812416755,4.019381523748645,4.42484663185681,4.42484663185681,0.6636465161632473,0.691153161953081,0.691153161953081,5.523458920524919,3.8187108282864943,2.8844015909096608,2.7200985396183848,0.691153161953081,3.914021008090819,3.914021008090819])",1.0
F105,"['option', 'organization', 'value', 'oil', 'western', 'brother.', 'everybody', 'carry', 'republican', 'low', 'happy', 'miss', 'gas.', '—', 'shocking', 'claims', 'hoax', 'surface', 'internet.']","(10000,[454,503,524,1071,1364,2561,4377,4616,5098,5347,5850,6035,7281,7403,7936,8338,8411,9544,9613],[3.5085558999826545,0.691153161953081,3.577548771469606,4.270695952029551,4.270695952029551,3.914021008090819,2.60568818844064,4.42484663185681,4.830311739964974,4.42484663185681,0.691153161953081,3.383392757028649,0.6832166123573445,4.607168188650764,0.691153161953081,0.691153161953081,3.5085558999826545,5.117993812416755,4.270695952029551])",0.0
F031,"['although', 'parent', 'first', 'company', 'worker', 'yeah.', 'trial', 'onto', 'inside', 'act', 'care.', '—', 'shocking', 'claims', 'miracle', 'drug', 'surface', 'internet.']","(10000,[503,942,1256,2676,3410,4319,5390,5850,6403,6928,7281,7779,7860,7936,8134,8338,9066,9932],[0.691153161953081,5.523458920524919,3.125563647726549,4.830311739964974,4.270695952029551,4.270695952029551,5.117993812416755,0.691153161953081,4.137164559405029,4.830311739964974,0.6832166123573445,3.914021008090819,2.920769235080536,0.691153161953081,5.117993812416755,0.691153161953081,3.914021008090819,3.8187108282864943])",0.0
R206,"['board', 'write', 'those.', 'experts', 'discuss', 'ongoing', 'developments', 'research.']","(10000,[1657,3614,4506,4687,5445,7066,7454,9462],[4.830311739964974,0.6636465161632473,0.691153161953081,0.691153161953081,4.137164559405029,2.849310271098391,3.8187108282864943,0.691153161953081])",1.0
F238,"['draw', 'exist', 'dinner', 'show', 'community.', 'phone', 'best', 'water', 'pressure', 'agree', 'experience', 'board.', '—', 'shocking', 'claims', 'secret', 'cure', 'surface', 'internet.']","(10000,[503,763,1626,2240,2589,3635,3892,4019,4959,5305,5661,5850,6602,6747,6925,7281,7936,8167,8338],[0.691153161953081,4.137164559405029,4.42484663185681,4.019381523748645,4.270695952029551,4.019381523748645,2.5530444549552183,4.270695952029551,5.117993812416755,5.117993812416755,4.607168188650764,0.691153161953081,4.270695952029551,2.5530444549552183,4.607168188650764,0.6832166123573445,0.691153161953081,4.270695952029551,0.691153161953081])",0.0
R027,"['artist', 'future', 'account', 'factor', 'along', 'reveal.', 'bag', 'teacher', 'candidate', 'purpose.', 'experts', 'discuss', 'ongoing', 'developments', 'climate', 'change.']","(10000,[415,821,2006,2059,2840,3614,4358,4506,4687,6488,8708,8734,8931,9187,9462,9561],[4.270695952029551,2.849310271098391,4.830311739964974,2.6902455764687034,4.019381523748645,0.6636465161632473,4.607168188650764,0.691153161953081,0.691153161953081,3.914021008090819,4.137164559405029,5.117993812416755,4.42484663185681,4.137164559405029,0.691153161953081,4.137164559405029])",1.0
F169,"['police', 'home', 'degree', 'station', 'goal', 'turn.', 'official', 'around', 'president', 'note', 'place', 'risk', 'get', 'cut.', '—', 'shocking', 'claims', 'government', 'cover-up', 'surface', 'internet.']","(10000,[503,1306,2259,3334,3365,3876,4898,5089,5850,6197,6390,7281,7936,8338,8415,8485,8794,9426,9813,9909,9943],[0.691153161953081,4.42484663185681,2.8154087194227095,5.523458920524919,4.137164559405029,4.137164559405029,5.117993812416755,4.019381523748645,0.691153161953081,3.6516567436233283,3.7316994512968646,0.6832166123573445,0.691153161953081,0.691153161953081,3.8187108282864943,3.914021008090819,4.137164559405029,4.607168188650764,2.997730276216664,4.019381523748645,4.270695952029551])",0.0
F208,"['determine', 'perform', 'ever', 'item', 'media', 'security.', 'message', 'product', 'natural', 'answer', 'might', 'popular.', 'end', 'check', 'number', 'fire.', 'television', 'seek', 'only.', '—', 'shocking', 'claims', 'aliens', 'surface', 'internet.']","(10000,[171,447,453,503,650,1098,1209,1243,1916,2715,3619,3901,3924,4988,5594,5850,5854,7281,7734,7786,7936,8338,8423,8519,8713],[4.137164559405029,4.270695952029551,3.8187108282864943,0.691153161953081,2.958509563063383,4.270695952029551,3.4440173788450834,3.7316994512968646,3.7316994512968646,4.137164559405029,4.270695952029551,3.914021008090819,4.019381523748645,3.914021008090819,3.914021008090819,0.691153161953081,5.523458920524919,0.6832166123573445,4.019381523748645,5.117993812416755,0.691153161953081,0.691153161953081,5.523458920524919,3.914021008090819,3.7316994512968646])",0.0
F212,"['focus', 'hot', 'dinner', 'claim', 'create', 'talk.', 'feel', 'mention', 'people', 'large', 'write', 'part.', 'top', 'author', 'major', 'mind', 'police.', '—', 'shocking', 'claims', 'miracle', 'drug', 'surface', 'internet.']","(10000,[503,1058,1256,1404,2240,2907,3115,3184,3809,3931,4263,4391,4903,5328,5445,5850,7022,7281,7860,7936,8338,8937,9350,9693],[0.691153161953081,3.914021008090819,3.125563647726549,4.270695952029551,4.019381523748645,5.117993812416755,3.8187108282864943,2.7508701982851385,5.117993812416755,3.4440173788450834,4.607168188650764,4.607168188650764,5.117993812416755,3.6516567436233283,4.137164559405029,0.691153161953081,4.42484663185681,0.6832166123573445,2.920769235080536,0.691153161953081,0.691153161953081,3.914021008090819,4.270695952029551,4.270695952029551])",0.0
F032,"['add', 'form', 'difficult', 'alone', 'travel', 'name', 'modern.', 'leave', 'individual', 'relate', 'show.', '—', 'shocking', 'claims', 'hoax', 'surface', 'internet.']","(10000,[15,78,503,988,1712,2492,2913,3205,4377,5621,5850,7281,7936,8338,8614,8681,9887],[4.270695952029551,5.117993812416755,0.691153161953081,3.914021008090819,4.019381523748645,4.137164559405029,3.577548771469606,4.830311739964974,2.60568818844064,3.914021008090819,0.691153161953081,0.6832166123573445,0.691153161953081,0.691153161953081,4.270695952029551,4.42484663185681,4.42484663185681])",0.0
F109,"['lot', 'discover', 'understand', 'claim', 'modern', 'line', 'add', 'plant.', 'mrs', 'high', 'smile', 'leg', 'occur', 'color', 'recognize.', '—', 'shocking', 'claims', 'hoax', 'surface', 'internet.']","(10000,[503,1182,1921,2116,2336,2713,4170,4377,4943,5850,6290,6487,7178,7281,7381,7936,8338,8937,9751,9832,9887],[0.691153161953081,4.270695952029551,3.914021008090819,4.607168188650764,3.914021008090819,3.914021008090819,3.914021008090819,2.60568818844064,4.270695952029551,0.691153161953081,4.607168188650764,3.7316994512968646,5.117993812416755,0.6832166123573445,4.607168188650764,0.691153161953081,0.691153161953081,3.914021008090819,4.137164559405029,3.914021008090819,4.42484663185681])",0.0
R111,"['writer', 'activity', 'something', 'various.', 'weight', 'car', 'memory', 'still', 'alone', 'tax.', 'including', 'past', 'box', 'course', 'so.', 'experts', 'discuss', 'ongoing', 'developments', 'policy.']","(10000,[1783,2492,3614,3652,3674,3712,4506,4529,4687,6584,6906,6941,6944,7334,7922,8004,8110,9275,9462,9826],[4.830311739964974,4.137164559405029,0.6636465161632473,3.914021008090819,3.5085558999826545,4.270695952029551,0.691153161953081,4.830311739964974,0.691153161953081,5.117993812416755,4.270695952029551,4.270695952029551,2.8154087194227095,3.8187108282864943,4.42484663185681,4.607168188650764,4.270695952029551,4.607168188650764,0.691153161953081,4.270695952029551])",1.0
F078,"['inside', 'model', 'say.', '—', 'shocking', 'claims', 'aliens', 'surface', 'internet.']","(10000,[503,650,5739,5850,7102,7281,7936,8338,9066],[0.691153161953081,2.958509563063383,4.42484663185681,0.691153161953081,4.137164559405029,0.6832166123573445,0.691153161953081,0.691153161953081,3.914021008090819])",0.0
R105,"['pretty', 'address', 'television', 'adult.', 'design', 'carry', 'involve.', 'share', 'institution', 'moment', 'especially', 'region.', 'experts', 'discuss', 'ongoing', 'developments', 'budget', 'report.']","(10000,[454,613,3243,3401,3614,3919,3922,3947,4454,4506,4687,4991,5432,7108,7904,8173,8713,9462],[3.5085558999826545,3.8187108282864943,4.270695952029551,4.137164559405029,0.6636465161632473,4.270695952029551,4.270695952029551,4.137164559405029,4.607168188650764,0.691153161953081,0.691153161953081,2.6330871626287546,2.7508701982851385,5.117993812416755,5.117993812416755,3.3262343431887,3.7316994512968646,0.691153161953081])",1.0
F196,"['set', 'include', 'want', 'find', 'discuss', 'ok', 'where.', 'somebody', 'experience', 'grow', 'share', 'answer', 'follow', 'just.', '—', 'shocking', 'claims', 'government', 'cover-up', 'surface', 'internet.']","(10000,[503,1457,2259,2404,2645,2953,3089,3614,3619,3635,3947,4522,5342,5850,7281,7510,7712,7936,8338,9367,9813],[0.691153161953081,5.117993812416755,2.8154087194227095,4.607168188650764,4.830311739964974,4.607168188650764,4.42484663185681,0.6636465161632473,4.270695952029551,4.019381523748645,4.137164559405029,5.117993812416755,4.019381523748645,0.691153161953081,0.6832166123573445,3.7316994512968646,3.8187108282864943,0.691153161953081,0.691153161953081,3.8187108282864943,2.997730276216664])",0.0
F118,"['quite', 'still', 'manager', 'clearly.', 'look', 'growth', 'tree', 'upon', 'me.', 'whatever', 'almost', 'paper', 'write', 'travel', 'high', 'guy.', '—', 'shocking', 'claims', 'immortal', 'jellyfish', 'surface', 'internet.']","(10000,[320,503,1652,1985,2066,2116,3712,4775,5177,5445,5850,5871,6056,6735,7281,7695,7936,8338,8566,8681,8690,9876,9939],[4.270695952029551,0.691153161953081,4.830311739964974,4.830311739964974,2.7508701982851385,4.607168188650764,4.270695952029551,5.117993812416755,5.523458920524919,4.137164559405029,0.691153161953081,4.137164559405029,3.8187108282864943,4.270695952029551,0.6832166123573445,3.914021008090819,0.691153161953081,0.691153161953081,4.270695952029551,4.42484663185681,4.137164559405029,2.7508701982851385,4.607168188650764])",0.0
F077,"['entire', 'teach', 'wind', 'environmental', 'player', 'during.', 'reflect', 'doctor', 'treat', 'front', 'future.', 'quite', 'theory', 'century.', '—', 'shocking', 'claims', 'secret', 'cure', 'surface', 'internet.']","(10000,[503,504,777,1468,2558,2788,3892,5321,5850,6027,6056,6604,6747,7098,7281,7936,8338,8522,8547,8750,8824],[0.691153161953081,4.019381523748645,4.137164559405029,3.914021008090819,4.019381523748645,5.523458920524919,2.5530444549552183,4.270695952029551,0.691153161953081,4.019381523748645,3.8187108282864943,3.8187108282864943,2.5530444549552183,3.8187108282864943,0.6832166123573445,0.691153161953081,0.691153161953081,4.137164559405029,5.523458920524919,4.270695952029551,4.019381523748645])",0.0
F070,"['sort', 'loss', 'range', 'car', 'spend', 'top.', '—', 'shocking', 'claims', 'government', 'cover-up', 'surface', 'internet.']","(10000,[165,353,503,2259,3674,5329,5720,5850,6083,7281,7936,8338,9813],[4.137164559405029,4.607168188650764,0.691153161953081,2.8154087194227095,3.5085558999826545,4.830311739964974,4.137164559405029,0.691153161953081,4.607168188650764,0.6832166123573445,0.691153161953081,0.691153161953081,2.997730276216664])",0.0
F041,"['job', 'friend', 'ago', 'hear.', 'science', 'cover', 'fear.', 'another', 'series', 'couple', 'chair', 'city', 'station.', '—', 'shocking', 'claims', 'immortal', 'jellyfish', 'surface', 'internet.']","(10000,[286,488,503,557,681,1290,1896,2066,3363,4463,5495,5850,6104,7281,7615,7702,7936,8166,8338,9876],[5.523458920524919,4.137164559405029,0.691153161953081,4.270695952029551,4.42484663185681,4.830311739964974,4.137164559405029,2.7508701982851385,3.8187108282864943,3.6516567436233283,3.914021008090819,0.691153161953081,3.8187108282864943,0.6832166123573445,5.117993812416755,3.914021008090819,0.691153161953081,4.019381523748645,0.691153161953081,2.7508701982851385])",0.0
R026,"['part', 'rock', 'remain', 'figure', 'yard', 'participant.', 'bag', 'growth', 'machine', 'mouth', 'marriage.', 'power', 'world.', 'unit', 'government', 'day', 'wind', 'office.', 'experts', 'discuss', 'ongoing', 'developments', 'policy.']","(10000,[320,415,424,574,1344,1762,2259,2558,3056,3614,4110,4506,4687,5205,6287,6335,6944,7497,7765,8040,8740,9133,9462],[4.270695952029551,4.270695952029551,4.019381523748645,3.7316994512968646,5.523458920524919,4.607168188650764,2.8154087194227095,4.019381523748645,4.270695952029551,0.6636465161632473,4.607168188650764,0.691153161953081,0.691153161953081,4.607168188650764,4.270695952029551,4.137164559405029,2.8154087194227095,4.137164559405029,5.117993812416755,4.137164559405029,4.270695952029551,4.137164559405029,0.691153161953081])",1.0
R207,"['industry', 'minute', 'sure', 'seat', 'imagine', 'per', 'contain.', 'run', 'senior', 'two.', 'experts', 'discuss', 'ongoing', 'developments', 'policy.']","(10000,[47,141,266,298,1821,3010,3292,3357,3614,4144,4506,4687,5301,6944,9462],[4.830311739964974,4.830311739964974,4.019381523748645,4.137164559405029,4.019381523748645,4.137164559405029,5.117993812416755,3.914021008090819,0.6636465161632473,3.914021008090819,0.691153161953081,0.691153161953081,4.42484663185681,2.8154087194227095,0.691153161953081])",1.0
F163,"['standard', 'marriage', 'media', 'word.', 'discussion', 'word', 'defense', 'suggest', 'truth', 'give.', '—', 'shocking', 'claims', 'secret', 'cure', 'surface', 'internet.']","(10000,[503,1209,2069,2967,3519,3543,3892,5006,5315,5850,6229,6747,7281,7816,7936,8338,8759],[0.691153161953081,3.4440173788450834,4.607168188650764,4.607168188650764,4.270695952029551,4.42484663185681,2.5530444549552183,5.117993812416755,3.8187108282864943,0.691153161953081,4.607168188650764,2.5530444549552183,0.6832166123573445,4.270695952029551,0.691153161953081,0.691153161953081,4.830311739964974])",0.0
F171,"['away', 'buy', 'use', 'impact', 'keep', 'increase', 'money.', 'television', 'money', 'another', 'far', 'per.', '—', 'shocking', 'claims', 'government', 'cover-up', 'surface', 'internet.']","(10000,[25,80,503,1236,1972,2259,3737,4158,5133,5850,6103,7281,7936,7963,8166,8338,8713,9594,9813],[5.523458920524919,4.137164559405029,0.691153161953081,5.523458920524919,4.270695952029551,2.8154087194227095,4.830311739964974,3.8187108282864943,3.914021008090819,0.691153161953081,4.607168188650764,0.6832166123573445,0.691153161953081,4.42484663185681,4.019381523748645,0.691153161953081,3.7316994512968646,4.270695952029551,2.997730276216664])",0.0
F139,"['tree', 'role', 'field', 'professor', 'great', 'situation', 'create.', '—', 'shocking', 'claims', 'immortal', 'jellyfish', 'surface', 'internet.']","(10000,[503,750,2066,2543,3136,3350,5850,5871,6808,7074,7281,7936,8338,9876],[0.691153161953081,5.117993812416755,2.7508701982851385,3.4440173788450834,5.117993812416755,3.7316994512968646,0.691153161953081,4.137164559405029,4.830311739964974,4.019381523748645,0.6832166123573445,0.691153161953081,0.691153161953081,2.7508701982851385])",0.0
F120,"['open', 'already', 'long', 'forget', 'bring', 'worry', 'success.', 'central', 'threat', 'probably', 'probably', 'anything', 'car.', 'commercial', 'program', 'item', 'fish', 'around', 'down.', '—', 'shocking', 'claims', 'miracle', 'drug', 'surface', 'internet.']","(10000,[503,573,594,1256,1376,1916,2114,2297,3057,5783,5850,6197,6443,7146,7281,7860,7936,8070,8280,8290,8338,8343,8904,8928,9025],[0.691153161953081,3.914021008090819,4.607168188650764,3.125563647726549,3.7316994512968646,3.7316994512968646,4.270695952029551,7.3033134872466565,3.7316994512968646,4.019381523748645,0.691153161953081,3.6516567436233283,3.8187108282864943,4.270695952029551,0.6832166123573445,2.920769235080536,0.691153161953081,3.8187108282864943,5.117993812416755,4.830311739964974,0.691153161953081,3.7316994512968646,4.270695952029551,4.270695952029551,5.523458920524919])",0.0
F146,"['blood', 'fear', 'simple', 'conference.', 'past', 'surface', 'sister', 'claim.', 'drive', 'door', 'film.', '—', 'shocking', 'claims', 'mind', 'control', 'surface', 'internet.']","(10000,[503,1208,1876,1898,2359,2913,3184,3521,4847,5183,5850,6325,7281,7936,8338,9275,9513],[0.691153161953081,2.661258039595451,4.830311739964974,4.42484663185681,3.8187108282864943,3.577548771469606,2.7508701982851385,4.019381523748645,4.830311739964974,5.117993812416755,0.691153161953081,4.607168188650764,1.366433224714689,0.691153161953081,0.691153161953081,4.607168188650764,3.914021008090819])",0.0
R115,"['force', 'find', 'land', 'thought', 'big.', 'approach', 'lead', 'dog', 'everybody.', 'experts', 'discuss', 'ongoing', 'developments', 'research.']","(10000,[55,391,1890,2806,3095,3614,4506,4687,5356,7066,7148,7510,9462,9564],[4.137164559405029,4.830311739964974,5.117993812416755,4.607168188650764,4.270695952029551,0.6636465161632473,0.691153161953081,0.691153161953081,3.914021008090819,2.849310271098391,4.42484663185681,3.7316994512968646,0.691153161953081,4.270695952029551])",1.0
F039,"['race', 'project', 'treatment', 'forward', 'general', 'economy', 'bad.', '—', 'shocking', 'claims', 'aliens', 'surface', 'internet.']","(10000,[217,454,503,650,2230,3935,5465,5850,7281,7936,8015,8338,8411],[3.7316994512968646,3.5085558999826545,0.691153161953081,2.958509563063383,4.42484663185681,3.7316994512968646,4.607168188650764,0.691153161953081,0.6832166123573445,0.691153161953081,4.137164559405029,0.691153161953081,3.5085558999826545])",0.0
F225,"['ok', 'believe', 'develop', 'author', 'five', 'number', 'fear', 'serious.', 'lay', 'direction', 'far', 'might', 'new.', 'idea', 'money', 'image', 'material.', '—', 'shocking', 'claims', 'hoax', 'surface', 'internet.']","(10000,[503,533,1241,1439,2645,3924,4158,4377,4475,5303,5616,5850,5958,5974,6103,6280,7281,7936,8338,8519,8554,9350,9513],[0.691153161953081,4.137164559405029,3.6516567436233283,4.42484663185681,4.830311739964974,4.019381523748645,3.8187108282864943,2.60568818844064,4.270695952029551,4.137164559405029,4.42484663185681,0.691153161953081,4.42484663185681,3.6516567436233283,4.607168188650764,5.523458920524919,0.6832166123573445,0.691153161953081,0.691153161953081,3.914021008090819,4.019381523748645,4.270695952029551,3.914021008090819])",0.0
F140,"['call', 'still', 'let', 'onto', 'always.', 'arrive', 'friend', 'second', 'bad', 'set', 'level', 'article.', '—', 'shocking', 'claims', 'aliens', 'surface', 'internet.']","(10000,[488,503,650,1499,3712,4319,5146,5342,5850,6340,6816,7281,7391,7936,7956,8267,8338,9256],[4.137164559405029,0.691153161953081,2.958509563063383,3.8187108282864943,4.270695952029551,4.270695952029551,4.019381523748645,4.019381523748645,0.691153161953081,4.830311739964974,4.830311739964974,0.6832166123573445,3.8187108282864943,0.691153161953081,4.137164559405029,4.42484663185681,0.691153161953081,4.137164559405029])",0.0
F122,"['pattern', 'morning', 'agency', 'media', 'teacher', 'structure', 'create.', '—', 'shocking', 'claims', 'mind', 'control', 'surface', 'internet.']","(10000,[503,617,765,1208,1209,2996,3160,3184,5850,6808,7281,7936,8338,8708],[0.691153161953081,4.42484663185681,4.137164559405029,2.661258039595451,3.4440173788450834,3.3262343431887,4.830311739964974,2.7508701982851385,0.691153161953081,4.830311739964974,0.6832166123573445,0.691153161953081,0.691153161953081,4.137164559405029])",0.0
R070,"['ago', 'sign', 'around', 'point.', 'yes', 'else', 'other.', 'experts', 'discuss', 'ongoing', 'developments', 'budget', 'report.']","(10000,[454,1896,3614,4506,4687,4991,5034,5044,5432,6197,6756,9231,9462],[3.5085558999826545,4.137164559405029,0.6636465161632473,0.691153161953081,0.691153161953081,2.6330871626287546,4.019381523748645,3.914021008090819,2.7508701982851385,3.6516567436233283,3.3262343431887,5.117993812416755,0.691153161953081])",1.0
F248,"['factor', 'wide', 'sound.', 'beyond', 'yard', 'information.', '—', 'shocking', 'claims', 'celebrity', 'scandal', 'surface', 'internet.']","(10000,[424,503,2836,3486,4921,5401,5850,5955,7281,7936,8338,8900,9561],[4.019381523748645,0.691153161953081,4.607168188650764,2.849310271098391,2.849310271098391,4.019381523748645,0.691153161953081,5.523458920524919,0.6832166123573445,0.691153161953081,0.691153161953081,5.523458920524919,4.137164559405029])",0.0
R016,"['behavior', 'prevent', 'area', 'low.', 'cover', 'wonder', 'huge', 'share', 'leader', 'board', 'member.', 'issue', 'cell', 'strategy', 'kid.', 'experts', 'discuss', 'ongoing', 'developments', 'technology', 'breakthrough.']","(10000,[735,856,1020,1526,2198,2227,2291,2403,3210,3252,3614,3947,4506,4687,4723,5649,6104,6616,7454,8546,9462],[4.019381523748645,4.830311739964974,2.5530444549552183,3.914021008090819,4.607168188650764,2.7200985396183848,4.607168188650764,4.019381523748645,4.270695952029551,4.607168188650764,0.6636465161632473,4.137164559405029,0.691153161953081,0.691153161953081,3.914021008090819,4.137164559405029,3.8187108282864943,3.8187108282864943,3.8187108282864943,5.523458920524919,0.691153161953081])",1.0
R148,"['senior', 'matter', 'answer', 'far', 'night.', 'trade', 'cup', 'skill', 'art', 'create', 'lose', 'ability', 'party.', 'skin', 'four', 'occur', 'design', 'memory', 'drug.', 'experts', 'discuss', 'ongoing', 'developments', 'technology', 'breakthrough.']","(10000,[419,1020,1243,1404,1921,2227,2402,3059,3222,3614,3619,3681,3922,3980,4144,4158,4201,4422,4506,4687,5833,6941,7854,9462,9968],[5.117993812416755,2.5530444549552183,3.7316994512968646,4.270695952029551,3.914021008090819,2.7200985396183848,4.137164559405029,4.270695952029551,5.117993812416755,0.6636465161632473,4.270695952029551,4.830311739964974,4.270695952029551,4.607168188650764,3.914021008090819,3.8187108282864943,5.523458920524919,4.270695952029551,0.691153161953081,0.691153161953081,3.8187108282864943,4.270695952029551,4.830311739964974,0.691153161953081,4.42484663185681])",1.0
R142,"['mother', 'push', 'court', 'else', 'establish.', 'box', 'chair', 'toward', 'way', 'thank', 'factor', 'computer.', 'claim', 'professor', 'responsibility', 'wind', 'international.', 'experts', 'discuss', 'ongoing', 'developments', 'budget', 'report.']","(10000,[354,681,1687,2543,2558,2886,3194,3502,3614,4506,4568,4687,4991,5034,5432,5739,5978,7393,7922,8937,9391,9462,9561],[4.607168188650764,4.42484663185681,4.607168188650764,3.4440173788450834,4.019381523748645,5.523458920524919,4.42484663185681,4.137164559405029,0.6636465161632473,0.691153161953081,3.6516567436233283,0.691153161953081,2.6330871626287546,4.019381523748645,2.7508701982851385,4.42484663185681,4.019381523748645,5.523458920524919,4.42484663185681,3.914021008090819,3.914021008090819,0.691153161953081,4.137164559405029])",1.0
F141,"['determine', 'outside', 'rest', 'institution.', 'necessary', 'store', 'whole', 'rest', 'visit', 'fund', 'build.', 'hard', 'energy', 'add', 'life', 'thousand.', '—', 'shocking', 'claims', 'miracle', 'drug', 'surface', 'internet.']","(10000,[503,627,698,1256,2708,3477,4638,5125,5598,5850,6444,7180,7184,7281,7734,7860,7936,7979,8307,8338,8568,9887],[0.691153161953081,4.019381523748645,4.270695952029551,3.125563647726549,7.155097542939212,4.607168188650764,4.137164559405029,4.42484663185681,5.117993812416755,0.691153161953081,4.42484663185681,4.42484663185681,4.270695952029551,0.6832166123573445,4.019381523748645,2.920769235080536,0.691153161953081,4.270695952029551,3.8187108282864943,0.691153161953081,3.914021008090819,4.42484663185681])",0.0
R076,"['much', 'yard', 'decide', 'class', 'fear', 'item', 'doctor.', 'form', 'old', 'strong', 'keep.', 'experts', 'discuss', 'ongoing', 'developments', 'technology', 'breakthrough.']","(10000,[424,524,1020,1916,2227,3614,4007,4506,4687,5621,6355,7083,7229,8293,9462,9513,9767],[4.019381523748645,3.577548771469606,2.5530444549552183,3.7316994512968646,2.7200985396183848,0.6636465161632473,4.42484663185681,0.691153161953081,0.691153161953081,3.914021008090819,4.137164559405029,4.137164559405029,5.523458920524919,4.42484663185681,0.691153161953081,3.914021008090819,4.830311739964974])",1.0
R180,"['action', 'see', 'sister', 'none', 'order', 'voice.', 'bill', 'rock', 'surface', 'write', 'amount', 'happy', 'reason.', 'present', 'next', 'near', 'whatever', 'major.', 'experts', 'discuss', 'ongoing', 'developments', 'budget', 'report.']","(10000,[217,574,1226,3521,3614,4506,4687,4991,5347,5354,5375,5432,5445,5974,6633,7222,7281,7695,8130,8135,8273,9462,9829,9831],[3.7316994512968646,3.7316994512968646,3.914021008090819,4.019381523748645,0.6636465161632473,0.691153161953081,0.691153161953081,2.6330871626287546,4.42484663185681,3.914021008090819,4.830311739964974,2.7508701982851385,4.137164559405029,3.6516567436233283,4.137164559405029,3.914021008090819,0.6832166123573445,3.914021008090819,4.019381523748645,4.137164559405029,4.270695952029551,0.691153161953081,5.523458920524919,4.607168188650764])",1.0
F126,"['student', 'run', 'rather', 'food.', 'ever', 'worry', 'evening', 'cultural.', '—', 'shocking', 'claims', 'aliens', 'surface', 'internet.']","(10000,[266,503,650,2837,3536,4085,5286,5594,5850,7281,7936,8338,8343,8471],[4.019381523748645,0.691153161953081,2.958509563063383,4.019381523748645,4.019381523748645,5.523458920524919,4.607168188650764,3.914021008090819,0.691153161953081,0.6832166123573445,0.691153161953081,0.691153161953081,3.7316994512968646,5.117993812416755])",0.0
R134,"['speech', 'one', 'central', 'cell', 'almost', 'left', 'college.', 'writer', 'yes', 'dinner', 'difficult', 'discussion', 'benefit.', 'experts', 'discuss', 'ongoing', 'developments', 'economic', 'growth.']","(10000,[502,815,1662,1712,1840,2240,3210,3614,4506,4687,5044,5315,6906,8566,8928,9034,9144,9462,9578],[4.42484663185681,3.914021008090819,5.117993812416755,4.019381523748645,5.523458920524919,4.019381523748645,4.270695952029551,0.6636465161632473,0.691153161953081,0.691153161953081,3.914021008090819,3.8187108282864943,4.270695952029551,4.270695952029551,4.270695952029551,2.8844015909096608,2.7200985396183848,0.691153161953081,4.830311739964974])",1.0
F132,"['sign', 'system', 'tv', 'heavy', 'fund', 'mission.', 'hair', 'security', 'american', 'inside', 'note', 'like', 'necessary.', '—', 'shocking', 'claims', 'mind', 'control', 'surface', 'internet.']","(10000,[503,1107,1208,2634,3184,3330,3996,4489,4547,4638,5850,6756,7281,7652,7664,7936,8338,8949,9066,9909],[0.691153161953081,4.830311739964974,2.661258039595451,4.137164559405029,2.7508701982851385,4.42484663185681,4.830311739964974,5.523458920524919,4.019381523748645,4.137164559405029,0.691153161953081,3.3262343431887,0.6832166123573445,4.42484663185681,4.270695952029551,0.691153161953081,0.691153161953081,4.42484663185681,3.914021008090819,4.019381523748645])",0.0
F230,"['feeling', 'support', 'situation.', 'anyone', 'remember', 'sign', 'contain', 'chance', 'play.', '—', 'shocking', 'claims', 'immortal', 'jellyfish', 'surface', 'internet.']","(10000,[346,477,503,613,666,2066,4517,5685,5850,6756,7281,7493,7936,8217,8338,9876],[4.42484663185681,5.523458920524919,0.691153161953081,3.8187108282864943,4.42484663185681,2.7508701982851385,5.523458920524919,4.137164559405029,0.691153161953081,3.3262343431887,0.6832166123573445,4.019381523748645,0.691153161953081,4.607168188650764,0.691153161953081,2.7508701982851385])",0.0
F243,"['join', 'field', 'free', 'matter', 'although.', 'child', 'worry', 'amount', 'growth.', 'us', 'explain', 'commercial', 'impact.', '—', 'shocking', 'claims', 'aliens', 'surface', 'internet.']","(10000,[503,650,1073,2402,5324,5341,5850,6443,6660,6852,7074,7222,7244,7281,7936,8338,8343,8952,9034],[0.691153161953081,2.958509563063383,3.914021008090819,4.137164559405029,5.523458920524919,4.270695952029551,0.691153161953081,3.8187108282864943,4.137164559405029,5.117993812416755,4.019381523748645,3.914021008090819,3.4440173788450834,0.6832166123573445,0.691153161953081,0.691153161953081,3.7316994512968646,3.914021008090819,2.8844015909096608])",0.0
R191,"['natural', 'really', 'hope', 'outside', 'blood.', 'child', 'finally', 'night', 'court', 'discussion', 'body.', 'take', 'across.', 'experts', 'discuss', 'ongoing', 'developments', 'budget', 'report.']","(10000,[855,1817,3614,4112,4349,4506,4568,4687,4988,4991,5315,5432,5627,5726,6000,6869,7244,8568,9462],[4.270695952029551,4.42484663185681,0.6636465161632473,3.914021008090819,4.607168188650764,0.691153161953081,3.6516567436233283,0.691153161953081,3.914021008090819,2.6330871626287546,3.8187108282864943,2.7508701982851385,5.523458920524919,4.270695952029551,3.914021008090819,4.019381523748645,3.4440173788450834,3.914021008090819,0.691153161953081])",1.0
R130,"['approach', 'reach', 'sport', 'yard', 'reach', 'choice', 'tonight.', 'enjoy', 'wide', 'sometimes', 'example', 'field.', 'experts', 'discuss', 'ongoing', 'developments', 'public', 'health.']","(10000,[424,1770,1805,2836,3095,3132,3614,4506,4687,5869,6053,6219,8278,8386,9184,9462,9606],[4.019381523748645,2.958509563063383,3.914021008090819,4.607168188650764,4.270695952029551,5.523458920524919,0.6636465161632473,0.691153161953081,0.691153161953081,4.607168188650764,3.7316994512968646,3.0811118851557153,5.117993812416755,7.637421656572989,4.830311739964974,0.691153161953081,4.270695952029551])",1.0
F081,"['various', 'radio', 'less', 'plan', 'person', 'decision', 'hair.', 'court', 'read', 'they.', 'weight', 'chair', 'television', 'particularly', 'unit', 'among.', '—', 'shocking', 'claims', 'mind', 'control', 'surface', 'internet.']","(10000,[503,681,1195,1208,1777,2071,2193,3184,3249,4568,5212,5850,6123,6335,6443,6647,7281,7650,7936,8004,8338,8713,9086],[0.691153161953081,4.42484663185681,4.019381523748645,2.661258039595451,4.830311739964974,4.607168188650764,5.117993812416755,2.7508701982851385,3.4440173788450834,3.6516567436233283,5.523458920524919,0.691153161953081,4.42484663185681,4.137164559405029,3.8187108282864943,4.019381523748645,0.6832166123573445,4.42484663185681,0.691153161953081,4.607168188650764,0.691153161953081,3.7316994512968646,4.270695952029551])",0.0
R209,"['drug', 'around', 'teacher', 'moment.', 'experts', 'discuss', 'ongoing', 'developments', 'technology', 'breakthrough.']","(10000,[1020,2227,3614,4096,4506,4687,6197,7860,8708,9462],[2.5530444549552183,2.7200985396183848,0.6636465161632473,5.117993812416755,0.691153161953081,0.691153161953081,3.6516567436233283,2.920769235080536,4.137164559405029,0.691153161953081])",1.0
F228,"['town', 'newspaper', 'training', 'sign', 'speech.', 'forget', 'quite', 'various', 'story', 'blood', 'difference.', 'drop', 'idea', 'administration', 'name', 'major', 'kid.', '—', 'shocking', 'claims', 'hoax', 'surface', 'internet.']","(10000,[15,503,856,1058,1180,2359,3238,4377,4715,5185,5850,5958,6056,6647,6756,6855,7146,7281,7538,7936,8338,8577,8915],[4.270695952029551,0.691153161953081,4.830311739964974,3.914021008090819,5.523458920524919,3.8187108282864943,3.914021008090819,2.60568818844064,4.019381523748645,4.137164559405029,0.691153161953081,4.42484663185681,3.8187108282864943,4.019381523748645,3.3262343431887,4.830311739964974,4.270695952029551,0.6832166123573445,4.42484663185681,0.691153161953081,0.691153161953081,4.607168188650764,5.117993812416755])",0.0
R030,"['relate', 'way', 'away', 'could.', 'risk', 'pattern', 'rate', 'have.', 'place', 'political', 'able', 'leave', 'research.', 'experts', 'discuss', 'ongoing', 'developments', 'budget', 'report.']","(10000,[253,617,988,2913,3496,3614,3737,3935,4506,4687,4882,4991,5432,6390,7066,7876,8794,9391,9462],[3.7316994512968646,4.42484663185681,3.914021008090819,3.577548771469606,4.830311739964974,0.6636465161632473,4.830311739964974,3.7316994512968646,0.691153161953081,0.691153161953081,5.523458920524919,2.6330871626287546,2.7508701982851385,3.7316994512968646,2.849310271098391,4.607168188650764,4.137164559405029,3.914021008090819,0.691153161953081])",1.0
R214,"['important', 'system.', 'girl', 'land', 'get', 'walk', 'mind', 'million.', 'friend', 'various', 'marriage', 'region', 'help.', 'eat', 'article', 'pick', 'cover.', 'experts', 'discuss', 'ongoing', 'developments', 'education.']","(10000,[488,1029,1702,1967,3184,3614,3952,4506,4687,5047,6142,6229,6358,6647,7148,7276,7372,7724,8159,8867,9426,9462],[4.137164559405029,4.019381523748645,4.137164559405029,4.019381523748645,2.7508701982851385,0.6636465161632473,5.523458920524919,0.691153161953081,0.691153161953081,2.6902455764687034,4.42484663185681,4.607168188650764,5.523458920524919,4.019381523748645,4.42484663185681,4.42484663185681,4.270695952029551,5.117993812416755,4.019381523748645,5.117993812416755,4.607168188650764,0.691153161953081])",1.0
R175,"['accept', 'value', 'decide.', 'deep', 'participant', 'race', 'table', 'case', 'behavior.', 'experts', 'discuss', 'ongoing', 'developments', 'economic', 'growth.']","(10000,[454,1762,2657,3614,3931,4310,4506,4687,5396,6342,6988,7403,9034,9144,9462],[3.5085558999826545,4.607168188650764,3.7316994512968646,0.6636465161632473,3.4440173788450834,5.523458920524919,0.691153161953081,0.691153161953081,4.019381523748645,4.019381523748645,5.523458920524919,4.607168188650764,2.8844015909096608,2.7200985396183848,0.691153161953081])",1.0
