id,title,filtered_words,label
R129,New Report on Election,"['bank', 'sit', 'although', 'born', 'test', 'cover', 'fear.', 'success', 'election', 'car', 'major', 'information', 'culture', 'picture.', 'letter', 'newspaper', 'authority', 'lay.', 'experts', 'discuss', 'ongoing', 'developments', 'election.']",REAL
R227,New Report on Climate Change,"['age', 'politics', 'sometimes', 'series', 'develop', 'action', 'figure.', 'focus', 'democratic', 'hour', 'century', 'economic', 'attorney', 'most.', 'south', 'price', 'news', 'let', 'shoulder.', 'experts', 'discuss', 'ongoing', 'developments', 'climate', 'change.']",REAL
F231,Aliens Confirmed by Sources,"['impact', 'shake', 'word', 'could.', 'authority', 'section', 'expect.', 'ready', 'tax', 'course', 'television', 'ago', 'political.', '—', 'shocking', 'claims', 'aliens', 'surface', 'internet.']",FAKE
R066,New Report on Policy,"['worry', 'reduce', 'age', 'answer', 'part', 'ball', 'population.', 'mr', 'student', 'responsibility', 'piece.', 'yes', 'choice', 'film', 'activity.', 'experts', 'discuss', 'ongoing', 'developments', 'policy.']",REAL
F095,Mind Control Confirmed by Sources,"['stand', 'eat', 'set', 'store', 'another.', 'art', 'door', 'discuss', 'church', 'spring.', 'type', 'enough', 'room', 'claim', 'difference', 'performance.', '—', 'shocking', 'claims', 'mind', 'control', 'surface', 'internet.']",FAKE
R174,New Report on Policy,"['power', 'threat', 'agreement', 'dog', 'apply', 'local', 'former.', 'key', 'decade', 'name', 'manage', 'certain', 'rather', 'when.', 'experts', 'discuss', 'ongoing', 'developments', 'policy.']",REAL
R201,New Report on Public Health,"['build', 'perhaps', 'amount', 'interview', 'sea', 'outside.', 'information', 'process', 'scene.', 'good', 'relate', 'coach.', 'experts', 'discuss', 'ongoing', 'developments', 'public', 'health.']",REAL
R072,New Report on Education,"['lay', 'support', 'well', 'throughout', 'order', 'explain.', 'step', 'last', 'check', 'western', 'modern', 'name', 'since', 'best.', 'food', 'concern', 'particularly.', 'experts', 'discuss', 'ongoing', 'developments', 'education.']",REAL
R064,New Report on Research,"['mr', 'student', 'boy.', 'toward', 'campaign', 'experience.', 'experts', 'discuss', 'ongoing', 'developments', 'research.']",REAL
F037,Miracle Drug Confirmed by Sources,"['realize', 'arrive', 'push', 'find', 'meeting.', 'minute', 'visit', 'professor', 'become.', 'member', 'fund', 'information', 'see', 'scene.', '—', 'shocking', 'claims', 'miracle', 'drug', 'surface', 'internet.']",FAKE
R170,New Report on Technology Breakthrough,"['tell', 'table', 'behind', 'method', 'mouth', 'series', 'best', 'serve.', 'democrat', 'event', 'cause', 'community', 'husband', 'my.', 'experts', 'discuss', 'ongoing', 'developments', 'technology', 'breakthrough.']",REAL
F110,Celebrity Scandal Confirmed by Sources,"['issue', 'serious', 'war.', 'cold', 'ready', 'professor', 'question', 'move.', 'record', 'everybody', 'total', 'interesting', 'present.', '—', 'shocking', 'claims', 'celebrity', 'scandal', 'surface', 'internet.']",FAKE
F048,Secret Cure Confirmed by Sources,"['light', 'home.', 'president', 'population', 'several', 'leg.', 'fact', 'new', 'wrong', 'well', 'nor.', '—', 'shocking', 'claims', 'secret', 'cure', 'surface', 'internet.']",FAKE
F082,Hoax Confirmed by Sources,"['camera', 'type', 'trial', 'staff', 'month', 'build', 'summer.', 'happy', 'whether', 'country', 'grow', 'especially', 'force.', 'series', 'admit', 'life', 'family', 'state.', '—', 'shocking', 'claims', 'hoax', 'surface', 'internet.']",FAKE
F187,Miracle Drug Confirmed by Sources,"['political', 'particular', 'various.', 'moment', 'structure', 'really', 'cover', 'book', 'election.', '—', 'shocking', 'claims', 'miracle', 'drug', 'surface', 'internet.']",FAKE
F027,Miracle Drug Confirmed by Sources,"['thus', 'ahead', 'national.', 'hotel', 'likely', 'accept', 'dream', 'away.', '—', 'shocking', 'claims', 'miracle', 'drug', 'surface', 'internet.']",FAKE
F202,Hoax Confirmed by Sources,"['control', 'population', 'cultural', 'seven', 'level.', 'sea', 'family', 'end', 'treatment', 'almost', 'exactly.', 'size', 'ask', 'matter', 'might.', '—', 'shocking', 'claims', 'hoax', 'surface', 'internet.']",FAKE
F197,Secret Cure Confirmed by Sources,"['turn', 'probably', 'country', 'machine.', 'week', 'effort', 'teach', 'watch', 'recently.', '—', 'shocking', 'claims', 'secret', 'cure', 'surface', 'internet.']",FAKE
R128,New Report on Climate Change,"['drop', 'write', 'hundred', 'deal', 'old.', 'suggest', 'pm', 'ball', 'return', 'guess', 'player.', 'bill', 'education', 'possible', 'bring', 'instead', 'third', 'building.', 'experts', 'discuss', 'ongoing', 'developments', 'climate', 'change.']",REAL
F157,Government Cover-Up Confirmed by Sources,"['threat', 'risk', 'anyone', 'federal.', 'believe', 'theory', 'hope.', 'contain', 'nice', 'control', 'detail', 'single', 'despite.', '—', 'shocking', 'claims', 'government', 'cover-up', 'surface', 'internet.']",FAKE
F117,Hoax Confirmed by Sources,"['strong', 'mouth', 'direction', 'executive', 'test', 'instead.', 'listen', 'hot', 'economy', 'west', 'organization', 'always.', '—', 'shocking', 'claims', 'hoax', 'surface', 'internet.']",FAKE
F173,Secret Cure Confirmed by Sources,"['science', 'simply', 'couple.', 'first', 'thus', 'summer', 'list', 'consumer', 'stuff.', 'growth', 'identify', 'sign', 'former', 'trouble.', '—', 'shocking', 'claims', 'secret', 'cure', 'surface', 'internet.']",FAKE
F024,Aliens Confirmed by Sources,"['case', 'determine', 'party', 'talk', 'product.', 'tree', 'item', 'fish', 'political', 'view', 'majority', 'thousand.', '—', 'shocking', 'claims', 'aliens', 'surface', 'internet.']",FAKE
F096,Celebrity Scandal Confirmed by Sources,"['take', 'read', 'level', 'never', 'step.', 'manager', 'focus', 'along', 'audience', 'lose.', '—', 'shocking', 'claims', 'celebrity', 'scandal', 'surface', 'internet.']",FAKE
R247,New Report on Public Health,"['cultural', 'position', 'business', 'yes', 'blood', 'just.', 'box', 'spend', 'feeling', 'set.', 'experts', 'discuss', 'ongoing', 'developments', 'public', 'health.']",REAL
F226,Government Cover-Up Confirmed by Sources,"['age', 'officer', 'air', 'close.', 'despite', 'career', 'significant', 'without', 'especially.', '—', 'shocking', 'claims', 'government', 'cover-up', 'surface', 'internet.']",FAKE
F100,Flat Earth Confirmed by Sources,"['clearly', 'close.', 'ask', 'focus', 'such.', 'ask', 'stock', 'notice', 'rate', 'forget.', '—', 'shocking', 'claims', 'flat', 'earth', 'surface', 'internet.']",FAKE
F246,Government Cover-Up Confirmed by Sources,"['letter', 'worry', 'compare', 'fact', 'friend', 'end.', 'let', 'leader', 'knowledge', 'image', 'head', 'response.', 'lot', 'seven', 'child', 'enter', 'risk.', '—', 'shocking', 'claims', 'government', 'cover-up', 'surface', 'internet.']",FAKE
F183,Aliens Confirmed by Sources,"['experience', 'interest', 'individual', 'sit.', 'letter', 'draw', 'condition', 'us', 'law.', 'activity', 'car', 'true', 'result', 'must.', 'spring', 'event.', '—', 'shocking', 'claims', 'aliens', 'surface', 'internet.']",FAKE
R063,New Report on Policy,"['bring', 'young', 'make', 'add', 'seven', 'trip', 'create', 'add.', 'fill', 'inside', 'break', 'skin', 'yet', 'voice', 'attention.', 'experts', 'discuss', 'ongoing', 'developments', 'policy.']",REAL
R005,New Report on Election,"['performance', 'beautiful', 'thought', 'their.', 'believe', 'bad', 'tax', 'mrs', 'trip.', 'discover', 'must', 'design', 'reality', 'heavy.', 'experts', 'discuss', 'ongoing', 'developments', 'election.']",REAL
R084,New Report on Election,"['safe', 'rather', 'home', 'maybe.', 'husband', 'despite', 'condition', 'eye.', 'interesting', 'receive', 'serve', 'remain', 'lawyer', 'candidate.', 'experts', 'discuss', 'ongoing', 'developments', 'election.']",REAL
R124,New Report on Education,"['base', 'source', 'class', 'interview', 'develop.', 'whether', 'actually', 'personal', 'economic.', 'admit', 'fear', 'mission', 'difficult', 'soon.', 'experts', 'discuss', 'ongoing', 'developments', 'education.']",REAL
R118,New Report on Research,"['nice', 'dinner', 'community', 'tax.', 'knowledge', 'guess', 'strategy', 'rest', 'station', 'form', 'structure.', 'catch', 'free', 'good', 'leg', 'age', 'idea', 'month', 'radio.', 'experts', 'discuss', 'ongoing', 'developments', 'research.']",REAL
F001,Aliens Confirmed by Sources,"['school', 'skin', 'shoulder', 'civil', 'phone', 'point.', 'audience', 'science', 'suggest', 'yet', 'hit', 'bit.', '—', 'shocking', 'claims', 'aliens', 'surface', 'internet.']",FAKE
F007,Immortal Jellyfish Confirmed by Sources,"['actually', 'important', 'music.', 'face', 'enjoy', 'huge', 'team', 'point', 'lose', 'movie', 'media.', '—', 'shocking', 'claims', 'immortal', 'jellyfish', 'surface', 'internet.']",FAKE
F046,Mind Control Confirmed by Sources,"['watch', 'body', 'section', 'possible', 'visit.', 'even', 'deal', 'assume', 'gun.', 'religious', 'follow', 'list', 'yes', 'thought', 'least', 'attention.', 'mind', 'quite', 'follow', 'ask', 'deep', 'worker.', '—', 'shocking', 'claims', 'mind', 'control', 'surface', 'internet.']",FAKE
R103,New Report on Research,"['summer', 'prevent', 'future', 'order', 'today', 'operation.', 'safe', 'food', 'trial', 'trouble', 'also.', 'experts', 'discuss', 'ongoing', 'developments', 'research.']",REAL
R037,New Report on Budget Report,"['within', 'choice', 'perform', 'find', 'say.', 'number', 'whatever', 'key', 'still', 'couple.', 'exist', 'agreement', 'go', 'time.', 'experts', 'discuss', 'ongoing', 'developments', 'budget', 'report.']",REAL
F193,Secret Cure Confirmed by Sources,"['arm', 'care', 'degree', 'series', 'expect', 'option.', 'continue', 'radio', 'participant', 'ball', 'voice', 'gun.', 'shake', 'give', 'term', 'article', 'natural', 'success.', 'impact', 'across', 'discussion', 'attorney', 'assume', 'back', 'market.', '—', 'shocking', 'claims', 'secret', 'cure', 'surface', 'internet.']",FAKE
R166,New Report on Election,"['agreement', 'kitchen', 'seat', 'administration.', 'thus', 'along', 'personal', 'past', 'sign.', 'move', 'sign', 'security', 'resource', 'line', 'perhaps.', 'experts', 'discuss', 'ongoing', 'developments', 'election.']",REAL
F017,Immortal Jellyfish Confirmed by Sources,"['message', 'pick', 'husband', 'they.', 'dark', 'gas', 'age', 'religious', 'pass', 'less', 'scene.', '—', 'shocking', 'claims', 'immortal', 'jellyfish', 'surface', 'internet.']",FAKE
R008,New Report on Economic Growth,"['light', 'black', 'recognize', 'meeting.', 'talk', 'quite', 'with.', 'experts', 'discuss', 'ongoing', 'developments', 'economic', 'growth.']",REAL
F071,Celebrity Scandal Confirmed by Sources,"['important', 'probably', 'current', 'writer', 'though.', 'charge', 'future', 'develop', 'evening.', 'soon', 'majority', 'safe', 'nation', 'good', 'carry', 'organization.', 'animal', 'bank', 'really', 'church.', '—', 'shocking', 'claims', 'celebrity', 'scandal', 'surface', 'internet.']",FAKE
F028,Mind Control Confirmed by Sources,"['office', 'behind', 'little', 'page', 'american', 'by.', 'individual', 'choice', 'north', 'finish', 'bag', 'run', 'its.', 'really', 'effort', 'next', 'forget', 'far', 'building.', '—', 'shocking', 'claims', 'mind', 'control', 'surface', 'internet.']",FAKE
F227,Immortal Jellyfish Confirmed by Sources,"['list', 'senior', 'measure', 'none', 'exist', 'south.', 'tell', 'physical', 'night', 'like', 'film', 'establish', 'positive.', 'bad', 'term', 'number', 'line', 'beat', 'control', 'tonight.', '—', 'shocking', 'claims', 'immortal', 'jellyfish', 'surface', 'internet.']",FAKE
R200,New Report on Public Health,"['candidate', 'ready', 'accept', 'yes.', 'model', 'moment', 'wear', 'second', 'save', 'almost', 'stay.', 'experts', 'discuss', 'ongoing', 'developments', 'public', 'health.']",REAL
R225,New Report on Climate Change,"['produce', 'role.', 'dinner', 'affect', 'lead', 'brother.', 'possible', 'central', 'owner', 'others', 'tonight', 'eat.', 'experts', 'discuss', 'ongoing', 'developments', 'climate', 'change.']",REAL
R062,New Report on Budget Report,"['son', 'industry', 'protect', 'since.', 'half', 'institution', 'section', 'parent', 'by.', 'score', 'best', 'order', 'share', 'protect.', 'experts', 'discuss', 'ongoing', 'developments', 'budget', 'report.']",REAL
F033,Hoax Confirmed by Sources,"['pretty', 'tv', 'service', 'father', 'there.', 'feel', 'young', 'successful', 'product', 'star.', '—', 'shocking', 'claims', 'hoax', 'surface', 'internet.']",FAKE
F012,Hoax Confirmed by Sources,"['sign', 'establish', 'upon', 'crime', 'possible.', 'rest', 'tough', 'case', 'key', 'appear', 'likely.', '—', 'shocking', 'claims', 'hoax', 'surface', 'internet.']",FAKE
R121,New Report on Research,"['wide', 'somebody', 'look', 'watch', 'city', 'source.', 'area', 'plant', 'man', 'bad', 'simple', 'out.', 'experts', 'discuss', 'ongoing', 'developments', 'research.']",REAL
F210,Aliens Confirmed by Sources,"['tough', 'town', 'keep', 'that.', 'film', 'majority', 'recently', 'blue', 'hard.', 'article', 'line', 'blue', 'see', 'though', 'forget.', '—', 'shocking', 'claims', 'aliens', 'surface', 'internet.']",FAKE
F151,Hoax Confirmed by Sources,"['top', 'camera', 'film.', 'cause', 'professional', 'cost', 'young', 'represent', 'blood', 'evidence', 'this.', 'tree', 'former', 'mission', 'art.', '—', 'shocking', 'claims', 'hoax', 'surface', 'internet.']",FAKE
F099,Secret Cure Confirmed by Sources,"['leader', 'interest', 'stuff', 'brother', 'ahead', 'term.', 'east', 'blood', 'future', 'physical', 'move.', 'management', 'minute', 'anyone', 'bring', 'however', 'machine.', '—', 'shocking', 'claims', 'secret', 'cure', 'surface', 'internet.']",FAKE
R090,New Report on Technology Breakthrough,"['nature', 'military', 'happen', 'among.', 'environment', 'stock', 'place', 'rather', 'movement.', 'experts', 'discuss', 'ongoing', 'developments', 'technology', 'breakthrough.']",REAL
R125,New Report on Budget Report,"['seek', 'side', 'health', 'floor', 'attack', 'compare.', 'feel', 'best', 'structure', 'dinner.', 'experts', 'discuss', 'ongoing', 'developments', 'budget', 'report.']",REAL
R091,New Report on Climate Change,"['eye', 'mind', 'reality', 'relationship.', 'morning', 'require', 'glass', 'every', 'town', 'game.', 'experts', 'discuss', 'ongoing', 'developments', 'climate', 'change.']",REAL
R157,New Report on Climate Change,"['light', 'half', 'dinner', 'adult', 'need.', 'experts', 'discuss', 'ongoing', 'developments', 'climate', 'change.']",REAL
F098,Miracle Drug Confirmed by Sources,"['turn', 'stop', 'everyone', 'catch', 'continue', 'dark.', 'parent', 'low', 'success', 'base.', '—', 'shocking', 'claims', 'miracle', 'drug', 'surface', 'internet.']",FAKE
F164,Immortal Jellyfish Confirmed by Sources,"['control', 'parent', 'morning', 'dinner', 'present', 'couple', 'test.', 'miss', 'quite', 'day', 'sister', 'star', 'guy', 'audience.', 'business', 'information', 'dinner', 'executive', 'treat', 'ago', 'ever.', '—', 'shocking', 'claims', 'immortal', 'jellyfish', 'surface', 'internet.']",FAKE
R050,New Report on Economic Growth,"['lot', 'writer', 'laugh', 'care.', 'world', 'upon', 'cover', 'face', 'something', 'american', 'recognize.', 'child', 'third', 'show', 'thus.', 'experts', 'discuss', 'ongoing', 'developments', 'economic', 'growth.']",REAL
R249,New Report on Climate Change,"['recognize', 'relate', 'operation.', 'eight', 'change', 'experience', 'without', 'front.', 'experts', 'discuss', 'ongoing', 'developments', 'climate', 'change.']",REAL
R093,New Report on Election,"['alone', 'democratic', 'account.', 'ready', 'mrs', 'including', 'including', 'better.', 'sure', 'attorney', 'arm', 'city', 'relate.', 'experts', 'discuss', 'ongoing', 'developments', 'election.']",REAL
R131,New Report on Education,"['around', 'buy', 'cut', 'account', 'value', 'whose.', 'drug', 'else', 'three', 'development.', 'experts', 'discuss', 'ongoing', 'developments', 'education.']",REAL
F107,Flat Earth Confirmed by Sources,"['newspaper', 'perhaps', 'including', 'without.', '—', 'shocking', 'claims', 'flat', 'earth', 'surface', 'internet.']",FAKE
F153,Hoax Confirmed by Sources,"['hundred', 'social', 'officer', 'kid', 'material', 'daughter.', 'interview', 'indicate', 'conference', 'we.', '—', 'shocking', 'claims', 'hoax', 'surface', 'internet.']",FAKE
F091,Flat Earth Confirmed by Sources,"['move', 'amount', 'begin', 'street', 'big', 'weight.', 'conference', 'within', 'major', 'special', 'give.', 'way', 'activity', 'ready', 'meeting', 'number', 'similar.', '—', 'shocking', 'claims', 'flat', 'earth', 'surface', 'internet.']",FAKE
R246,New Report on Economic Growth,"['book', 'language', 'yet', 'join', 'later', 'somebody.', 'world', 'imagine', 'push', 'reason', 'season', 'happy.', 'child', 'case', 'next', 'beat', 'front', 'player', 'per', 'glass.', 'develop', 'bill', 'leader', 'four', 'president.', 'experts', 'discuss', 'ongoing', 'developments', 'economic', 'growth.']",REAL
F004,Secret Cure Confirmed by Sources,"['science', 'involve', 'national', 'teacher', 'ready.', '—', 'shocking', 'claims', 'secret', 'cure', 'surface', 'internet.']",FAKE
F220,Celebrity Scandal Confirmed by Sources,"['media', 'understand', 'child', 'religious', 'result', 'campaign', 'gun.', 'difficult', 'form', 'remember', 'specific', 'seem.', '—', 'shocking', 'claims', 'celebrity', 'scandal', 'surface', 'internet.']",FAKE
F121,Hoax Confirmed by Sources,"['open', 'wonder', 'media', 'success', 'cut.', 'rock', 'base', 'act', 'lay', 'police', 'measure.', 'value', 'sign', 'program', 'free', 'thousand', 'remain.', 'letter', 'return', 'central', 'never', 'pay', 'think.', '—', 'shocking', 'claims', 'hoax', 'surface', 'internet.']",FAKE
F245,Mind Control Confirmed by Sources,"['important', 'drug.', 'peace', 'various', 'return', 'simple', 'month', 'fall', 'star', 'consumer.', 'amount', 'street', 'site', 'affect.', '—', 'shocking', 'claims', 'mind', 'control', 'surface', 'internet.']",FAKE
R035,New Report on Climate Change,"['side', 'chance', 'probably', 'popular', 'former.', 'sort', 'short', 'sea', 'job', 'culture', 'necessary', 'administration.', 'person', 'civil', 'economic', 'involve', 'modern.', 'experts', 'discuss', 'ongoing', 'developments', 'climate', 'change.']",REAL
R024,New Report on Education,"['feel', 'score', 'first', 'million', 'heart', 'impact', 'military.', 'side', 'consider', 'impact', 'option', 'religious.', 'treat', 'power', 'grow', 'republican', 'start.', 'experts', 'discuss', 'ongoing', 'developments', 'education.']",REAL
F079,Miracle Drug Confirmed by Sources,"['light', 'thus', 'better', 'issue', 'try.', 'kitchen', 'property', 'charge.', 'government', 'author', 'game', 'organization.', '—', 'shocking', 'claims', 'miracle', 'drug', 'surface', 'internet.']",FAKE
R094,New Report on Policy,"['car', 'record.', 'difference', 'agreement', 'production', 'move', 'truth.', 'chair', 'describe', 'thought', 'thought', 'level', 'look', 'position.', 'experts', 'discuss', 'ongoing', 'developments', 'policy.']",REAL
R040,New Report on Policy,"['read', 'new', 'sea', 'run', 'base', 'type.', 'laugh', 'paper', 'author', 'economy.', 'experts', 'discuss', 'ongoing', 'developments', 'policy.']",REAL
F170,Immortal Jellyfish Confirmed by Sources,"['college', 'partner', 'husband', 'return', 'again.', 'later', 'shake', 'attention.', '—', 'shocking', 'claims', 'immortal', 'jellyfish', 'surface', 'internet.']",FAKE
F130,Immortal Jellyfish Confirmed by Sources,"['wall', 'scientist', 'believe', 'water', 'attack.', 'need', 'year', 'give.', 'better', 'drug', 'remain', 'prove', 'black', 'speak', 'lay', 'public.', '—', 'shocking', 'claims', 'immortal', 'jellyfish', 'surface', 'internet.']",FAKE
R085,New Report on Economic Growth,"['though', 'election', 'half', 'explain.', 'experts', 'discuss', 'ongoing', 'developments', 'economic', 'growth.']",REAL
R054,New Report on Budget Report,"['stop', 'clear.', 'situation', 'back', 'start', 'home', 'view', 'long.', 'situation', 'real', 'first', 'hand', 'girl', 'prepare.', 'experts', 'discuss', 'ongoing', 'developments', 'budget', 'report.']",REAL
R047,New Report on Technology Breakthrough,"['official', 'family', 'letter', 'woman', 'teach', 'trial.', 'vote', 'knowledge', 'another', 'cultural.', 'experts', 'discuss', 'ongoing', 'developments', 'technology', 'breakthrough.']",REAL
R199,New Report on Economic Growth,"['car', 'letter', 'news', 'choose', 'of.', 'bad', 'whose', 'cold', 'role', 'nature.', 'experts', 'discuss', 'ongoing', 'developments', 'economic', 'growth.']",REAL
F062,Miracle Drug Confirmed by Sources,"['reflect', 'contain', 'student', 'mother', 'compare', 'structure', 'together.', 'defense', 'huge', 'interest', 'speech', 'development', 'hour', 'far', 'truth.', 'fill', 'design', 'executive', 'fill.', '—', 'shocking', 'claims', 'miracle', 'drug', 'surface', 'internet.']",FAKE
R244,New Report on Technology Breakthrough,"['resource', 'city', 'still', 'address', 'democrat', 'agreement', 'professor.', 'doctor', 'teach', 'result', 'throughout.', 'event', 'technology', 'notice', 'yard', 'level', 'treatment', 'ten.', 'special', 'piece', 'teacher', 'spring', 'audience.', 'experts', 'discuss', 'ongoing', 'developments', 'technology', 'breakthrough.']",REAL
R107,New Report on Election,"['seven', 'may', 'interest', 'star', 'tough.', 'game', 'including', 'table', 'product', 'course', 'whatever', 'state.', 'bank', 'series', 'issue', 'thought', 'plant.', 'experts', 'discuss', 'ongoing', 'developments', 'election.']",REAL
F148,Aliens Confirmed by Sources,"['degree', 'pm', 'claim', 'responsibility', 'amount', 'make', 'hold', 'today.', 'save', 'entire', 'relate', 'commercial.', '—', 'shocking', 'claims', 'aliens', 'surface', 'internet.']",FAKE
F023,Mind Control Confirmed by Sources,"['especially', 'chance', 'key', 'two', 'take', 'else', 'teacher.', 'meeting', 'successful', 'century', 'course.', '—', 'shocking', 'claims', 'mind', 'control', 'surface', 'internet.']",FAKE
R075,New Report on Budget Report,"['provide', 'consumer', 'political', 'western', 'environmental', 'source.', 'outside', 'speech', 'style.', 'experts', 'discuss', 'ongoing', 'developments', 'budget', 'report.']",REAL
R220,New Report on Public Health,"['option', 'performance', 'activity', 'fine', 'near.', 'certainly', 'cover', 'production', 'push', 'become', 'world.', 'car', 'hour', 'ahead', 'gun', 'again.', 'experts', 'discuss', 'ongoing', 'developments', 'public', 'health.']",REAL
R099,New Report on Economic Growth,"['list', 'national', 'sort', 'letter', 'player.', 'rich', 'natural', 'politics', 'admit', 'statement', 'purpose', 'feeling', 'lawyer.', 'experts', 'discuss', 'ongoing', 'developments', 'economic', 'growth.']",REAL
F066,Flat Earth Confirmed by Sources,"['several', 'board', 'close', 'upon.', '—', 'shocking', 'claims', 'flat', 'earth', 'surface', 'internet.']",FAKE
F060,Flat Earth Confirmed by Sources,"['according', 'officer', 'idea', 'doctor', 'gas.', 'hot', 'crime', 'reason.', '—', 'shocking', 'claims', 'flat', 'earth', 'surface', 'internet.']",FAKE
F022,Government Cover-Up Confirmed by Sources,"['free', 'decide', 'special', 'organization', 'business', 'main', 'game.', 'seek', 'south', 'ask', 'east', 'man', 'now.', 'explain', 'add', 'mrs', 'be.', '—', 'shocking', 'claims', 'government', 'cover-up', 'surface', 'internet.']",FAKE
F127,Mind Control Confirmed by Sources,"['ahead', 'staff', 'decide', 'condition', 'participant', 'simply', 'quickly', 'third.', 'quality', 'toward', 'stand', 'event', 'animal', 'good.', 'poor', 'radio', 'range', 'common.', '—', 'shocking', 'claims', 'mind', 'control', 'surface', 'internet.']",FAKE
R212,New Report on Education,"['son', 'present', 'become.', 'rate', 'choice', 'rate', 'including', 'production', 'after.', 'cost', 'technology', 'whatever', 'degree', 'beautiful.', 'experts', 'discuss', 'ongoing', 'developments', 'education.']",REAL
F119,Mind Control Confirmed by Sources,"['father', 'nice', 'reflect', 'media', 'similar', 'image', 'traditional.', 'understand', 'despite', 'blue', 'threat', 'detail', 'resource', 'fill.', 'knowledge', 'international', 'yard', 'usually', 'coach', 'near', 'bank', 'apply.', '—', 'shocking', 'claims', 'mind', 'control', 'surface', 'internet.']",FAKE
F103,Hoax Confirmed by Sources,"['sit', 'sort', 'soon', 'entire', 'save', 'address.', '—', 'shocking', 'claims', 'hoax', 'surface', 'internet.']",FAKE
F191,Mind Control Confirmed by Sources,"['democrat', 'plan', 'central', 'friend.', '—', 'shocking', 'claims', 'mind', 'control', 'surface', 'internet.']",FAKE
F002,Mind Control Confirmed by Sources,"['thus', 'reach', 'hear', 'capital', 'expert.', 'market', 'rate', 'evidence', 'possible.', '—', 'shocking', 'claims', 'mind', 'control', 'surface', 'internet.']",FAKE
R155,New Report on Election,"['hold', 'decade', 'wall', 'yes.', 'man', 'ready', 'chance', 'side.', 'nothing', 'let', 'energy.', 'experts', 'discuss', 'ongoing', 'developments', 'election.']",REAL
R006,New Report on Technology Breakthrough,"['parent', 'every', 'front', 'officer', 'report', 'street', 'station', 'camera.', 'allow', 'ground', 'poor.', 'experts', 'discuss', 'ongoing', 'developments', 'technology', 'breakthrough.']",REAL
F086,Government Cover-Up Confirmed by Sources,"['end', 'few.', 'point', 'recent', 'bed', 'class.', 'stuff', 'something', 'six', 'five', 'forward', 'board.', '—', 'shocking', 'claims', 'government', 'cover-up', 'surface', 'internet.']",FAKE
R168,New Report on Election,"['site', 'father', 'boy', 'majority.', 'film', 'president', 'also', 'ask.', 'feel', 'play', 'resource', 'class.', 'experts', 'discuss', 'ongoing', 'developments', 'election.']",REAL
R077,New Report on Public Health,"['little', 'offer', 'reason', 'political', 'big', 'first.', 'activity', 'different', 'resource', 'probably', 'statement', 'price', 'possible', 'best.', 'chair', 'room', 'rate', 'enter', 'yes.', 'experts', 'discuss', 'ongoing', 'developments', 'public', 'health.']",REAL
F209,Hoax Confirmed by Sources,"['team', 'wish', 'find', 'oil', 'head', 'notice.', 'top', 'toward', 'court', 'tv', 'seem.', '—', 'shocking', 'claims', 'hoax', 'surface', 'internet.']",FAKE
R236,New Report on Public Health,"['family', 'radio', 'deal', 'strategy', 'film', 'front', 'light', 'stuff.', 'task', 'color', 'quite', 'next', 'particularly', 'particularly.', 'experts', 'discuss', 'ongoing', 'developments', 'public', 'health.']",REAL
F186,Aliens Confirmed by Sources,"['pass', 'become.', 'follow', 'test', 'land.', '—', 'shocking', 'claims', 'aliens', 'surface', 'internet.']",FAKE
R243,New Report on Public Health,"['body', 'building', 'image', 'reality', 'yourself.', 'high', 'exactly', 'everything', 'teach', 'likely', 'miss.', 'experts', 'discuss', 'ongoing', 'developments', 'public', 'health.']",REAL
F094,Immortal Jellyfish Confirmed by Sources,"['decade', 'officer', 'happen', 'push.', 'seat', 'involve', 'order', 'success', 'four', 'whether.', 'feel', 'member', 'listen', 'visit', 'eye', 'capital.', '—', 'shocking', 'claims', 'immortal', 'jellyfish', 'surface', 'internet.']",FAKE
R032,New Report on Economic Growth,"['body', 'present', 'person', 'happy.', 'role', 'shoulder', 'consider', 'skill.', 'experts', 'discuss', 'ongoing', 'developments', 'economic', 'growth.']",REAL
R033,New Report on Education,"['red', 'make', 'likely', 'herself.', 'use', 'claim', 'sea', 'according', 'type.', 'indeed', 'daughter', 'blood.', 'experts', 'discuss', 'ongoing', 'developments', 'education.']",REAL
R045,New Report on Technology Breakthrough,"['important', 'heart', 'state.', 'scene', 'board', 'help', 'maintain', 'week', 'eye', 'drug.', 'experts', 'discuss', 'ongoing', 'developments', 'technology', 'breakthrough.']",REAL
R116,New Report on Education,"['buy', 'control', 'recognize', 'scientist.', 'doctor', 'cost', 'crime', 'ever', 'join', 'word.', 'experts', 'discuss', 'ongoing', 'developments', 'education.']",REAL
F056,Celebrity Scandal Confirmed by Sources,"['pretty', 'gun', 'behind', 'full', 'individual', 'carry', 'notice.', 'prevent', 'significant', 'professor', 'space.', 'knowledge', 'structure', 'ground', 'worry', 'media', 'smile', 'risk.', '—', 'shocking', 'claims', 'celebrity', 'scandal', 'surface', 'internet.']",FAKE
R043,New Report on Policy,"['opportunity', 'war', 'bring', 'risk', 'thought', 'heart', 'hit.', 'science', 'though', 'start', 'hope', 'hot.', 'draw', 'board', 'able.', 'experts', 'discuss', 'ongoing', 'developments', 'policy.']",REAL
R145,New Report on Economic Growth,"['building', 'keep', 'west', 'law', 'top', 'science', 'home.', 'give', 'message', 'interesting', 'mention.', 'experts', 'discuss', 'ongoing', 'developments', 'economic', 'growth.']",REAL
F200,Secret Cure Confirmed by Sources,"['ever', 'social', 'property.', 'free', 'service', 'identify', 'sure', 'second', 'record', 'home.', '—', 'shocking', 'claims', 'secret', 'cure', 'surface', 'internet.']",FAKE
F034,Celebrity Scandal Confirmed by Sources,"['government', 'discussion', 'audience', 'either.', 'suddenly', 'direction', 'make', 'report', 'explain', 'build.', '—', 'shocking', 'claims', 'celebrity', 'scandal', 'surface', 'internet.']",FAKE
F149,Secret Cure Confirmed by Sources,"['world', 'money', 'use', 'hospital', 'minute', 'generation.', '—', 'shocking', 'claims', 'secret', 'cure', 'surface', 'internet.']",FAKE
F051,Secret Cure Confirmed by Sources,"['table', 'blood.', 'bit', 'military', 'six', 'country.', 'establish', 'customer', 'strong', 'future', 'mother.', '—', 'shocking', 'claims', 'secret', 'cure', 'surface', 'internet.']",FAKE
F089,Flat Earth Confirmed by Sources,"['assume', 'occur', 'night', 'girl.', 'reduce', 'society', 'success', 'material', 'concern.', '—', 'shocking', 'claims', 'flat', 'earth', 'surface', 'internet.']",FAKE
F135,Flat Earth Confirmed by Sources,"['personal', 'stand', 'race', 'need', 'institution.', 'various', 'father', 'word', 'defense.', 'head', 'bank', 'street', 'current.', '—', 'shocking', 'claims', 'flat', 'earth', 'surface', 'internet.']",FAKE
F088,Government Cover-Up Confirmed by Sources,"['responsibility', 'good', 'notice', 'score.', 'though', 'key', 'base', 'vote', 'agent', 'hope.', 'world', 'wife', 'yeah', 'new', 'serve', 'option.', '—', 'shocking', 'claims', 'government', 'cover-up', 'surface', 'internet.']",FAKE
R010,New Report on Election,"['level', 'time', 'as.', 'experts', 'discuss', 'ongoing', 'developments', 'election.']",REAL
R211,New Report on Policy,"['child', 'voice', 'area', 'back', 'north.', 'religious', 'somebody', 'television', 'book.', 'experts', 'discuss', 'ongoing', 'developments', 'policy.']",REAL
F204,Miracle Drug Confirmed by Sources,"['federal', 'want', 'respond', 'box', 'including.', 'task', 'find', 'rock', 'able', 'likely', 'need', 'crime.', 'current', 'try', 'certainly', 'board', 'so.', 'doctor', 'plant', 'station', 'light', 'law.', '—', 'shocking', 'claims', 'miracle', 'drug', 'surface', 'internet.']",FAKE
F168,Miracle Drug Confirmed by Sources,"['social', 'report', 'hit', 'idea.', 'base', 'rate', 'instead', 'issue', 'road', 'but.', 'senior', 'provide', 'public', 'vote.', '—', 'shocking', 'claims', 'miracle', 'drug', 'surface', 'internet.']",FAKE
R011,New Report on Public Health,"['young', 'record', 'street', 'west', 'woman.', 'suffer', 'article', 'hit', 'catch.', 'evidence', 'family', 'trip', 'democrat', 'involve.', 'everything', 'find', 'thus', 'third', 'main', 'guy.', 'experts', 'discuss', 'ongoing', 'developments', 'public', 'health.']",REAL
R232,New Report on Climate Change,"['begin', 'church', 'century', 'country', 'development', 'whether.', 'easy', 'within', 'husband', 'wish', 'process', 'drive.', 'operation', 'matter', 'bring', 'rock', 'prove.', 'experts', 'discuss', 'ongoing', 'developments', 'climate', 'change.']",REAL
R042,New Report on Public Health,"['american', 'try', 'strategy.', 'low', 'feel', 'mind', 'senior', 'wrong', 'be.', 'experts', 'discuss', 'ongoing', 'developments', 'public', 'health.']",REAL
F182,Hoax Confirmed by Sources,"['direction', 'decide', 'major', 'without.', 'pass', 'determine', 'car', 'amount', 'someone', 'test', 'within.', 'occur', 'leg', 'set', 'apply', 'break', 'pattern.', 'last', 'stuff', 'surface', 'mrs.', '—', 'shocking', 'claims', 'hoax', 'surface', 'internet.']",FAKE
F036,Miracle Drug Confirmed by Sources,"['sign', 'outside', 'since', 'able', 'cut', 'work.', 'type', 'rich', 'large', 'pass', 'leave.', 'dog', 'season', 'source', 'possible.', '—', 'shocking', 'claims', 'miracle', 'drug', 'surface', 'internet.']",FAKE
F068,Secret Cure Confirmed by Sources,"['ask', 'always', 'rule', 'team.', 'collection', 'end', 'notice.', 'collection', 'really', 'page', 'business', 'whether.', '—', 'shocking', 'claims', 'secret', 'cure', 'surface', 'internet.']",FAKE
R015,New Report on Election,"['success', 'college.', 'experts', 'discuss', 'ongoing', 'developments', 'election.']",REAL
R147,New Report on Climate Change,"['probably', 'however', 'final.', 'administration', 'reduce', 'politics', 'expect.', 'experts', 'discuss', 'ongoing', 'developments', 'climate', 'change.']",REAL
F198,Government Cover-Up Confirmed by Sources,"['spring', 'time', 'physical', 'billion', 'before.', 'hard', 'wind', 'entire', 'federal.', 'main', 'build', 'black', 'hair', 'office', 'increase.', '—', 'shocking', 'claims', 'government', 'cover-up', 'surface', 'internet.']",FAKE
R081,New Report on Climate Change,"['degree', 'start', 'adult', 'space', 'smile', 'study', 'force.', 'space', 'either', 'member', 'think', 'floor', 'center', 'entire', 'such.', 'show', 'mean', 'tonight', 'benefit', 'hair', 'protect.', 'experts', 'discuss', 'ongoing', 'developments', 'climate', 'change.']",REAL
F050,Aliens Confirmed by Sources,"['majority', 'whatever', 'bill', 'apply.', 'suffer', 'tell', 'final', 'model', 'try', 'letter', 'population.', 'walk', 'imagine', 'billion', 'with.', '—', 'shocking', 'claims', 'aliens', 'surface', 'internet.']",FAKE
F162,Celebrity Scandal Confirmed by Sources,"['discover', 'cold', 'power', 'outside', 'must', 'bed', 'them.', 'compare', 'five', 'case', 'energy', 'couple', 'car', 'both.', 'walk', 'stage', 'list.', '—', 'shocking', 'claims', 'celebrity', 'scandal', 'surface', 'internet.']",FAKE
R028,New Report on Technology Breakthrough,"['difference', 'treatment', 'hospital', 'raise.', 'everyone', 'right', 'although', 'style', 'save', 'impact', 'in.', 'experts', 'discuss', 'ongoing', 'developments', 'technology', 'breakthrough.']",REAL
R195,New Report on Budget Report,"['table', 'know', 'put', 'class', 'student', 'also.', 'mouth', 'guy', 'relate', 'even', 'billion', 'size.', 'mention', 'hot', 'set', 'college', 'weight', 'want', 'however.', 'experts', 'discuss', 'ongoing', 'developments', 'budget', 'report.']",REAL
F116,Aliens Confirmed by Sources,"['learn', 'include', 'arrive', 'reason.', 'population', 'issue', 'financial', 'marriage', 'natural', 'question', 'meet.', 'recently', 'technology', 'prepare', 'relationship', 'certainly', 'sure.', '—', 'shocking', 'claims', 'aliens', 'surface', 'internet.']",FAKE
R018,New Report on Research,"['member', 'less.', 'soldier', 'couple', 'modern', 'blood', 'line', 'single.', 'yet', 'minute', 'life', 'much', 'toward.', 'experts', 'discuss', 'ongoing', 'developments', 'research.']",REAL
F073,Immortal Jellyfish Confirmed by Sources,"['quickly', 'take', 'include', 'music', 'name.', 'fill', 'stand', 'somebody', 'mind', 'wall', 'heart.', '—', 'shocking', 'claims', 'immortal', 'jellyfish', 'surface', 'internet.']",FAKE
F059,Miracle Drug Confirmed by Sources,"['ago', 'return', 'current.', 'enter', 'catch', 'least', 'raise.', '—', 'shocking', 'claims', 'miracle', 'drug', 'surface', 'internet.']",FAKE
R078,New Report on Budget Report,"['room', 'vote', 'lay', 'tough', 'area', 'news.', 'seem', 'dark', 'building', 'work', 'whom.', 'need', 'direction', 'toward.', 'experts', 'discuss', 'ongoing', 'developments', 'budget', 'report.']",REAL
F216,Secret Cure Confirmed by Sources,"['field', 'fast', 'community', 'nothing', 'thus', 'choice.', 'choose', 'rate', 'federal', 'range.', '—', 'shocking', 'claims', 'secret', 'cure', 'surface', 'internet.']",FAKE
F206,Celebrity Scandal Confirmed by Sources,"['shake', 'population', 'energy', 'nation', 'role.', 'financial', 'popular', 'employee', 'maybe.', 'office', 'win', 'attention', 'pay.', '—', 'shocking', 'claims', 'celebrity', 'scandal', 'surface', 'internet.']",FAKE
R036,New Report on Research,"['write', 'staff', 'kitchen', 'sister', 'main', 'interview', 'politics', 'leg.', 'per', 'method', 'least.', 'theory', 'official', 'another', 'spring', 'pull', 'market', 'rock.', 'experts', 'discuss', 'ongoing', 'developments', 'research.']",REAL
F104,Aliens Confirmed by Sources,"['three', 'fire', 'maybe', 'staff', 'peace', 'mind.', 'tree', 'simply', 'song', 'box.', '—', 'shocking', 'claims', 'aliens', 'surface', 'internet.']",FAKE
F000,Hoax Confirmed by Sources,"['western', 'yes', 'police.', 'recently', 'future', 'case', 'administration', 'hear', 'detail', 'eight.', 'break', 'arrive', 'get', 'rather', 'animal', 'material.', '—', 'shocking', 'claims', 'hoax', 'surface', 'internet.']",FAKE
R136,New Report on Education,"['military', 'capital.', 'management', 'lot', 'blood', 'thousand.', 'experts', 'discuss', 'ongoing', 'developments', 'education.']",REAL
F019,Immortal Jellyfish Confirmed by Sources,"['energy', 'social', 'player', 'dinner', 'management.', 'front', 'course', 'year', 'bring.', 'discussion', 'oil', 'across', 'theory.', '—', 'shocking', 'claims', 'immortal', 'jellyfish', 'surface', 'internet.']",FAKE
R012,New Report on Technology Breakthrough,"['see', 'truth', 'military', 'hour.', 'answer', 'less', 'price', 'issue', 'check', 'big', 'politics.', 'experts', 'discuss', 'ongoing', 'developments', 'technology', 'breakthrough.']",REAL
R052,New Report on Education,"['authority', 'learn', 'foot.', 'experts', 'discuss', 'ongoing', 'developments', 'education.']",REAL
R123,New Report on Climate Change,"['entire', 'fly', 'available', 'day', 'common', 'human.', 'argue', 'yeah', 'face', 'court', 'receive', 'reality.', 'state', 'race', 'push', 'blood.', 'experts', 'discuss', 'ongoing', 'developments', 'climate', 'change.']",REAL
F040,Government Cover-Up Confirmed by Sources,"['section', 'social', 'voice', 'forget', 'town.', 'present', 'quite', 'decade', 'guy', 'management.', 'evidence', 'determine', 'share', 'time', 'current', 'authority.', '—', 'shocking', 'claims', 'government', 'cover-up', 'surface', 'internet.']",FAKE
R160,New Report on Climate Change,"['room', 'simply', 'boy', 'detail.', 'director', 'federal', 'energy', 'seem', 'particularly.', 'response', 'four', 'unit', 'behavior', 'option.', 'experts', 'discuss', 'ongoing', 'developments', 'climate', 'change.']",REAL
F067,Immortal Jellyfish Confirmed by Sources,"['hard', 'college', 'local', 'scientist', 'speak.', 'bit', 'character', 'official', 'although', 'right', 'site', 'election', 'road.', '—', 'shocking', 'claims', 'immortal', 'jellyfish', 'surface', 'internet.']",FAKE
R069,New Report on Research,"['compare', 'much', 'side', 'international', 'language', 'hundred', 'success', 'southern.', 'media', 'hour', 'take', 'feeling', 'task.', 'push', 'center', 'old', 'white.', 'experts', 'discuss', 'ongoing', 'developments', 'research.']",REAL
F160,Mind Control Confirmed by Sources,"['community', 'protect', 'popular', 'admit', 'number', 'put.', 'room', 'game', 'south', 'gun', 'challenge', 'us', 'indicate.', 'join', 'authority', 'executive.', '—', 'shocking', 'claims', 'mind', 'control', 'surface', 'internet.']",FAKE
F053,Hoax Confirmed by Sources,"['today', 'yeah', 'per', 'mother.', 'bad', 'sport', 'opportunity', 'speech', 'life', 'brother.', '—', 'shocking', 'claims', 'hoax', 'surface', 'internet.']",FAKE
R074,New Report on Education,"['avoid', 'might', 'return', 'interest', 'go.', 'action', 'pick', 'account', 'manage', 'star', 'majority.', 'road', 'rich', 'reach.', 'experts', 'discuss', 'ongoing', 'developments', 'education.']",REAL
R007,New Report on Election,"['republican', 'dark', 'interview', 'gun', 'player.', 'laugh', 'million', 'develop', 'military', 'particular', 'serious', 'material.', 'apply', 'daughter', 'traditional', 'family', 'western.', 'experts', 'discuss', 'ongoing', 'developments', 'election.']",REAL
R119,New Report on Climate Change,"['owner', 'together', 'bar', 'resource', 'campaign.', 'per', 'ten', 'present', 'fall', 'computer', 'check', 'others.', 'newspaper', 'right', 'business.', 'experts', 'discuss', 'ongoing', 'developments', 'climate', 'change.']",REAL
R087,New Report on Budget Report,"['court', 'standard', 'head', 'nearly', 'push', 'their.', 'fine', 'page', 'area', 'fear', 'hold', 'sense.', 'experts', 'discuss', 'ongoing', 'developments', 'budget', 'report.']",REAL
F145,Miracle Drug Confirmed by Sources,"['assume', 'worker.', 'case', 'table', 'kid', 'late', 'player', 'keep', 'garden.', 'throughout', 'success', 'news', 'sit', 'day', 'far.', '—', 'shocking', 'claims', 'miracle', 'drug', 'surface', 'internet.']",FAKE
R065,New Report on Budget Report,"['house', 'important.', 'student', 'bar', 'several', 'campaign', 'politics', 'three.', 'experts', 'discuss', 'ongoing', 'developments', 'budget', 'report.']",REAL
R208,New Report on Budget Report,"['dark', 'describe', 'around', 'your.', 'theory', 'realize', 'make', 'break', 'drug.', 'customer', 'dark', 'must.', 'experts', 'discuss', 'ongoing', 'developments', 'budget', 'report.']",REAL
R048,New Report on Budget Report,"['say', 'skill', 'real', 'represent.', 'station', 'try', 'rock', 'baby', 'professional', 'response', 'teacher', 'this.', 'experts', 'discuss', 'ongoing', 'developments', 'budget', 'report.']",REAL
F076,Aliens Confirmed by Sources,"['soldier', 'force.', 'message', 'model', 'beautiful.', '—', 'shocking', 'claims', 'aliens', 'surface', 'internet.']",FAKE
R019,New Report on Policy,"['car', 'prepare', 'free.', 'majority', 'cause', 'usually', 'agency', 'city', 'everybody.', 'experts', 'discuss', 'ongoing', 'developments', 'policy.']",REAL
F115,Immortal Jellyfish Confirmed by Sources,"['already', 'stuff', 'purpose', 'senior', 'summer.', 'mean', 'professional', 'special', 'dark.', '—', 'shocking', 'claims', 'immortal', 'jellyfish', 'surface', 'internet.']",FAKE
R031,New Report on Education,"['maintain', 'central', 'good', 'democrat', 'way.', 'various', 'feeling', 'actually', 'perhaps', 'development.', 'finish', 'education', 'institution', 'pass.', 'experts', 'discuss', 'ongoing', 'developments', 'education.']",REAL
R190,New Report on Research,"['interest', 'feel', 'building.', 'experts', 'discuss', 'ongoing', 'developments', 'research.']",REAL
F057,Mind Control Confirmed by Sources,"['reason', 'american.', 'actually', 'boy', 'available', 'make', 'region.', '—', 'shocking', 'claims', 'mind', 'control', 'surface', 'internet.']",FAKE
F158,Immortal Jellyfish Confirmed by Sources,"['head', 'show.', 'remain', 'half', 'look', 'need', 'continue', 'want', 'similar.', 'apply', 'parent', 'look', 'husband.', '—', 'shocking', 'claims', 'immortal', 'jellyfish', 'surface', 'internet.']",FAKE
F234,Flat Earth Confirmed by Sources,"['care', 'police', 'think', 'issue', 'administration', 'someone', 'skill.', 'task', 'know', 'attention', 'lose', 'leader', 'admit', 'recognize.', '—', 'shocking', 'claims', 'flat', 'earth', 'surface', 'internet.']",FAKE
F155,Flat Earth Confirmed by Sources,"['around', 'interest', 'campaign', 'city', 'clear.', 'move', 'man', 'song', 'accept', 'pretty', 'stay.', '—', 'shocking', 'claims', 'flat', 'earth', 'surface', 'internet.']",FAKE
F106,Flat Earth Confirmed by Sources,"['level', 'operation', 'interest', 'authority', 'two', 'north.', 'return', 'name', 'ball', 'bed', 'note', 'through.', '—', 'shocking', 'claims', 'flat', 'earth', 'surface', 'internet.']",FAKE
R051,New Report on Policy,"['pattern', 'place', 'individual', 'guess.', 'several', 'pressure', 'for.', 'major', 'knowledge', 'head', 'respond', 'avoid', 'final.', 'current', 'white', 'traditional.', 'experts', 'discuss', 'ongoing', 'developments', 'policy.']",REAL
R203,New Report on Education,"['determine', 'dream', 'option', 'suddenly', 'person.', 'professor', 'treat', 'leave', 'responsibility', 'seven', 'back.', 'democrat', 'response', 'bring', 'three', 'hair', 'play', 'this.', 'experts', 'discuss', 'ongoing', 'developments', 'education.']",REAL
F063,Secret Cure Confirmed by Sources,"['arm', 'education', 'record', 'traditional', 'outside.', 'member', 'watch', 'perform', 'congress.', 'work', 'general', 'staff', 'bank', 'rather', 'alone.', '—', 'shocking', 'claims', 'secret', 'cure', 'surface', 'internet.']",FAKE
R080,New Report on Policy,"['cost', 'material', 'street', 'drop.', 'direction', 'push', 'organization', 'color', 'among', 'man.', 'experts', 'discuss', 'ongoing', 'developments', 'policy.']",REAL
R226,New Report on Public Health,"['hear', 'main', 'ten', 'establish', 'speak', 'follow.', 'lawyer', 'walk', 'board', 'account.', 'security', 'understand', 'job', 'heart', 'television', 'allow', 'painting.', 'experts', 'discuss', 'ongoing', 'developments', 'public', 'health.']",REAL
F144,Hoax Confirmed by Sources,"['reach', 'painting', 'firm', 'eat', 'open.', 'debate', 'future', 'treat.', '—', 'shocking', 'claims', 'hoax', 'surface', 'internet.']",FAKE
F241,Flat Earth Confirmed by Sources,"['responsibility', 'away.', 'policy', 'program', 'director', 'describe', 'experience', 'federal', 'we.', '—', 'shocking', 'claims', 'flat', 'earth', 'surface', 'internet.']",FAKE
R150,New Report on Election,"['school', 'wind.', 'particularly', 'partner', 'wall', 'summer', 'animal', 'head.', 'hair', 'understand.', 'town', 'deep', 'continue', 'student', 'someone', 'operation.', 'experts', 'discuss', 'ongoing', 'developments', 'election.']",REAL
R153,New Report on Research,"['media', 'recent', 'picture', 'various', 'brother', 'staff', 'language.', 'experts', 'discuss', 'ongoing', 'developments', 'research.']",REAL
F175,Hoax Confirmed by Sources,"['live', 'campaign', 'deal', 'and.', 'day', 'stop', 'require', 'health.', '—', 'shocking', 'claims', 'hoax', 'surface', 'internet.']",FAKE
F161,Immortal Jellyfish Confirmed by Sources,"['production', 'better', 'important.', 'require', 'follow', 'dog', 'lot.', 'blue', 'key', 'force', 'among.', '—', 'shocking', 'claims', 'immortal', 'jellyfish', 'surface', 'internet.']",FAKE
F147,Secret Cure Confirmed by Sources,"['parent', 'board', 'everyone', 'summer', 'science', 'letter.', 'rise', 'expert', 'probably', 'grow.', '—', 'shocking', 'claims', 'secret', 'cure', 'surface', 'internet.']",FAKE
F018,Secret Cure Confirmed by Sources,"['likely', 'fish', 'thus', 'economy', 'congress.', 'draw', 'happen', 'toward.', '—', 'shocking', 'claims', 'secret', 'cure', 'surface', 'internet.']",FAKE
F211,Celebrity Scandal Confirmed by Sources,"['usually', 'help', 'listen', 'show', 'media', 'suffer.', 'kid', 'green', 'nature', 'school.', 'society', 'strong.', '—', 'shocking', 'claims', 'celebrity', 'scandal', 'surface', 'internet.']",FAKE
R117,New Report on Research,"['occur', 'coach', 'fish', 'position.', 'far', 'order', 'else', 'lose', 'pull', 'market.', 'defense', 'term', 'unit', 'almost', 'hope', 'fact', 'member.', 'fish', 'return', 'analysis', 'effect', 'traditional', 'always', 'hope.', 'experts', 'discuss', 'ongoing', 'developments', 'research.']",REAL
F016,Aliens Confirmed by Sources,"['quickly', 'audience', 'wrong', 'minute', 'national', 'stage', 'radio.', '—', 'shocking', 'claims', 'aliens', 'surface', 'internet.']",FAKE
F029,Flat Earth Confirmed by Sources,"['approach', 'board', 'action', 'discussion.', 'require', 'growth', 'might', 'before.', 'road', 'threat', 'travel', 'wear', 'with.', '—', 'shocking', 'claims', 'flat', 'earth', 'surface', 'internet.']",FAKE
F205,Celebrity Scandal Confirmed by Sources,"['fast', 'within', 'nearly', 'break', 'hundred', 'third', 'face', 'tonight.', 'follow', 'child', 'early', 'federal', 'individual.', 'rule', 'unit', 'rock', 'move.', '—', 'shocking', 'claims', 'celebrity', 'scandal', 'surface', 'internet.']",FAKE
R112,New Report on Economic Growth,"['mouth', 'bring', 'no.', 'amount', 'debate', 'poor.', 'find', 'particular', 'business', 'soldier', 'amount', 'one', 'challenge.', 'experts', 'discuss', 'ongoing', 'developments', 'economic', 'growth.']",REAL
F218,Government Cover-Up Confirmed by Sources,"['however', 'cause', 'space', 'ahead', 'food', 'partner', 'reflect.', 'option', 'result', 'learn', 'expect.', '—', 'shocking', 'claims', 'government', 'cover-up', 'surface', 'internet.']",FAKE
R187,New Report on Education,"['practice', 'fear', 'trip', 'including', 'yeah', 'kitchen.', 'energy', 'fund', 'card.', 'dream', 'low', 'public', 'must.', 'author', 'treatment', 'wonder', 'arrive', 'moment', 'southern.', 'experts', 'discuss', 'ongoing', 'developments', 'education.']",REAL
F087,Celebrity Scandal Confirmed by Sources,"['decade', 'open', 'eat.', 'individual', 'evidence', 'pull', 'foot', 'coach', 'camera', 'main', 'significant.', 'impact', 'buy', 'sport.', '—', 'shocking', 'claims', 'celebrity', 'scandal', 'surface', 'internet.']",FAKE
R171,New Report on Education,"['popular', 'investment', 'suggest.', 'medical', 'mean', 'chair.', 'experts', 'discuss', 'ongoing', 'developments', 'education.']",REAL
R113,New Report on Technology Breakthrough,"['media', 'sea', 'natural.', 'old', 'court', 'old.', 'let', 'board', 'son', 'sign', 'social', 'week.', 'expert', 'low', 'partner', 'development', 'claim.', 'experts', 'discuss', 'ongoing', 'developments', 'technology', 'breakthrough.']",REAL
R222,New Report on Public Health,"['action', 'wonder', 'travel', 'yet', 'assume.', 'wife', 'truth', 'many', 'card', 'throw', 'get', 'man.', 'experts', 'discuss', 'ongoing', 'developments', 'public', 'health.']",REAL
F233,Secret Cure Confirmed by Sources,"['sign', 'crime', 'important', 'model.', 'wear', 'heavy', 'degree', 'one.', 'test', 'produce', 'run', 'individual.', '—', 'shocking', 'claims', 'secret', 'cure', 'surface', 'internet.']",FAKE
R223,New Report on Climate Change,"['reach', 'sea', 'speak', 'ever', 'seem.', 'use', 'thing', 'building', 'usually', 'reduce', 'reflect.', 'prepare', 'discussion', 'truth.', 'experts', 'discuss', 'ongoing', 'developments', 'climate', 'change.']",REAL
F224,Secret Cure Confirmed by Sources,"['exactly', 'difference', 'kind', 'need', 'near', 'need', 'college.', 'assume', 'event', 'across', 'learn', 'opportunity.', '—', 'shocking', 'claims', 'secret', 'cure', 'surface', 'internet.']",FAKE
R181,New Report on Climate Change,"['cost', 'shake', 'wish', 'star', 'inside', 'identify.', 'writer', 'skin', 'model.', 'politics', 'test', 'light', 'clearly.', 'experts', 'discuss', 'ongoing', 'developments', 'climate', 'change.']",REAL
R056,New Report on Public Health,"['yeah', 'big', 'happen', 'night', 'quickly', 'past', 'learn.', 'per', 'enjoy', 'fire', 'approach', 'challenge', 'could.', 'show', 'last', 'theory', 'design.', 'experts', 'discuss', 'ongoing', 'developments', 'public', 'health.']",REAL
R110,New Report on Education,"['including', 'knowledge', 'new', 'smile', 'six', 'four.', 'experts', 'discuss', 'ongoing', 'developments', 'education.']",REAL
R219,New Report on Education,"['energy', 'without', 'information', 'near', 'first.', 'rise', 'throw', 'everything', 'billion', 'evidence', 'consumer', 'special.', 'change', 'go', 'ground', 'baby.', 'experts', 'discuss', 'ongoing', 'developments', 'education.']",REAL
R224,New Report on Education,"['available', 'positive', 'care', 'boy', 'movie.', 'quickly', 'bring', 'road', 'alone', 'professional.', 'treatment', 'late', 'laugh.', 'experts', 'discuss', 'ongoing', 'developments', 'education.']",REAL
F178,Immortal Jellyfish Confirmed by Sources,"['study', 'effort', 'change', 'every', 'nothing', 'sign.', 'sea', 'certain', 'full.', 'risk', 'participant', 'boy', 'manager', 'box.', '—', 'shocking', 'claims', 'immortal', 'jellyfish', 'surface', 'internet.']",FAKE
F074,Secret Cure Confirmed by Sources,"['wind', 'discover', 'century', 'difference.', 'defense', 'skin', 'team.', 'hear', 'fish', 'wrong', 'next.', '—', 'shocking', 'claims', 'secret', 'cure', 'surface', 'internet.']",FAKE
R034,New Report on Budget Report,"['law', 'arm', 'conference', 'message', 'true', 'adult', 'condition.', 'knowledge', 'subject', 'city', 'grow', 'out.', 'one', 'military', 'measure', 'sell.', 'experts', 'discuss', 'ongoing', 'developments', 'budget', 'report.']",REAL
R095,New Report on Policy,"['town', 'again.', 'bed', 'newspaper', 'media', 'interview', 'pick', 'attack.', 'experts', 'discuss', 'ongoing', 'developments', 'policy.']",REAL
F011,Aliens Confirmed by Sources,"['radio', 'candidate', 'along', 'run', 'give', 'ask', 'finally', 'travel.', 'sell', 'exist', 'low', 'traditional.', '—', 'shocking', 'claims', 'aliens', 'surface', 'internet.']",FAKE
R162,New Report on Policy,"['choose', 'wind', 'walk', 'research', 'treat.', 'address', 'social', 'practice', 'form', 'success', 'tv.', 'small', 'police', 'site', 'act', 'half', 'forward.', 'experts', 'discuss', 'ongoing', 'developments', 'policy.']",REAL
R218,New Report on Election,"['ahead', 'cover', 'sign.', 'sure', 'never', 'on.', 'experts', 'discuss', 'ongoing', 'developments', 'election.']",REAL
F136,Miracle Drug Confirmed by Sources,"['fight', 'avoid', 'call', 'political', 'relationship', 'never.', 'reach', 'minute', 'amount', 'institution', 'stay.', '—', 'shocking', 'claims', 'miracle', 'drug', 'surface', 'internet.']",FAKE
R108,New Report on Economic Growth,"['whether', 'try', 'control', 'practice.', 'interest', 'moment', 'piece', 'ready', 'conference', 'majority', 'source.', 'clear', 'support', 'cover', 'nothing', 'piece', 'bar', 'outside', 'last.', 'experts', 'discuss', 'ongoing', 'developments', 'economic', 'growth.']",REAL
R186,New Report on Research,"['large', 'prevent', 'serious', 'life.', 'relationship', 'professor', 'on.', 'indicate', 'bit', 'street', 'economic', 'other.', 'experts', 'discuss', 'ongoing', 'developments', 'research.']",REAL
R248,New Report on Technology Breakthrough,"['common', 'office', 'ask', 'fill.', 'similar', 'research', 'clear', 'low', 'customer', 'college', 'share.', 'girl', 'contain', 'home', 'want.', 'open', 'card', 'group', 'must', 'wait', 'audience.', 'experts', 'discuss', 'ongoing', 'developments', 'technology', 'breakthrough.']",REAL
F045,Immortal Jellyfish Confirmed by Sources,"['speak', 'billion', 'data', 'watch', 'great', 'be.', 'key', 'open', 'risk', 'surface', 'none.', '—', 'shocking', 'claims', 'immortal', 'jellyfish', 'surface', 'internet.']",FAKE
F092,Secret Cure Confirmed by Sources,"['player', 'bill', 'official', 'song', 'conference', 'example.', 'want', 'reach', 'much', 'enjoy', 'understand', 'then.', '—', 'shocking', 'claims', 'secret', 'cure', 'surface', 'internet.']",FAKE
R100,New Report on Technology Breakthrough,"['fight', 'daughter', 'management', 'project', 'side', 'a.', 'plant', 'among', 'body.', 'experts', 'discuss', 'ongoing', 'developments', 'technology', 'breakthrough.']",REAL
F075,Miracle Drug Confirmed by Sources,"['ask', 'happy', 'way', 'organization', 'state.', 'house', 'whose', 'catch.', '—', 'shocking', 'claims', 'miracle', 'drug', 'surface', 'internet.']",FAKE
R059,New Report on Technology Breakthrough,"['though', 'charge', 'rather', 'actually', 'nothing', 'product.', 'project', 'economy', 'several', 'hundred', 'movie', 'financial', 'issue.', 'experts', 'discuss', 'ongoing', 'developments', 'technology', 'breakthrough.']",REAL
F213,Hoax Confirmed by Sources,"['imagine', 'move', 'total', 'drug', 'beat', 'movie.', 'compare', 'finally', 'significant', 'forget', 'positive', 'role', 'happy.', 'including', 'color', 'last', 'feel', 'cost', 'only.', '—', 'shocking', 'claims', 'hoax', 'surface', 'internet.']",FAKE
R233,New Report on Education,"['network', 'help', 'first', 'baby', 'doctor', 'they.', 'forward', 'feeling', 'number', 'according', 'onto', 'case.', 'win', 'former', 'war', 'century', 'task', 'style', 'explain.', 'experts', 'discuss', 'ongoing', 'developments', 'education.']",REAL
F072,Mind Control Confirmed by Sources,"['federal', 'occur', 'relationship', 'contain.', '—', 'shocking', 'claims', 'mind', 'control', 'surface', 'internet.']",FAKE
R184,New Report on Budget Report,"['laugh', 'artist', 'develop', 'six', 'past.', 'effort', 'much', 'skill', 'financial', 'democratic', 'expect', 'newspaper.', 'ready', 'scene', 'describe', 'politics', 'successful', 'human', 'power.', 'experts', 'discuss', 'ongoing', 'developments', 'budget', 'report.']",REAL
F134,Secret Cure Confirmed by Sources,"['attack', 'choose', 'real', 'tell', 'nice', 'help', 'or.', 'scientist', 'fact', 'high', 'analysis', 'because.', 'type', 'cover', 'center', 'thousand.', '—', 'shocking', 'claims', 'secret', 'cure', 'surface', 'internet.']",FAKE
R096,New Report on Research,"['plan', 'rich', 'apply', 'everyone', 'son', 'almost.', 'man', 'begin', 'mean', 'yet', 'office', 'where.', 'usually', 'industry', 'shake', 'writer.', 'either', 'time', 'including', 'fire', 'head.', 'experts', 'discuss', 'ongoing', 'developments', 'research.']",REAL
R020,New Report on Policy,"['perform', 'discover', 'authority', 'class', 'especially', 'alone', 'from.', 'friend', 'across', 'strong', 'evidence', 'nor.', 'quality', 'main', 'hour', 'person', 'mr.', 'experts', 'discuss', 'ongoing', 'developments', 'policy.']",REAL
R067,New Report on Policy,"['financial', 'goal', 'medical', 'check', 'allow.', 'consumer', 'garden', 'account', 'use', 'young.', 'production', 'enjoy', 'democrat.', 'experts', 'discuss', 'ongoing', 'developments', 'policy.']",REAL
R215,New Report on Education,"['without', 'long', 'game.', 'experts', 'discuss', 'ongoing', 'developments', 'education.']",REAL
R127,New Report on Policy,"['call', 'week', 'turn', 'common.', 'card', 'unit', 'quite', 'change', 'quickly', 'risk.', 'next', 'threat', 'guess.', 'experts', 'discuss', 'ongoing', 'developments', 'policy.']",REAL
R235,New Report on Technology Breakthrough,"['really', 'politics', 'check', 'run.', 'us', 'peace', 'ok.', 'experts', 'discuss', 'ongoing', 'developments', 'technology', 'breakthrough.']",REAL
R163,New Report on Climate Change,"['staff', 'part', 'week', 'memory', 'later', 'open', 'medical.', 'idea', 'along', 'plan.', 'experts', 'discuss', 'ongoing', 'developments', 'climate', 'change.']",REAL
R002,New Report on Education,"['market', 'specific', 'become', 'crime.', 'court', 'strategy', 'eat.', 'experts', 'discuss', 'ongoing', 'developments', 'education.']",REAL
R021,New Report on Education,"['really', 'thus', 'traditional', 'notice.', 'whether', 'couple', 'stop', 'certainly.', 'cut', 'use', 'nearly', 'might', 'item.', 'particular', 'call', 'compare', 'enter', 'administration', 'kid', 'tax.', 'experts', 'discuss', 'ongoing', 'developments', 'education.']",REAL
R013,New Report on Technology Breakthrough,"['economic', 'member', 'many', 'plan', 'million', 'hard.', 'involve', 'ok', 'common', 'official', 'yeah.', 'well', 'standard', 'light', 'best', 'operation.', 'experts', 'discuss', 'ongoing', 'developments', 'technology', 'breakthrough.']",REAL
F195,Flat Earth Confirmed by Sources,"['though', 'response', 'minute', 'with.', 'every', 'news', 'pattern', 'government', 'true.', 'military', 'everybody', 'measure', 'account', 'north', 'mrs.', '—', 'shocking', 'claims', 'flat', 'earth', 'surface', 'internet.']",FAKE
R101,New Report on Research,"['find', 'water', 'skill', 'particularly', 'tonight', 'something.', 'goal', 'song', 'occur', 'check.', 'current', 'official', 'authority', 'national', 'cause.', 'experts', 'discuss', 'ongoing', 'developments', 'research.']",REAL
R055,New Report on Research,"['often', 'south', 'require', 'health.', 'smile', 'attorney', 'story', 'nice', 'commercial.', 'center', 'someone', 'yard', 'recently', 'note.', 'experts', 'discuss', 'ongoing', 'developments', 'research.']",REAL
F190,Secret Cure Confirmed by Sources,"['occur', 'yet.', 'rule', 'avoid', 'agent', 'tv', 'mouth.', 'direction', 'professor', 'maybe', 'establish', 'reduce.', '—', 'shocking', 'claims', 'secret', 'cure', 'surface', 'internet.']",FAKE
R004,New Report on Education,"['world', 'side', 'one', 'movie', 'employee', 'hospital', 'check.', 'technology', 'traditional', 'cup', 'environment', 'thousand.', 'experts', 'discuss', 'ongoing', 'developments', 'education.']",REAL
F080,Celebrity Scandal Confirmed by Sources,"['despite', 'skin', 'continue', 'admit', 'event', 'skill.', 'stock', 'ability', 'meet', 'radio', 'front', 'build', 'military.', 'join', 'report', 'nation', 'ask', 'major', 'agency', 'meeting.', '—', 'shocking', 'claims', 'celebrity', 'scandal', 'surface', 'internet.']",FAKE
F049,Hoax Confirmed by Sources,"['method', 'factor', 'tv', 'keep', 'range', 'find.', 'source', 'consumer', 'art', 'traditional', 'however', 'claim.', 'change', 'bed', 'along', 'no.', '—', 'shocking', 'claims', 'hoax', 'surface', 'internet.']",FAKE
F184,Secret Cure Confirmed by Sources,"['real', 'note', 'front', 'politics', 'view.', 'become', 'certainly', 'yes', 'base', 'piece', 'cold.', '—', 'shocking', 'claims', 'secret', 'cure', 'surface', 'internet.']",FAKE
F030,Secret Cure Confirmed by Sources,"['level', 'agreement', 'relate', 'network', 'court', 'oil.', 'list', 'site', 'financial', 'resource', 'music.', '—', 'shocking', 'claims', 'secret', 'cure', 'surface', 'internet.']",FAKE
R213,New Report on Budget Report,"['seem', 'media', 'make.', 'firm', 'moment', 'explain', 'system', 'see.', 'experts', 'discuss', 'ongoing', 'developments', 'budget', 'report.']",REAL
F128,Immortal Jellyfish Confirmed by Sources,"['eight', 'wonder', 'probably', 'natural', 'hour.', 'enter', 'write', 'send', 'item', 'second', 'around.', '—', 'shocking', 'claims', 'immortal', 'jellyfish', 'surface', 'internet.']",FAKE
R231,New Report on Policy,"['capital', 'including', 'special', 'follow', 'artist.', 'son', 'ability', 'business', 'history', 'discover', 'establish', 'agree', 'guess.', 'personal', 'air', 'create', 'together', 'big', 'outside.', 'experts', 'discuss', 'ongoing', 'developments', 'policy.']",REAL
R061,New Report on Technology Breakthrough,"['challenge', 'meet', 'subject.', 'form', 'describe', 'strong', 'purpose.', 'role', 'position', 'action.', 'experts', 'discuss', 'ongoing', 'developments', 'technology', 'breakthrough.']",REAL
R137,New Report on Education,"['audience', 'cup', 'high.', 'sort', 'piece', 'wall', 'option', 'laugh.', 'girl', 'yes', 'discover', 'woman', 'prove.', 'experts', 'discuss', 'ongoing', 'developments', 'education.']",REAL
R185,New Report on Technology Breakthrough,"['inside', 'sense', 'throw', 'station', 'keep.', 'discuss', 'large', 'girl', 'task', 'article', 'sit.', 'experts', 'discuss', 'ongoing', 'developments', 'technology', 'breakthrough.']",REAL
R204,New Report on Technology Breakthrough,"['trial', 'never', 'common', 'often', 'structure', 'certain', 'including.', 'leave', 'first', 'recent.', 'difference', 'memory', 'hope', 'cause.', 'experts', 'discuss', 'ongoing', 'developments', 'technology', 'breakthrough.']",REAL
F217,Immortal Jellyfish Confirmed by Sources,"['model', 'buy', 'result', 'thousand', 'family', 'house.', 'air', 'blood', 'level', 'place', 'person', 'beat.', 'heart', 'range', 'indicate.', '—', 'shocking', 'claims', 'immortal', 'jellyfish', 'surface', 'internet.']",FAKE
F176,Miracle Drug Confirmed by Sources,"['serious', 'bill', 'wind', 'color', 'allow', 'someone', 'meet.', 'structure', 'hard', 'population', 'position', 'week', 'race.', 'agency', 'happen', 'commercial', 'assume', 'time.', '—', 'shocking', 'claims', 'miracle', 'drug', 'surface', 'internet.']",FAKE
R245,New Report on Technology Breakthrough,"['baby', 'try', 'clearly', 'use.', 'important', 'community', 'experience.', 'lose', 'mrs', 'red', 'blood', 'heart', 'character', 'people.', 'experts', 'discuss', 'ongoing', 'developments', 'technology', 'breakthrough.']",REAL
R104,New Report on Election,"['include', 'long', 'account', 'foot', 'notice.', 'voice', 'miss', 'sell', 'kitchen', 'behavior', 'forward.', 'soon', 'successful', 'note', 'sometimes', 'total', 'financial.', 'experts', 'discuss', 'ongoing', 'developments', 'election.']",REAL
F156,Flat Earth Confirmed by Sources,"['president', 'bad', 'decide', 'article.', 'majority', 'carry', 'probably', 'realize.', 'know', 'watch', 'almost', 'energy', 'music', 'beautiful', 'majority.', '—', 'shocking', 'claims', 'flat', 'earth', 'surface', 'internet.']",FAKE
R194,New Report on Election,"['happy', 'war', 'wish', 'wall', 'approach.', 'experts', 'discuss', 'ongoing', 'developments', 'election.']",REAL
R161,New Report on Technology Breakthrough,"['scientist', 'though', 'one', 'shoulder', 'leader', 'real.', 'player', 'especially', 'particularly', 'argue', 'baby', 'tough.', 'series', 'see', 'process.', 'experts', 'discuss', 'ongoing', 'developments', 'technology', 'breakthrough.']",REAL
F113,Immortal Jellyfish Confirmed by Sources,"['know', 'bad.', 'lawyer', 'discuss', 'though', 'poor.', '—', 'shocking', 'claims', 'immortal', 'jellyfish', 'surface', 'internet.']",FAKE
F150,Hoax Confirmed by Sources,"['green', 'note', 'decision', 'red', 'responsibility.', 'boy', 'size', 'want', 'seem', 'year', 'use', 'policy.', 'sit', 'eye', 'seek', 'figure', 'sense', 'hand.', '—', 'shocking', 'claims', 'hoax', 'surface', 'internet.']",FAKE
F047,Miracle Drug Confirmed by Sources,"['hard', 'among.', 'must', 'arrive', 'end', 'sit', 'collection.', 'people', 'fast', 'need', 'bad.', '—', 'shocking', 'claims', 'miracle', 'drug', 'surface', 'internet.']",FAKE
F008,Hoax Confirmed by Sources,"['phone', 'crime', 'card', 'move', 'woman', 'key', 'think', 'increase.', 'thing', 'good', 'cover', 'modern', 'business', 'class', 'final.', 'probably', 'yeah', 'return', 'data', 'customer', 'set', 'necessary.', '—', 'shocking', 'claims', 'hoax', 'surface', 'internet.']",FAKE
F229,Aliens Confirmed by Sources,"['police', 'difficult', 'tough', 'kind', 'easy', 'return.', 'lead', 'remember', 'realize', 'white.', '—', 'shocking', 'claims', 'aliens', 'surface', 'internet.']",FAKE
R001,New Report on Research,"['ready', 'realize', 'bag', 'wind', 'professor', 'by.', 'everybody', 'soldier', 'decade', 'hotel', 'involve', 'wonder', 'artist.', 'project', 'street', 'consumer', 'military', 'test', 'put', 'popular.', 'experts', 'discuss', 'ongoing', 'developments', 'research.']",REAL
R241,New Report on Public Health,"['purpose', 'assume', 'determine', 'language', 'election.', 'experts', 'discuss', 'ongoing', 'developments', 'public', 'health.']",REAL
R198,New Report on Climate Change,"['church', 'product', 'product.', 'experts', 'discuss', 'ongoing', 'developments', 'climate', 'change.']",REAL
R229,New Report on Research,"['throw', 'say', 'another', 'identify', 'thus', 'assume.', 'full', 'feeling', 'guess', 'total', 'instead', 'organization', 'perhaps', 'red.', 'billion', 'physical', 'population', 'consumer', 'way', 'notice', 'market', 'knowledge.', 'experts', 'discuss', 'ongoing', 'developments', 'research.']",REAL
R205,New Report on Public Health,"['pass', 'approach', 'hot', 'industry', 'before.', 'away', 'design', 'stuff', 'alone', 'building.', 'experts', 'discuss', 'ongoing', 'developments', 'public', 'health.']",REAL
F123,Celebrity Scandal Confirmed by Sources,"['red', 'leave', 'billion', 'simple', 'part', 'billion', 'idea.', '—', 'shocking', 'claims', 'celebrity', 'scandal', 'surface', 'internet.']",FAKE
F043,Celebrity Scandal Confirmed by Sources,"['theory', 'reflect', 'miss', 'mrs.', 'threat', 'tv', 'democrat', 'lay', 'structure', 'need.', '—', 'shocking', 'claims', 'celebrity', 'scandal', 'surface', 'internet.']",FAKE
F097,Celebrity Scandal Confirmed by Sources,"['science', 'sound', 'magazine', 'fish', 'rest.', 'provide', 'doctor', 'huge', 'note', 'land', 'home.', '—', 'shocking', 'claims', 'celebrity', 'scandal', 'surface', 'internet.']",FAKE
R014,New Report on Research,"['community', 'indeed', 'agency', 'least.', 'everybody', 'oil', 'purpose', 'oil', 'true', 'visit.', 'education', 'seek', 'activity', 'interest', 'full.', 'experts', 'discuss', 'ongoing', 'developments', 'research.']",REAL
F005,Flat Earth Confirmed by Sources,"['bed', 'culture', 'phone', 'continue', 'enough', 'member.', 'young', 'modern', 'manage', 'beat', 'market.', '—', 'shocking', 'claims', 'flat', 'earth', 'surface', 'internet.']",FAKE
R234,New Report on Research,"['send', 'example', 'sign', 'involve', 'behind', 'own.', 'claim', 'necessary', 'report', 'window', 'attention.', 'sing', 'tough', 'card', 'red', 'laugh', 'bed', 'rich.', 'experts', 'discuss', 'ongoing', 'developments', 'research.']",REAL
F143,Aliens Confirmed by Sources,"['upon', 'live', 'democratic', 'smile', 'peace.', 'population', 'analysis', 'provide.', '—', 'shocking', 'claims', 'aliens', 'surface', 'internet.']",FAKE
R073,New Report on Economic Growth,"['kind', 'cause', 'material', 'consumer', 'as.', 'evening', 'white', 'hit', 'quality', 'north.', 'experts', 'discuss', 'ongoing', 'developments', 'economic', 'growth.']",REAL
R239,New Report on Education,"['step', 'budget', 'turn', 'society', 'fact.', 'discuss', 'summer', 'discussion', 'goal', 'participant', 'line', 'short.', 'experts', 'discuss', 'ongoing', 'developments', 'education.']",REAL
F181,Aliens Confirmed by Sources,"['artist', 'task', 'control', 'fund', 'care', 'course.', 'management', 'safe', 'discuss', 'listen', 'fight', 'avoid', 'increase.', 'want', 'case', 'war.', '—', 'shocking', 'claims', 'aliens', 'surface', 'internet.']",FAKE
R138,New Report on Election,"['outside', 'happen', 'wall', 'trip.', 'experts', 'discuss', 'ongoing', 'developments', 'election.']",REAL
R172,New Report on Economic Growth,"['feeling', 'husband', 'score', 'even', 'see', 'wife', 'game.', 'political', 'animal', 'recognize', 'popular', 'material', 'surface', 'moment.', 'health', 'economy', 'become', 'tonight', 'mr', 'else', 'water.', 'much', 'research', 'like', 'baby', 'house', 'significant.', 'experts', 'discuss', 'ongoing', 'developments', 'economic', 'growth.']",REAL
R143,New Report on Policy,"['interesting', 'prepare', 'night', 'entire', 'close.', 'service', 'state', 'four', 'skin', 'us.', 'sister', 'management', 'card', 'case.', 'experts', 'discuss', 'ongoing', 'developments', 'policy.']",REAL
F166,Mind Control Confirmed by Sources,"['popular', 'difference', 'eat', 'their.', 'road', 'good', 'machine', 'example', 'mouth.', '—', 'shocking', 'claims', 'mind', 'control', 'surface', 'internet.']",FAKE
R003,New Report on Budget Report,"['within', 'improve', 'market', 'culture.', 'three', 'blood', 'billion', 'gun', 'item', 'east.', 'quickly', 'guess', 'spring', 'fine', 'site', 'officer', 'black.', 'experts', 'discuss', 'ongoing', 'developments', 'budget', 'report.']",REAL
R167,New Report on Climate Change,"['future', 'care', 'increase', 'respond', 'interview', 'hold.', 'letter', 'item', 'mrs', 'gas', 'shake.', 'experts', 'discuss', 'ongoing', 'developments', 'climate', 'change.']",REAL
R183,New Report on Climate Change,"['right', 'remember', 'relationship', 'year', 'executive.', 'million', 'mission', 'provide', 'possible.', 'writer', 'audience', 'professor.', 'experts', 'discuss', 'ongoing', 'developments', 'climate', 'change.']",REAL
R238,New Report on Technology Breakthrough,"['opportunity', 'others', 'fly', 'energy', 'food', 'either.', 'security', 'mother', 'interest', 'may', 'share', 'simply.', 'condition', 'collection', 'lead.', 'experts', 'discuss', 'ongoing', 'developments', 'technology', 'breakthrough.']",REAL
R041,New Report on Election,"['business', 'something', 'meeting', 'car', 'new', 'oil.', 'fish', 'indeed', 'identify', 'administration', 'use.', 'experts', 'discuss', 'ongoing', 'developments', 'election.']",REAL
F237,Government Cover-Up Confirmed by Sources,"['discuss', 'cut', 'paper', 'question', 'mrs.', 'peace', 'fish', 'sing', 'join', 'month', 'young.', '—', 'shocking', 'claims', 'government', 'cover-up', 'surface', 'internet.']",FAKE
R086,New Report on Research,"['find', 'general', 'build', 'admit', 'five.', 'reveal', 'painting', 'north', 'two.', 'official', 'growth', 'social', 'control', 'billion', 'wall.', 'experts', 'discuss', 'ongoing', 'developments', 'research.']",REAL
R240,New Report on Policy,"['environmental', 'hold', 'war', 'today', 'structure.', 'thank', 'ready', 'paper', 'court.', 'experts', 'discuss', 'ongoing', 'developments', 'policy.']",REAL
R133,New Report on Public Health,"['paper', 'technology', 'something', 'matter', 'source.', 'experts', 'discuss', 'ongoing', 'developments', 'public', 'health.']",REAL
F044,Hoax Confirmed by Sources,"['lawyer', 'ever', 'full', 'conference.', 'suggest', 'information', 'citizen', 'involve', 'rest', 'in.', '—', 'shocking', 'claims', 'hoax', 'surface', 'internet.']",FAKE
F125,Government Cover-Up Confirmed by Sources,"['operation', 'read', 'professional', 'ever', 'run', 'young', 'serve.', 'buy', 'number', 'court', 'teacher', 'run', 'really.', '—', 'shocking', 'claims', 'government', 'cover-up', 'surface', 'internet.']",FAKE
F165,Secret Cure Confirmed by Sources,"['character', 'site', 'mission', 'institution.', 'operation', 'tv', 'east', 'set', 'blue.', '—', 'shocking', 'claims', 'secret', 'cure', 'surface', 'internet.']",FAKE
F137,Flat Earth Confirmed by Sources,"['lose', 'miss', 'visit', 'eight', 'although.', 'several', 'wall', 'change', 'political', 'player', 'fund', 'increase', 'office.', '—', 'shocking', 'claims', 'flat', 'earth', 'surface', 'internet.']",FAKE
R088,New Report on Research,"['billion', 'director', 'action', 'identify', 'range', 'stage', 'ability.', 'break', 'return', 'one', 'how.', 'experts', 'discuss', 'ongoing', 'developments', 'research.']",REAL
R169,New Report on Technology Breakthrough,"['crime', 'raise', 'soon', 'investment.', 'suffer', 'financial', 'threat', 'vote', 'street.', 'experts', 'discuss', 'ongoing', 'developments', 'technology', 'breakthrough.']",REAL
R193,New Report on Technology Breakthrough,"['oil', 'part', 'little', 'house', 'keep.', 'film', 'reach', 'base', 'base', 'television', 'six.', 'whole', 'likely', 'dog', 'politics', 'near', 'billion.', 'dream', 'street', 'perform', 'attack.', 'experts', 'discuss', 'ongoing', 'developments', 'technology', 'breakthrough.']",REAL
F247,Mind Control Confirmed by Sources,"['set', 'send', 'tree', 'rule.', 'process', 'change', 'tree', 'answer', 'last.', 'born', 'anything', 'around', 'so.', '—', 'shocking', 'claims', 'mind', 'control', 'surface', 'internet.']",FAKE
R179,New Report on Technology Breakthrough,"['identify', 'well', 'hope', 'anything', 'number', 'only.', 'various', 'way', 'sister', 'call', 'sport.', 'create', 'want', 'feeling.', 'experts', 'discuss', 'ongoing', 'developments', 'technology', 'breakthrough.']",REAL
F138,Immortal Jellyfish Confirmed by Sources,"['perhaps', 'way', 'subject', 'tell.', 'according', 'relate', 'else', 'place', 'clear.', 'condition', 'talk', 'build', 'ground', 'carry', 'form', 'seat.', '—', 'shocking', 'claims', 'immortal', 'jellyfish', 'surface', 'internet.']",FAKE
R017,New Report on Policy,"['coach', 'short', 'quite', 'measure', 'suggest', 'service.', 'action', 'measure', 'discussion', 'despite.', 'experts', 'discuss', 'ongoing', 'developments', 'policy.']",REAL
F090,Mind Control Confirmed by Sources,"['hotel', 'night', 'rest', 'above.', 'even', 'painting', 'necessary', 'account', 'record.', 'summer', 'area', 'interview.', '—', 'shocking', 'claims', 'mind', 'control', 'surface', 'internet.']",FAKE
F222,Mind Control Confirmed by Sources,"['check', 'open', 'bill', 'send', 'tend', 'wonder.', 'structure', 'understand', 'theory', 'agency', 'help', 'anything.', '—', 'shocking', 'claims', 'mind', 'control', 'surface', 'internet.']",FAKE
R114,New Report on Climate Change,"['quickly', 'identify', 'commercial', 'finally.', 'approach', 'people', 'memory', 'better', 'range.', 'experts', 'discuss', 'ongoing', 'developments', 'climate', 'change.']",REAL
F235,Celebrity Scandal Confirmed by Sources,"['station', 'catch', 'into.', 'husband', 'position', 'charge', 'message.', '—', 'shocking', 'claims', 'celebrity', 'scandal', 'surface', 'internet.']",FAKE
F185,Hoax Confirmed by Sources,"['research', 'everybody', 'drive', 'quickly', 'leader', 'certainly.', 'outside', 'interview', 'join', 'together', 'stock', 'skill.', 'fear', 'view', 'above.', 'ever', 'yes', 'marriage', 'meet', 'actually', 'white', 'vote.', '—', 'shocking', 'claims', 'hoax', 'surface', 'internet.']",FAKE
F221,Flat Earth Confirmed by Sources,"['save', 'place', 'change', 'officer', 'second', 'opportunity', 'work.', 'many', 'according', 'most.', 'visit', 'minute', 'public', 'worry', 'friend', 'nation.', '—', 'shocking', 'claims', 'flat', 'earth', 'surface', 'internet.']",FAKE
F054,Secret Cure Confirmed by Sources,"['ready', 'reduce', 'administration', 'instead', 'continue.', 'reflect', 'whatever', 'leave.', '—', 'shocking', 'claims', 'secret', 'cure', 'surface', 'internet.']",FAKE
R000,New Report on Public Health,"['whose', 'television', 'upon', 'knowledge', 'program.', 'industry', 'quality', 'energy', 'safe', 'particular', 'try', 'between.', 'experts', 'discuss', 'ongoing', 'developments', 'public', 'health.']",REAL
R178,New Report on Budget Report,"['late', 'need', 'government', 'ten.', 'experts', 'discuss', 'ongoing', 'developments', 'budget', 'report.']",REAL
F006,Hoax Confirmed by Sources,"['challenge', 'brother', 'mouth', 'religious', 'rule.', 'little', 'understand', 'go', 'old', 'message.', 'network', 'american', 'six', 'fight', 'yeah', 'create.', 'keep', 'particularly', 'every', 'however', 'foreign.', '—', 'shocking', 'claims', 'hoax', 'surface', 'internet.']",FAKE
F174,Secret Cure Confirmed by Sources,"['pattern', 'director', 'fly', 'young', 'threat', 'apply.', 'end', 'time', 'everything.', '—', 'shocking', 'claims', 'secret', 'cure', 'surface', 'internet.']",FAKE
R009,New Report on Election,"['technology', 'serve', 'offer.', 'red', 'choice', 'whatever.', 'contain', 'watch', 'pick', 'agree', 'mother', 'design.', 'experts', 'discuss', 'ongoing', 'developments', 'election.']",REAL
R122,New Report on Economic Growth,"['learn', 'card', 'material', 'gun', 'within.', 'arrive', 'attack', 'image', 'test.', 'experts', 'discuss', 'ongoing', 'developments', 'economic', 'growth.']",REAL
F189,Immortal Jellyfish Confirmed by Sources,"['meet', 'table', 'even', 'part.', 'institution', 'ago', 'particular', 'sister', 'read', 'better', 'could.', '—', 'shocking', 'claims', 'immortal', 'jellyfish', 'surface', 'internet.']",FAKE
R146,New Report on Technology Breakthrough,"['still', 'cell', 'rate', 'certainly.', 'mean', 'international', 'action.', 'experts', 'discuss', 'ongoing', 'developments', 'technology', 'breakthrough.']",REAL
R022,New Report on Climate Change,"['senior', 'day', 'appear', 'what.', 'husband', 'see', 'movement', 'stuff', 'season', 'color.', 'experts', 'discuss', 'ongoing', 'developments', 'climate', 'change.']",REAL
F177,Aliens Confirmed by Sources,"['lead', 'culture', 'western', 'fast', 'everybody', 'move.', 'old', 'remember', 'place', 'song', 'may', 'position.', '—', 'shocking', 'claims', 'aliens', 'surface', 'internet.']",FAKE
F021,Secret Cure Confirmed by Sources,"['charge', 'send', 'majority', 'day', 'left.', 'simple', 'teach', 'not.', '—', 'shocking', 'claims', 'secret', 'cure', 'surface', 'internet.']",FAKE
R039,New Report on Economic Growth,"['rate', 'performance', 'official', 'role', 'issue', 'citizen', 'baby.', 'show', 'rock', 'produce', 'character', 'begin.', 'exactly', 'year', 'start', 'when.', 'experts', 'discuss', 'ongoing', 'developments', 'economic', 'growth.']",REAL
F061,Miracle Drug Confirmed by Sources,"['tv', 'nation', 'participant', 'become', 'door.', 'artist', 'drop', 'business', 'magazine', 'owner', 'item.', 'military', 'interview', 'dog', 'office', 'president', 'now.', 'go', 'evidence', 'church', 'development', 'information', 'population', 'the.', '—', 'shocking', 'claims', 'miracle', 'drug', 'surface', 'internet.']",FAKE
R057,New Report on Technology Breakthrough,"['indicate', 'hot', 'section', 'raise', 'north', 'throughout', 'return.', 'health', 'expect', 'fish', 'role', 'movement.', 'experts', 'discuss', 'ongoing', 'developments', 'technology', 'breakthrough.']",REAL
F154,Immortal Jellyfish Confirmed by Sources,"['animal', 'true', 'explain', 'drive', 'key', 'seat.', 'serious', 'meeting', 'good', 'eight', 'network', 'behavior', 'mr.', '—', 'shocking', 'claims', 'immortal', 'jellyfish', 'surface', 'internet.']",FAKE
F052,Mind Control Confirmed by Sources,"['start', 'service', 'plan', 'reflect', 'education.', 'fish', 'moment', 'market', 'fight', 'speak', 'rest', 'simple', 'teacher.', 'black', 'leg', 'sense', 'leader', 'another', 'century', 'determine', 'protect.', '—', 'shocking', 'claims', 'mind', 'control', 'surface', 'internet.']",FAKE
F124,Flat Earth Confirmed by Sources,"['sing', 'air', 'theory', 'model.', 'old', 'view', 'poor', 'four', 'shake.', 'series', 'tend', 'well', 'discuss', 'wife', 'team', 'opportunity.', '—', 'shocking', 'claims', 'flat', 'earth', 'surface', 'internet.']",FAKE
R071,New Report on Budget Report,"['site', 'far', 'ever', 'who.', 'trouble', 'guess', 'five', 'culture.', 'data', 'share', 'success', 'change', 'sure', 'finally.', 'experts', 'discuss', 'ongoing', 'developments', 'budget', 'report.']",REAL
R152,New Report on Budget Report,"['democratic', 'give', 'modern', 'home', 'half', 'change.', 'anyone', 'bring', 'force', 'phone', 'want', 'son', 'fall.', 'experts', 'discuss', 'ongoing', 'developments', 'budget', 'report.']",REAL
F038,Mind Control Confirmed by Sources,"['learn', 'successful', 'respond', 'wife', 'although', 'program', 'quite.', 'difficult', 'sure', 'it.', '—', 'shocking', 'claims', 'mind', 'control', 'surface', 'internet.']",FAKE
F101,Immortal Jellyfish Confirmed by Sources,"['kitchen', 'may', 'though', 'red', 'design', 'travel', 'because.', 'rate', 'focus', 'south', 'many', 'seek.', 'skin', 'factor', 'design.', '—', 'shocking', 'claims', 'immortal', 'jellyfish', 'surface', 'internet.']",FAKE
F203,Celebrity Scandal Confirmed by Sources,"['similar', 'throughout', 'minute.', 'speak', 'source', 'technology', 'house', 'boy', 'however.', '—', 'shocking', 'claims', 'celebrity', 'scandal', 'surface', 'internet.']",FAKE
F192,Government Cover-Up Confirmed by Sources,"['service', 'culture', 'born', 'police', 'site.', 'base', 'drive', 'democratic', 'head.', 'size', 'green', 'country', 'west', 'help', 'condition.', '—', 'shocking', 'claims', 'government', 'cover-up', 'surface', 'internet.']",FAKE
R189,New Report on Climate Change,"['pull', 'indeed', 'store', 'real.', 'draw', 'child', 'serious', 'everybody.', 'pm', 'join', 'carry', 'station', 'series', 'employee', 'show.', 'experts', 'discuss', 'ongoing', 'developments', 'climate', 'change.']",REAL
R098,New Report on Election,"['early', 'theory', 'ask', 'relationship', 'clearly.', 'center', 'campaign', 'true', 'fish', 'citizen', 'employee.', 'author', 'long', 'century', 'sound.', 'experts', 'discuss', 'ongoing', 'developments', 'election.']",REAL
R149,New Report on Economic Growth,"['receive', 'maintain', 'hot.', 'whatever', 'safe', 'bit.', 'experts', 'discuss', 'ongoing', 'developments', 'economic', 'growth.']",REAL
R046,New Report on Education,"['trouble', 'sort', 'discover', 'see', 'factor.', 'second', 'rather', 'analysis', 'glass', 'within', 'material.', 'perhaps', 'small', 'difficult', 'agree', 'follow', 'role', 'society', 'project.', 'experts', 'discuss', 'ongoing', 'developments', 'education.']",REAL
F055,Hoax Confirmed by Sources,"['worker', 'pretty', 'stop', 'order.', '—', 'shocking', 'claims', 'hoax', 'surface', 'internet.']",FAKE
F159,Flat Earth Confirmed by Sources,"['city', 'garden', 'explain', 'congress', 'hard.', 'really', 'group', 'less', 'peace.', 'smile', 'reason', 'type', 'focus', 'last', 'decade', 'research.', '—', 'shocking', 'claims', 'flat', 'earth', 'surface', 'internet.']",FAKE
F083,Secret Cure Confirmed by Sources,"['environmental', 'animal', 'film', 'state', 'artist', 'six.', '—', 'shocking', 'claims', 'secret', 'cure', 'surface', 'internet.']",FAKE
R109,New Report on Education,"['project', 'thought', 'laugh', 'building', 'once.', 'outside', 'name', 'tell', 'level.', 'lead', 'admit', 'possible', 'put', 'remember', 'run.', 'rock', 'opportunity', 'role', 'light', 'care', 'explain.', 'experts', 'discuss', 'ongoing', 'developments', 'education.']",REAL
R102,New Report on Climate Change,"['operation', 'low', 'reason', 'second', 'color.', 'weight', 'use', 'road', 'relate', 'whether', 'pass', 'bag.', 'meeting', 'necessary', 'model', 'challenge', 'quality.', 'experts', 'discuss', 'ongoing', 'developments', 'climate', 'change.']",REAL
R060,New Report on Election,"['environment', 'federal', 'onto', 'enjoy.', 'staff', 'form', 'evidence.', 'painting', 'successful', 'hit', 'night.', 'experts', 'discuss', 'ongoing', 'developments', 'election.']",REAL
F085,Secret Cure Confirmed by Sources,"['reach', 'since', 'mind', 'over.', 'social', 'movement', 'like', 'population', 'opportunity.', '—', 'shocking', 'claims', 'secret', 'cure', 'surface', 'internet.']",FAKE
F188,Hoax Confirmed by Sources,"['quickly', 'guess', 'far', 'reveal.', 'foreign', 'tell', 'republican', 'general', 'amount.', 'choose', 'training', 'year', 'population', 'music.', '—', 'shocking', 'claims', 'hoax', 'surface', 'internet.']",FAKE
F131,Hoax Confirmed by Sources,"['room', 'country', 'even', 'add.', 'north', 'open', 'budget', 'hospital', 'lead', 'structure', 'civil.', 'development', 'mrs', 'together', 'billion.', '—', 'shocking', 'claims', 'hoax', 'surface', 'internet.']",FAKE
R202,New Report on Public Health,"['support', 'fill', 'business', 'course', 'environmental', 'debate', 'project.', 'natural', 'trial', 'step', 'direction', 'actually', 'tonight', 'speech', 'draw.', 'experts', 'discuss', 'ongoing', 'developments', 'public', 'health.']",REAL
F111,Celebrity Scandal Confirmed by Sources,"['year', 'notice.', 'head', 'nature', 'really', 'natural', 'free.', '—', 'shocking', 'claims', 'celebrity', 'scandal', 'surface', 'internet.']",FAKE
R151,New Report on Policy,"['hotel', 'message', 'customer', 'finish', 'within', 'different', 'address.', 'event', 'sing', 'customer.', 'experts', 'discuss', 'ongoing', 'developments', 'policy.']",REAL
F058,Government Cover-Up Confirmed by Sources,"['bit', 'source', 'far', 'different.', 'fund', 'build', 'half', 'check', 'possible.', 'brother', 'remember', 'word', 'enjoy.', 'together', 'especially', 'newspaper', 'big', 'fight', 'american.', '—', 'shocking', 'claims', 'government', 'cover-up', 'surface', 'internet.']",FAKE
R164,New Report on Education,"['control', 'live', 'movie', 'old.', 'expect', 'detail', 'address', 'least', 'eye', 'standard.', 'experts', 'discuss', 'ongoing', 'developments', 'education.']",REAL
F242,Celebrity Scandal Confirmed by Sources,"['group', 'require', 'product', 'instead', 'institution.', 'success', 'notice', 'concern', 'factor', 'house.', '—', 'shocking', 'claims', 'celebrity', 'scandal', 'surface', 'internet.']",FAKE
F064,Mind Control Confirmed by Sources,"['large', 'western', 'discuss', 'people', 'challenge', 'economic.', 'tell', 'building', 'factor.', 'early', 'southern', 'exactly', 'hold', 'example', 'line.', '—', 'shocking', 'claims', 'mind', 'control', 'surface', 'internet.']",FAKE
R228,New Report on Education,"['save', 'customer', 'figure', 'heart.', 'operation', 'produce', 'own.', 'experts', 'discuss', 'ongoing', 'developments', 'education.']",REAL
R210,New Report on Economic Growth,"['institution', 'skin', 'realize.', 'medical', 'part', 'area.', 'around', 'face', 'increase', 'cup', 'us', 'probably.', 'experts', 'discuss', 'ongoing', 'developments', 'economic', 'growth.']",REAL
R156,New Report on Policy,"['southern', 'hear', 'anyone', 'program', 'talk.', 'throughout', 'pressure', 'compare', 'another', 'hope.', 'experts', 'discuss', 'ongoing', 'developments', 'policy.']",REAL
R192,New Report on Climate Change,"['effect', 'stock', 'college', 'station', 'foreign', 'federal', 'him.', 'around', 'special', 'skin', 'environment', 'police', 'break', 'friend', 'step.', 'air', 'want', 'need', 'house.', 'experts', 'discuss', 'ongoing', 'developments', 'climate', 'change.']",REAL
F102,Government Cover-Up Confirmed by Sources,"['yard', 'laugh', 'especially', 'begin', 'go', 'whole', 'sign', 'stand.', 'room', 'officer', 'bring', 'memory', 'area.', 'attorney', 'investment', 'five', 'ball.', '—', 'shocking', 'claims', 'government', 'cover-up', 'surface', 'internet.']",FAKE
R237,New Report on Election,"['tend', 'serve', 'single', 'big.', 'black', 'top', 'every', 'quality.', 'experts', 'discuss', 'ongoing', 'developments', 'election.']",REAL
F015,Immortal Jellyfish Confirmed by Sources,"['civil', 'baby', 'hospital', 'pretty', 'check', 'force.', '—', 'shocking', 'claims', 'immortal', 'jellyfish', 'surface', 'internet.']",FAKE
F020,Celebrity Scandal Confirmed by Sources,"['guess', 'around', 'mean', 'true', 'professor.', 'movement', 'scientist', 'before.', '—', 'shocking', 'claims', 'celebrity', 'scandal', 'surface', 'internet.']",FAKE
R083,New Report on Election,"['little', 'already', 'what.', 'camera', 'hospital', 'buy', 'job', 'window.', 'experts', 'discuss', 'ongoing', 'developments', 'election.']",REAL
F035,Hoax Confirmed by Sources,"['become', 'couple', 'site', 'fall', 'thus', 'society', 'case.', 'window', 'either', 'month', 'also', 'few.', 'campaign', 'every', 'size', 'institution.', '—', 'shocking', 'claims', 'hoax', 'surface', 'internet.']",FAKE
R082,New Report on Budget Report,"['soon', 'smile', 'security', 'bit', 'cell', 'everybody.', 'form', 'start', 'us', 'sense', 'enjoy', 'last', 'lead', 'a.', 'nature', 'resource', 'avoid', 'heavy', 'peace.', 'participant', 'section', 'wonder', 'city', 'perhaps', 'face', 'discover', 'pick.', 'experts', 'discuss', 'ongoing', 'developments', 'budget', 'report.']",REAL
F114,Mind Control Confirmed by Sources,"['black', 'federal', 'matter', 'involve', 'example.', 'become', 'yeah', 'cause', 'question.', '—', 'shocking', 'claims', 'mind', 'control', 'surface', 'internet.']",FAKE
F179,Secret Cure Confirmed by Sources,"['arm', 'enjoy', 'notice.', 'paper', 'clear', 'yeah', 'economy.', 'store', 'send', 'data', 'week', 'money', 'series.', '—', 'shocking', 'claims', 'secret', 'cure', 'surface', 'internet.']",FAKE
F026,Celebrity Scandal Confirmed by Sources,"['near', 'statement', 'order', 'even', 'clearly', 'feel', 'east.', 'air', 'believe', 'put', 'defense', 'student', 'assume', 'daughter.', 'program', 'assume', 'ready', 'argue', 'realize.', 'society', 'unit', 'billion', 'resource', 'top', 'around', 'happy.', '—', 'shocking', 'claims', 'celebrity', 'scandal', 'surface', 'internet.']",FAKE
R217,New Report on Election,"['building', 'become', 'model', 'parent', 'say', 'many.', 'wish', 'save', 'level', 'become.', 'experts', 'discuss', 'ongoing', 'developments', 'election.']",REAL
F009,Celebrity Scandal Confirmed by Sources,"['heart', 'former', 'player.', 'total', 'ask', 'cell', 'sense', 'attack', 'strategy.', 'simple', 'southern', 'size', 'article', 'recently', 'high.', '—', 'shocking', 'claims', 'celebrity', 'scandal', 'surface', 'internet.']",FAKE
F240,Aliens Confirmed by Sources,"['hundred', 'peace', 'soon', 'list', 'city.', 'land', 'third', 'thing', 'southern', 'view', 'read.', 'less', 'leader', 'experience', 'sure', 'song', 'safe.', '—', 'shocking', 'claims', 'aliens', 'surface', 'internet.']",FAKE
R216,New Report on Research,"['investment', 'claim', 'require', 'grow.', 'senior', 'sometimes', 'window', 'difference', 'scene.', 'experts', 'discuss', 'ongoing', 'developments', 'research.']",REAL
F129,Flat Earth Confirmed by Sources,"['less', 'less', 'rule', 'draw', 'article.', 'color', 'father', 'party', 'series', 'hour.', '—', 'shocking', 'claims', 'flat', 'earth', 'surface', 'internet.']",FAKE
R197,New Report on Education,"['best', 'lot', 'whole', 'next.', 'recently', 'goal', 'wonder', 'toward.', 'experts', 'discuss', 'ongoing', 'developments', 'education.']",REAL
F142,Government Cover-Up Confirmed by Sources,"['long', 'smile', 'woman', 'ball', 'black', 'realize.', 'sure', 'hold', 'heart', 'pressure', 'contain', 'mention.', 'science', 'drug', 'population', 'thank', 'small.', '—', 'shocking', 'claims', 'government', 'cover-up', 'surface', 'internet.']",FAKE
R140,New Report on Climate Change,"['fast', 'kitchen', 'popular', 'call', 'low', 'action.', 'use', 'race', 'yet.', 'similar', 'score', 'word', 'reach', 'sort', 'present', 'sea', 'without.', 'experts', 'discuss', 'ongoing', 'developments', 'climate', 'change.']",REAL
R165,New Report on Budget Report,"['officer', 'staff', 'to.', 'foreign', 'thank', 'same.', 'wide', 'modern', 'parent', 'most.', 'lot', 'future', 'experience.', 'experts', 'discuss', 'ongoing', 'developments', 'budget', 'report.']",REAL
R139,New Report on Education,"['forget', 'security', 'expect', 'join', 'ago', 'record.', 'send', 'job', 'prepare', 'always', 'economy', 'simple', 'upon.', 'physical', 'loss', 'treat', 'professional.', 'north', 'hour', 'series', 'response.', 'experts', 'discuss', 'ongoing', 'developments', 'education.']",REAL
F232,Hoax Confirmed by Sources,"['behind', 'new', 'already', 'five', 'war', 'manage.', 'toward', 'require', 'television', 'find', 'plant', 'everybody', 'people.', '—', 'shocking', 'claims', 'hoax', 'surface', 'internet.']",FAKE
F108,Celebrity Scandal Confirmed by Sources,"['door', 'court', 'house', 'animal', 'policy', 'event', 'perhaps.', 'summer', 'family', 'eye', 'those.', 'ten', 'difficult', 'cultural', 'believe', 'cover.', '—', 'shocking', 'claims', 'celebrity', 'scandal', 'surface', 'internet.']",FAKE
F167,Celebrity Scandal Confirmed by Sources,"['girl', 'republican', 'see', 'suggest', 'serious', 'late', 'safe.', 'type', 'question', 'wall.', '—', 'shocking', 'claims', 'celebrity', 'scandal', 'surface', 'internet.']",FAKE
R242,New Report on Research,"['education', 'sea', 'strong', 'put', 'enter', 'stand.', 'peace', 'child', 'stop', 'store', 'campaign', 'green.', 'experts', 'discuss', 'ongoing', 'developments', 'research.']",REAL
F133,Immortal Jellyfish Confirmed by Sources,"['head', 'though', 'hope', 'price', 'animal.', 'customer', 'science', 'audience', 'fire', 'our.', 'even', 'election', 'control', 'expect.', '—', 'shocking', 'claims', 'immortal', 'jellyfish', 'surface', 'internet.']",FAKE
F025,Flat Earth Confirmed by Sources,"['hope', 'pay', 'goal', 'line.', 'environmental', 'medical', 'election.', '—', 'shocking', 'claims', 'flat', 'earth', 'surface', 'internet.']",FAKE
F093,Immortal Jellyfish Confirmed by Sources,"['foreign', 'rule', 'human', 'according', 'hit', 'bit.', '—', 'shocking', 'claims', 'immortal', 'jellyfish', 'surface', 'internet.']",FAKE
F236,Government Cover-Up Confirmed by Sources,"['contain', 'mouth', 'free', 'change', 'car.', 'whole', 'wait', 'food', 'baby', 'during.', 'well', 'along', 'window', 'break', 'audience.', '—', 'shocking', 'claims', 'government', 'cover-up', 'surface', 'internet.']",FAKE
F069,Flat Earth Confirmed by Sources,"['figure', 'choice', 'anything', 'prepare', 'director.', 'worry', 'throughout', 'item', 'arrive', 'receive', 'cup', 'safe.', '—', 'shocking', 'claims', 'flat', 'earth', 'surface', 'internet.']",FAKE
F219,Flat Earth Confirmed by Sources,"['rate', 'less', 'rich', 'near.', 'item', 'training', 'make', 'especially', 'road', 'machine', 'man.', 'since', 'mr', 'edge', 'participant', 'course', 'magazine', 'sense', 'way.', '—', 'shocking', 'claims', 'flat', 'earth', 'surface', 'internet.']",FAKE
R079,New Report on Election,"['product', 'suffer', 'born.', 'car', 'establish', 'news', 'fine', 'sound.', 'head', 'buy.', 'experts', 'discuss', 'ongoing', 'developments', 'election.']",REAL
F042,Hoax Confirmed by Sources,"['standard', 'store', 'though', 'offer', 'research', 'system', 'bag.', 'town', 'gas', 'fire', 'game', 'tree', 'hand.', 'goal', 'medical', 'magazine', 'but.', '—', 'shocking', 'claims', 'hoax', 'surface', 'internet.']",FAKE
R154,New Report on Budget Report,"['assume', 'maybe', 'rule', 'tend', 'in.', 'speak', 'executive', 'business', 'actually.', 'color', 'result', 'campaign', 'example', 'whatever.', 'experts', 'discuss', 'ongoing', 'developments', 'budget', 'report.']",REAL
R089,New Report on Public Health,"['girl', 'certain', 'adult.', 'law', 'thousand', 'experience', 'role', 'appear.', 'newspaper', 'family', 'range', 'crime', 'loss', 'baby.', 'experts', 'discuss', 'ongoing', 'developments', 'public', 'health.']",REAL
R038,New Report on Public Health,"['actually', 'truth', 'lead', 'toward.', 'order', 'local', 'during.', 'music', 'rock', 'dream', 'candidate', 'resource', 'send', 'television.', 'experts', 'discuss', 'ongoing', 'developments', 'public', 'health.']",REAL
R053,New Report on Economic Growth,"['newspaper', 'foreign', 'live', 'skill.', 'experts', 'discuss', 'ongoing', 'developments', 'economic', 'growth.']",REAL
F201,Hoax Confirmed by Sources,"['training', 'catch', 'cut', 'color', 'avoid', 'group.', 'brother', 'within', 'southern', 'relationship', 'teach', 'crime.', '—', 'shocking', 'claims', 'hoax', 'surface', 'internet.']",FAKE
F013,Secret Cure Confirmed by Sources,"['soldier', 'billion', 'long', 'life.', 'specific', 'article', 'program', 'view.', 'production', 'book', 'worry', 'course', 'woman.', '—', 'shocking', 'claims', 'secret', 'cure', 'surface', 'internet.']",FAKE
R023,New Report on Policy,"['economy', 'cost', 'agent', 'eye.', 'cultural', 'room', 'never', 'strong', 'order', 'particular.', 'stage', 'subject', 'offer', 'place', 'history.', 'experts', 'discuss', 'ongoing', 'developments', 'policy.']",REAL
R068,New Report on Technology Breakthrough,"['seem', 'player', 'meeting', 'if.', 'major', 'senior', 'adult', 'program', 'that.', 'experts', 'discuss', 'ongoing', 'developments', 'technology', 'breakthrough.']",REAL
F065,Hoax Confirmed by Sources,"['reason', 'newspaper', 'history', 'position', 'break', 'simply', 'always.', 'four', 'series', 'upon', 'security', 'example', 'clear', 'why.', 'local', 'security', 'food', 'try', 'record', 'whom.', '—', 'shocking', 'claims', 'hoax', 'surface', 'internet.']",FAKE
F239,Celebrity Scandal Confirmed by Sources,"['card', 'next', 'power', 'beat', 'college', 'international', 'save', 'west.', 'baby', 'kid.', 'bag', 'hold', 'range', 'work', 'yourself.', '—', 'shocking', 'claims', 'celebrity', 'scandal', 'surface', 'internet.']",FAKE
F084,Miracle Drug Confirmed by Sources,"['dream', 'also', 'catch', 'recent', 'later', 'eight.', 'listen', 'power', 'challenge.', 'attention', 'improve', 'worry', 'right', 'rise', 'area', 'price.', '—', 'shocking', 'claims', 'miracle', 'drug', 'surface', 'internet.']",FAKE
R120,New Report on Election,"['discussion', 'player', 'thousand', 'nearly', 'born', 'material.', 'none', 'car', 'table', 'item', 'different.', 'environmental', 'low', 'study', 'least', 'black', 'foreign.', 'experts', 'discuss', 'ongoing', 'developments', 'election.']",REAL
F207,Government Cover-Up Confirmed by Sources,"['economic', 'many', 'week', 'physical', 'human', 'market.', 'exist', 'risk', 'four', 'claim', 'public', 'meeting', 'card.', '—', 'shocking', 'claims', 'government', 'cover-up', 'surface', 'internet.']",FAKE
R158,New Report on Economic Growth,"['become', 'pick', 'plant', 'fast', 'wife.', 'country', 'war', 'knowledge', 'role', 'drop', 'blue.', 'challenge', 'image', 'crime', 'sister', 'manage', 'toward.', 'experts', 'discuss', 'ongoing', 'developments', 'economic', 'growth.']",REAL
R097,New Report on Technology Breakthrough,"['finally', 'owner', 'hour', 'step', 'consider', 'wait.', 'soon', 'item', 'threat', 'force.', 'experts', 'discuss', 'ongoing', 'developments', 'technology', 'breakthrough.']",REAL
R092,New Report on Technology Breakthrough,"['image', 'heavy.', 'experts', 'discuss', 'ongoing', 'developments', 'technology', 'breakthrough.']",REAL
F172,Hoax Confirmed by Sources,"['never', 'specific', 'win', 'economy', 'group', 'decade.', 'first', 'reveal', 'parent', 'provide', 'affect.', 'ten', 'enough', 'hotel', 'law', 'south', 'establish.', '—', 'shocking', 'claims', 'hoax', 'surface', 'internet.']",FAKE
R182,New Report on Economic Growth,"['level', 'enter', 'wrong', 'simply', 'free', 'however.', 'experts', 'discuss', 'ongoing', 'developments', 'economic', 'growth.']",REAL
F014,Secret Cure Confirmed by Sources,"['one', 'month', 'receive', 'chance', 'benefit', 'break', 'author.', 'computer', 'space', 'night', 'bag', 'property', 'soon.', 'consider', 'stage', 'fly', 'green', 'finally', 'partner.', '—', 'shocking', 'claims', 'secret', 'cure', 'surface', 'internet.']",FAKE
R230,New Report on Election,"['whole', 'possible', 'occur', 'religious', 'suddenly.', 'industry', 'way', 'forget.', 'seek', 'alone', 'car', 'arrive', 'certainly.', 'economic', 'matter', 'wrong', 'voice.', 'experts', 'discuss', 'ongoing', 'developments', 'election.']",REAL
F223,Government Cover-Up Confirmed by Sources,"['third', 'nothing', 'continue', 'college', 'factor', 'everything.', 'note', 'eat', 'nature', 'old', 'concern', 'coach', 'check.', 'exist', 'rise', 'indicate.', '—', 'shocking', 'claims', 'government', 'cover-up', 'surface', 'internet.']",FAKE
R221,New Report on Policy,"['serious', 'response', 'product.', 'none', 'else', 'call', 'economy', 'interest', 'must', 'court', 'rate.', 'tough', 'whole', 'make', 'nothing', 'employee', 'run', 'attorney.', 'experts', 'discuss', 'ongoing', 'developments', 'policy.']",REAL
R173,New Report on Climate Change,"['knowledge', 'firm', 'eight', 'campaign', 'probably', 'improve', 'product.', 'identify', 'per', 'night', 'soon.', 'television', 'fear', 'bar', 'seem', 'win', 'wall', 'street.', 'experts', 'discuss', 'ongoing', 'developments', 'climate', 'change.']",REAL
F249,Immortal Jellyfish Confirmed by Sources,"['responsibility', 'thus', 'another', 'treat', 'perform.', 'reality', 'officer', 'surface', 'parent.', '—', 'shocking', 'claims', 'immortal', 'jellyfish', 'surface', 'internet.']",FAKE
F112,Government Cover-Up Confirmed by Sources,"['present', 'necessary', 'federal', 'everyone', 'kitchen.', 'place', 'expert', 'born', 'quality', 'miss', 'boy.', '—', 'shocking', 'claims', 'government', 'cover-up', 'surface', 'internet.']",FAKE
R058,New Report on Budget Report,"['training', 'season', 'couple', 'focus', 'my.', 'major', 'paper', 'nice', 'thus', 'might', 'interview.', 'offer', 'indicate', 'us', 'kind', 'region', 'war', 'top.', 'experts', 'discuss', 'ongoing', 'developments', 'budget', 'report.']",REAL
R159,New Report on Economic Growth,"['sign', 'religious', 'prepare', 'challenge', 'shoulder', 'third.', 'medical', 'hear', 'world', 'term', 'raise.', 'modern', 'go', 'cold', 'today', 'job', 'hour', 'themselves.', 'experts', 'discuss', 'ongoing', 'developments', 'economic', 'growth.']",REAL
R029,New Report on Economic Growth,"['difference', 'adult', 'process', 'price', 'top.', 'realize', 'national', 'usually', 'continue', 'everything.', 'experts', 'discuss', 'ongoing', 'developments', 'economic', 'growth.']",REAL
R126,New Report on Research,"['air', 'data', 'fill', 'bank.', 'everybody', 'region', 'improve', 'finish', 'reason', 'factor.', 'anything', 'entire', 'southern', 'evening', 'sense', 'necessary.', 'experts', 'discuss', 'ongoing', 'developments', 'research.']",REAL
R132,New Report on Education,"['whole', 'high.', 'experts', 'discuss', 'ongoing', 'developments', 'education.']",REAL
R025,New Report on Election,"['spend', 'music', 'establish.', 'throughout', 'development', 'detail', 'agency', 'true.', 'experts', 'discuss', 'ongoing', 'developments', 'election.']",REAL
F214,Secret Cure Confirmed by Sources,"['wife', 'knowledge', 'budget', 'mind', 'inside', 'light.', 'along', 'method', 'right', 'admit.', 'word', 'maintain', 'require', 'evening', 'quality', 'purpose', 'station.', '—', 'shocking', 'claims', 'secret', 'cure', 'surface', 'internet.']",FAKE
R177,New Report on Policy,"['thing', 'available', 'guess', 'page', 'truth.', 'place', 'improve', 'call', 'car.', 'professor', 'finish', 'foot', 'serve', 'south', 'leave.', 'experts', 'discuss', 'ongoing', 'developments', 'policy.']",REAL
R196,New Report on Budget Report,"['practice', 'right', 'story', 'someone', 'work', 'reality', 'any.', 'experts', 'discuss', 'ongoing', 'developments', 'budget', 'report.']",REAL
R135,New Report on Budget Report,"['land', 'heavy', 'last', 'age.', 'person', 'one', 'member', 'education', 'whatever', 'food', 'popular', 'store.', 'cut', 'end', 'day.', 'experts', 'discuss', 'ongoing', 'developments', 'budget', 'report.']",REAL
F152,Government Cover-Up Confirmed by Sources,"['couple', 'rock', 'might', 'market', 'skill.', 'politics', 'property', 'lead', 'accept.', '—', 'shocking', 'claims', 'government', 'cover-up', 'surface', 'internet.']",FAKE
F180,Secret Cure Confirmed by Sources,"['condition', 'shake', 'consumer.', 'best', 'issue', 'concern.', 'tax', 'gun', 'painting', 'network', 'cell', 'point', 'seek', 'class.', '—', 'shocking', 'claims', 'secret', 'cure', 'surface', 'internet.']",FAKE
F003,Secret Cure Confirmed by Sources,"['development', 'contain', 'tough', 'health', 'image.', 'computer', 'goal', 'one', 'enjoy', 'either.', 'say', 'like', 'real', 'quite.', '—', 'shocking', 'claims', 'secret', 'cure', 'surface', 'internet.']",FAKE
F244,Celebrity Scandal Confirmed by Sources,"['choose', 'computer', 'left', 'music', 'idea.', 'partner', 'side', 'cup', 'adult', 'enjoy', 'camera.', 'environment', 'difference', 'front', 'top.', '—', 'shocking', 'claims', 'celebrity', 'scandal', 'surface', 'internet.']",FAKE
F194,Immortal Jellyfish Confirmed by Sources,"['home', 'imagine', 'worry', 'station.', 'wonder', 'far', 'indeed', 'challenge.', '—', 'shocking', 'claims', 'immortal', 'jellyfish', 'surface', 'internet.']",FAKE
R044,New Report on Policy,"['peace', 'industry', 'skin.', 'film', 'player', 'method', 'often.', 'behavior', 'structure', 'court.', 'experts', 'discuss', 'ongoing', 'developments', 'policy.']",REAL
R141,New Report on Economic Growth,"['easy', 'authority', 'consider', 'message', 'child.', 'couple', 'hour', 'budget', 'trial', 'away.', 'experts', 'discuss', 'ongoing', 'developments', 'economic', 'growth.']",REAL
R188,New Report on Climate Change,"['western', 'southern', 'hundred', 'discussion.', 'worker', 'visit', 'two', 'ball.', 'experts', 'discuss', 'ongoing', 'developments', 'climate', 'change.']",REAL
F010,Aliens Confirmed by Sources,"['management', 'establish', 'play', 'family', 'about.', 'wall', 'response', 'maybe.', 'natural', 'treatment', 'behavior', 'among', 'foreign', 'those.', '—', 'shocking', 'claims', 'aliens', 'surface', 'internet.']",FAKE
R106,New Report on Economic Growth,"['culture', 'simple', 'majority', 'agreement', 'continue', 'edge', 'month.', 'create', 'list', 'financial', 'possible', 'writer.', 'experts', 'discuss', 'ongoing', 'developments', 'economic', 'growth.']",REAL
R049,New Report on Research,"['protect', 'skill', 'something', 'federal', 'road', 'of.', 'hair', 'star', 'involve', 'run.', 'trade', 'heavy', 'course', 'experience', 'admit', 'full', 'whose', 'best.', 'experts', 'discuss', 'ongoing', 'developments', 'research.']",REAL
R144,New Report on Budget Report,"['home', 'important', 'probably', 'environmental', 'like.', 'kid', 'anything', 'take', 'east', 'significant', 'three.', 'experts', 'discuss', 'ongoing', 'developments', 'budget', 'report.']",REAL
F199,Celebrity Scandal Confirmed by Sources,"['base', 'reach', 'sound', 'visit.', 'authority', 'water', 'base', 'sense', 'measure.', '—', 'shocking', 'claims', 'celebrity', 'scandal', 'surface', 'internet.']",FAKE
F215,Secret Cure Confirmed by Sources,"['eye', 'forward', 'boy', 'garden', 'fire', 'million.', 'arrive', 'three', 'box', 'stage', 'child.', '—', 'shocking', 'claims', 'secret', 'cure', 'surface', 'internet.']",FAKE
R176,New Report on Economic Growth,"['consumer', 'window', 'agree.', 'color', 'somebody', 'station', 'piece', 'program', 'person.', 'experts', 'discuss', 'ongoing', 'developments', 'economic', 'growth.']",REAL
F105,Hoax Confirmed by Sources,"['option', 'organization', 'value', 'oil', 'western', 'brother.', 'everybody', 'carry', 'republican', 'low', 'happy', 'miss', 'gas.', '—', 'shocking', 'claims', 'hoax', 'surface', 'internet.']",FAKE
F031,Miracle Drug Confirmed by Sources,"['although', 'parent', 'first', 'company', 'worker', 'yeah.', 'trial', 'onto', 'inside', 'act', 'care.', '—', 'shocking', 'claims', 'miracle', 'drug', 'surface', 'internet.']",FAKE
R206,New Report on Research,"['board', 'write', 'those.', 'experts', 'discuss', 'ongoing', 'developments', 'research.']",REAL
F238,Secret Cure Confirmed by Sources,"['draw', 'exist', 'dinner', 'show', 'community.', 'phone', 'best', 'water', 'pressure', 'agree', 'experience', 'board.', '—', 'shocking', 'claims', 'secret', 'cure', 'surface', 'internet.']",FAKE
R027,New Report on Climate Change,"['artist', 'future', 'account', 'factor', 'along', 'reveal.', 'bag', 'teacher', 'candidate', 'purpose.', 'experts', 'discuss', 'ongoing', 'developments', 'climate', 'change.']",REAL
F169,Government Cover-Up Confirmed by Sources,"['police', 'home', 'degree', 'station', 'goal', 'turn.', 'official', 'around', 'president', 'note', 'place', 'risk', 'get', 'cut.', '—', 'shocking', 'claims', 'government', 'cover-up', 'surface', 'internet.']",FAKE
F208,Aliens Confirmed by Sources,"['determine', 'perform', 'ever', 'item', 'media', 'security.', 'message', 'product', 'natural', 'answer', 'might', 'popular.', 'end', 'check', 'number', 'fire.', 'television', 'seek', 'only.', '—', 'shocking', 'claims', 'aliens', 'surface', 'internet.']",FAKE
F212,Miracle Drug Confirmed by Sources,"['focus', 'hot', 'dinner', 'claim', 'create', 'talk.', 'feel', 'mention', 'people', 'large', 'write', 'part.', 'top', 'author', 'major', 'mind', 'police.', '—', 'shocking', 'claims', 'miracle', 'drug', 'surface', 'internet.']",FAKE
F032,Hoax Confirmed by Sources,"['add', 'form', 'difficult', 'alone', 'travel', 'name', 'modern.', 'leave', 'individual', 'relate', 'show.', '—', 'shocking', 'claims', 'hoax', 'surface', 'internet.']",FAKE
F109,Hoax Confirmed by Sources,"['lot', 'discover', 'understand', 'claim', 'modern', 'line', 'add', 'plant.', 'mrs', 'high', 'smile', 'leg', 'occur', 'color', 'recognize.', '—', 'shocking', 'claims', 'hoax', 'surface', 'internet.']",FAKE
R111,New Report on Policy,"['writer', 'activity', 'something', 'various.', 'weight', 'car', 'memory', 'still', 'alone', 'tax.', 'including', 'past', 'box', 'course', 'so.', 'experts', 'discuss', 'ongoing', 'developments', 'policy.']",REAL
F078,Aliens Confirmed by Sources,"['inside', 'model', 'say.', '—', 'shocking', 'claims', 'aliens', 'surface', 'internet.']",FAKE
R105,New Report on Budget Report,"['pretty', 'address', 'television', 'adult.', 'design', 'carry', 'involve.', 'share', 'institution', 'moment', 'especially', 'region.', 'experts', 'discuss', 'ongoing', 'developments', 'budget', 'report.']",REAL
F196,Government Cover-Up Confirmed by Sources,"['set', 'include', 'want', 'find', 'discuss', 'ok', 'where.', 'somebody', 'experience', 'grow', 'share', 'answer', 'follow', 'just.', '—', 'shocking', 'claims', 'government', 'cover-up', 'surface', 'internet.']",FAKE
F118,Immortal Jellyfish Confirmed by Sources,"['quite', 'still', 'manager', 'clearly.', 'look', 'growth', 'tree', 'upon', 'me.', 'whatever', 'almost', 'paper', 'write', 'travel', 'high', 'guy.', '—', 'shocking', 'claims', 'immortal', 'jellyfish', 'surface', 'internet.']",FAKE
F077,Secret Cure Confirmed by Sources,"['entire', 'teach', 'wind', 'environmental', 'player', 'during.', 'reflect', 'doctor', 'treat', 'front', 'future.', 'quite', 'theory', 'century.', '—', 'shocking', 'claims', 'secret', 'cure', 'surface', 'internet.']",FAKE
F070,Government Cover-Up Confirmed by Sources,"['sort', 'loss', 'range', 'car', 'spend', 'top.', '—', 'shocking', 'claims', 'government', 'cover-up', 'surface', 'internet.']",FAKE
F041,Immortal Jellyfish Confirmed by Sources,"['job', 'friend', 'ago', 'hear.', 'science', 'cover', 'fear.', 'another', 'series', 'couple', 'chair', 'city', 'station.', '—', 'shocking', 'claims', 'immortal', 'jellyfish', 'surface', 'internet.']",FAKE
R026,New Report on Policy,"['part', 'rock', 'remain', 'figure', 'yard', 'participant.', 'bag', 'growth', 'machine', 'mouth', 'marriage.', 'power', 'world.', 'unit', 'government', 'day', 'wind', 'office.', 'experts', 'discuss', 'ongoing', 'developments', 'policy.']",REAL
R207,New Report on Policy,"['industry', 'minute', 'sure', 'seat', 'imagine', 'per', 'contain.', 'run', 'senior', 'two.', 'experts', 'discuss', 'ongoing', 'developments', 'policy.']",REAL
F163,Secret Cure Confirmed by Sources,"['standard', 'marriage', 'media', 'word.', 'discussion', 'word', 'defense', 'suggest', 'truth', 'give.', '—', 'shocking', 'claims', 'secret', 'cure', 'surface', 'internet.']",FAKE
F171,Government Cover-Up Confirmed by Sources,"['away', 'buy', 'use', 'impact', 'keep', 'increase', 'money.', 'television', 'money', 'another', 'far', 'per.', '—', 'shocking', 'claims', 'government', 'cover-up', 'surface', 'internet.']",FAKE
F139,Immortal Jellyfish Confirmed by Sources,"['tree', 'role', 'field', 'professor', 'great', 'situation', 'create.', '—', 'shocking', 'claims', 'immortal', 'jellyfish', 'surface', 'internet.']",FAKE
F120,Miracle Drug Confirmed by Sources,"['open', 'already', 'long', 'forget', 'bring', 'worry', 'success.', 'central', 'threat', 'probably', 'probably', 'anything', 'car.', 'commercial', 'program', 'item', 'fish', 'around', 'down.', '—', 'shocking', 'claims', 'miracle', 'drug', 'surface', 'internet.']",FAKE
F146,Mind Control Confirmed by Sources,"['blood', 'fear', 'simple', 'conference.', 'past', 'surface', 'sister', 'claim.', 'drive', 'door', 'film.', '—', 'shocking', 'claims', 'mind', 'control', 'surface', 'internet.']",FAKE
R115,New Report on Research,"['force', 'find', 'land', 'thought', 'big.', 'approach', 'lead', 'dog', 'everybody.', 'experts', 'discuss', 'ongoing', 'developments', 'research.']",REAL
F039,Aliens Confirmed by Sources,"['race', 'project', 'treatment', 'forward', 'general', 'economy', 'bad.', '—', 'shocking', 'claims', 'aliens', 'surface', 'internet.']",FAKE
F225,Hoax Confirmed by Sources,"['ok', 'believe', 'develop', 'author', 'five', 'number', 'fear', 'serious.', 'lay', 'direction', 'far', 'might', 'new.', 'idea', 'money', 'image', 'material.', '—', 'shocking', 'claims', 'hoax', 'surface', 'internet.']",FAKE
F140,Aliens Confirmed by Sources,"['call', 'still', 'let', 'onto', 'always.', 'arrive', 'friend', 'second', 'bad', 'set', 'level', 'article.', '—', 'shocking', 'claims', 'aliens', 'surface', 'internet.']",FAKE
F122,Mind Control Confirmed by Sources,"['pattern', 'morning', 'agency', 'media', 'teacher', 'structure', 'create.', '—', 'shocking', 'claims', 'mind', 'control', 'surface', 'internet.']",FAKE
R070,New Report on Budget Report,"['ago', 'sign', 'around', 'point.', 'yes', 'else', 'other.', 'experts', 'discuss', 'ongoing', 'developments', 'budget', 'report.']",REAL
F248,Celebrity Scandal Confirmed by Sources,"['factor', 'wide', 'sound.', 'beyond', 'yard', 'information.', '—', 'shocking', 'claims', 'celebrity', 'scandal', 'surface', 'internet.']",FAKE
R016,New Report on Technology Breakthrough,"['behavior', 'prevent', 'area', 'low.', 'cover', 'wonder', 'huge', 'share', 'leader', 'board', 'member.', 'issue', 'cell', 'strategy', 'kid.', 'experts', 'discuss', 'ongoing', 'developments', 'technology', 'breakthrough.']",REAL
R148,New Report on Technology Breakthrough,"['senior', 'matter', 'answer', 'far', 'night.', 'trade', 'cup', 'skill', 'art', 'create', 'lose', 'ability', 'party.', 'skin', 'four', 'occur', 'design', 'memory', 'drug.', 'experts', 'discuss', 'ongoing', 'developments', 'technology', 'breakthrough.']",REAL
R142,New Report on Budget Report,"['mother', 'push', 'court', 'else', 'establish.', 'box', 'chair', 'toward', 'way', 'thank', 'factor', 'computer.', 'claim', 'professor', 'responsibility', 'wind', 'international.', 'experts', 'discuss', 'ongoing', 'developments', 'budget', 'report.']",REAL
F141,Miracle Drug Confirmed by Sources,"['determine', 'outside', 'rest', 'institution.', 'necessary', 'store', 'whole', 'rest', 'visit', 'fund', 'build.', 'hard', 'energy', 'add', 'life', 'thousand.', '—', 'shocking', 'claims', 'miracle', 'drug', 'surface', 'internet.']",FAKE
R076,New Report on Technology Breakthrough,"['much', 'yard', 'decide', 'class', 'fear', 'item', 'doctor.', 'form', 'old', 'strong', 'keep.', 'experts', 'discuss', 'ongoing', 'developments', 'technology', 'breakthrough.']",REAL
R180,New Report on Budget Report,"['action', 'see', 'sister', 'none', 'order', 'voice.', 'bill', 'rock', 'surface', 'write', 'amount', 'happy', 'reason.', 'present', 'next', 'near', 'whatever', 'major.', 'experts', 'discuss', 'ongoing', 'developments', 'budget', 'report.']",REAL
F126,Aliens Confirmed by Sources,"['student', 'run', 'rather', 'food.', 'ever', 'worry', 'evening', 'cultural.', '—', 'shocking', 'claims', 'aliens', 'surface', 'internet.']",FAKE
R134,New Report on Economic Growth,"['speech', 'one', 'central', 'cell', 'almost', 'left', 'college.', 'writer', 'yes', 'dinner', 'difficult', 'discussion', 'benefit.', 'experts', 'discuss', 'ongoing', 'developments', 'economic', 'growth.']",REAL
F132,Mind Control Confirmed by Sources,"['sign', 'system', 'tv', 'heavy', 'fund', 'mission.', 'hair', 'security', 'american', 'inside', 'note', 'like', 'necessary.', '—', 'shocking', 'claims', 'mind', 'control', 'surface', 'internet.']",FAKE
F230,Immortal Jellyfish Confirmed by Sources,"['feeling', 'support', 'situation.', 'anyone', 'remember', 'sign', 'contain', 'chance', 'play.', '—', 'shocking', 'claims', 'immortal', 'jellyfish', 'surface', 'internet.']",FAKE
F243,Aliens Confirmed by Sources,"['join', 'field', 'free', 'matter', 'although.', 'child', 'worry', 'amount', 'growth.', 'us', 'explain', 'commercial', 'impact.', '—', 'shocking', 'claims', 'aliens', 'surface', 'internet.']",FAKE
R191,New Report on Budget Report,"['natural', 'really', 'hope', 'outside', 'blood.', 'child', 'finally', 'night', 'court', 'discussion', 'body.', 'take', 'across.', 'experts', 'discuss', 'ongoing', 'developments', 'budget', 'report.']",REAL
R130,New Report on Public Health,"['approach', 'reach', 'sport', 'yard', 'reach', 'choice', 'tonight.', 'enjoy', 'wide', 'sometimes', 'example', 'field.', 'experts', 'discuss', 'ongoing', 'developments', 'public', 'health.']",REAL
F081,Mind Control Confirmed by Sources,"['various', 'radio', 'less', 'plan', 'person', 'decision', 'hair.', 'court', 'read', 'they.', 'weight', 'chair', 'television', 'particularly', 'unit', 'among.', '—', 'shocking', 'claims', 'mind', 'control', 'surface', 'internet.']",FAKE
R209,New Report on Technology Breakthrough,"['drug', 'around', 'teacher', 'moment.', 'experts', 'discuss', 'ongoing', 'developments', 'technology', 'breakthrough.']",REAL
F228,Hoax Confirmed by Sources,"['town', 'newspaper', 'training', 'sign', 'speech.', 'forget', 'quite', 'various', 'story', 'blood', 'difference.', 'drop', 'idea', 'administration', 'name', 'major', 'kid.', '—', 'shocking', 'claims', 'hoax', 'surface', 'internet.']",FAKE
R030,New Report on Budget Report,"['relate', 'way', 'away', 'could.', 'risk', 'pattern', 'rate', 'have.', 'place', 'political', 'able', 'leave', 'research.', 'experts', 'discuss', 'ongoing', 'developments', 'budget', 'report.']",REAL
R214,New Report on Education,"['important', 'system.', 'girl', 'land', 'get', 'walk', 'mind', 'million.', 'friend', 'various', 'marriage', 'region', 'help.', 'eat', 'article', 'pick', 'cover.', 'experts', 'discuss', 'ongoing', 'developments', 'education.']",REAL
R175,New Report on Economic Growth,"['accept', 'value', 'decide.', 'deep', 'participant', 'race', 'table', 'case', 'behavior.', 'experts', 'discuss', 'ongoing', 'developments', 'economic', 'growth.']",REAL
